{
    "question": "Apresenta-se, a seguir, um artigo de opinião, seguido da \nresposta de uma leitora. \n \nIS BURNOUT REAL? \n \nLast  week,  the  World  Health  Organization  upgraded \nburnout  from  a  “state”  of  exhaustion  to  “a  syndrome” \nresulting from “chronic workplace stress” in its International \nDisease Classification. That is such a broad definition that it \ncould  well  apply  to  most  people  at  some  point  in  their \nworking lives. When a disorder is reportedly so widespread, \nit makes me wonder whether we are at risk of medicalizing \neveryday distress. If almost everyone suffers from burnout, \nthen no one does, and the concept loses all credibility. \nBy Richard A. Friedman \n \nI'm  sure  the  author's  generation  also  experienced \nworkplace  stress.  However,  his  generation  also \nexperienced  real  economic  stability  and  socioeconomic \ngains. There was a light at the end of the tunnel. Currently, \nwe are working tirelessly towards what ends? There doesn't \nseem to be a light at the end of the tunnel. The burnout is \npsychological and existential as much as it is physical. \nAnna B. – New York, June 4, 2019 \n(Adaptado  de  https://www.nytimes.com/2019/06/03/opinion/burnout-stress.html. \n \n \n \nEm seu comentário, a leitora Anna B. discorda do autor do \ntexto quanto à",
    "number": 16,
    "id": "UNICAMP_2021_16",
    "alternatives": [
        "a)  gravidade de burnout nas condições atuais.",
        "b)  existência de burnout em gerações passadas.",
        "c)  influência da economia no avanço de burnout.",
        "d)  prevalência de burnout no ambiente de trabalho."
    ],
    "associated_images": [],
    "answer": "A",
    "has_associated_images": false,
    "alternatives_type": "string",
    "subject": [
        "english"
    ],
    "TU": true,
    "IU": false,
    "MR": false,
    "ML": true,
    "BK": false,
    "PRK": false
}