{
    "question": "[IMAGE 0] \n [IMAGE 1] \nO cartaz anterior, divulgado pela Organização Mundial da \nSaúde no contexto da atual pandemia, destaca o papel dos \ngovernos em",
    "number": 18,
    "id": "UNICAMP_2021_18",
    "alternatives": [
        "a)  oferecer medidas de proteção e prevenção a mulheres \ne crianças, mais vulneráveis aos sintomas da doença.",
        "b)  dar apoio a mulheres e crianças vitimas de situações \ndomésticas inseguras agravadas pela doença.",
        "c)  incluir mulheres e crianças entre aqueles que merecem \nprioridade em tratamentos de emergência da doença.",
        "d)  preparar serviços de suporte para atender mulheres e \ncrianças diretamente afetadas pela doença."
    ],
    "associated_images": [
        "imgs/UNICAMP/2021/day1/18/1.jpg",
        "imgs/UNICAMP/2021/day1/18/2.jpg"
    ],
    "answer": "B",
    "has_associated_images": true,
    "alternatives_type": "string",
    "subject": [
        "english"
    ],
    "TU": true,
    "IU": true,
    "MR": false,
    "ML": true,
    "BK": false,
    "PRK": false
}