{
    "question": "Certas imagens literárias podem tornar-se nucleares para \numa cultura. Assim, por exemplo, a figura do marinheiro \nem  Portugal.  Ela  adquire  significados  diferentes  em \nperíodos históricos distintos, mas conserva um elemento \npermanente. A semelhança entre a imagem do marinheiro \nem Camões e em Fernando Pessoa reside",
    "number": 2,
    "id": "UNICAMP_2021_2",
    "alternatives": [
        "a)  no realismo moral do povo português, resultado da era \ndas  grandes  navegações  e  da  expansão  do \ncatolicismo.",
        "b)  na  representação  de  uma  identidade  coletiva  e \nindividual  sob  o  signo  da  mudança,  do  risco  e  da \ntravessia.",
        "c)  na alegoria da degradação moral dos amantes e dos \naventureiros, movidos pelo desejo sexual e pela cobiça \nmaterial.",
        "d)  na simbolização dos ideais econômicos de Portugal, \ncom reflexos na vida espiritual."
    ],
    "associated_images": [],
    "answer": "B",
    "has_associated_images": false,
    "alternatives_type": "string",
    "subject": [
        "portuguese"
    ],
    "TU": false,
    "IU": false,
    "MR": false,
    "ML": false,
    "BK": false,
    "PRK": true
}