{
    "question": "Equity is about giving people what they need, in order to \nmake things fair. This is not the same as equality, social \njustice, nor is it the same as inequality. It is giving more to \nthose  who  need  it,  which  is  proportionate  to  their  own \ncircumstances, in order to ensure that everyone has the \nsame opportunities; for example providing more support to \na  disadvantaged  student  so  they  can  reach  their  full \npotential. \n(Adaptado  de  https://social-change.co.uk/blog/2019-03-29-equality-and-equity; \nSabemos  que  esses  conceitos  são  complexos.  Diante \ndisso, o designer Tony Ruth os representou graficamente, \ncomo ilustram as figuras a seguir. Assinale a alternativa \nque  mais  se  aproxima  do  conceito  destacado  no  trecho \nanterior.",
    "number": 20,
    "id": "UNICAMP_2021_20",
    "alternatives": [
        "a) [IMAGE 1]",
        "b) [IMAGE 2]",
        "c) [IMAGE 3]",
        "d) [IMAGE 0]"
    ],
    "associated_images": [
        "imgs/UNICAMP/2021/day1/20/3.jpg",
        "imgs/UNICAMP/2021/day1/20/0.jpg",
        "imgs/UNICAMP/2021/day1/20/1.jpg",
        "imgs/UNICAMP/2021/day1/20/2.jpg"
    ],
    "answer": "C",
    "has_associated_images": true,
    "alternatives_type": "images",
    "subject": [
        "english"
    ],
    "TU": true,
    "IU": true,
    "MR": false,
    "ML": true,
    "BK": false,
    "PRK": false
}