{
    "question": "O  número  de  anagramas  da  palavra \nREFLORESTAMENTO  que  começam  com  a  sequência \nFLORES é",
    "number": 21,
    "id": "UNICAMP_2021_21",
    "alternatives": [
        "a) 9!",
        "b) 9!/2!",
        "c) 9!/(2!2!)",
        "d) 9!/(2!2!2!)"
    ],
    "associated_images": [],
    "answer": "C",
    "has_associated_images": false,
    "alternatives_type": "string",
    "subject": [
        "mathematics"
    ],
    "TU": true,
    "IU": false,
    "MR": true,
    "ML": false,
    "BK": false,
    "PRK": true
}