{
    "question": "A soma dos valores de X que resolvem a equação \n (1/2 + 1/3)/(x/4 + 1/x) = 1/2 \né igual a",
    "number": 22,
    "id": "UNICAMP_2021_22",
    "alternatives": [
        "a) 14/3",
        "b) 16/3",
        "c) 18/3",
        "d) 20/3"
    ],
    "associated_images": [],
    "answer": "D",
    "has_associated_images": false,
    "alternatives_type": "string",
    "subject": [
        "mathematics"
    ],
    "TU": false,
    "IU": false,
    "MR": true,
    "ML": false,
    "BK": false,
    "PRK": true
}