{
    "question": "Leia o texto para responder a questão. \nO  projeto  PRODES  –  Monitoramento  do  desmatamento \ndas  formações  florestais  na  Amazônia  Legal  -,  do  INPE \n(Instituto  Nacional  de  Pesquisas  Espaciais),  monitora  as \náreas  desmatadas  da  Amazônia  legal  e  mantém  um \nregistro  da  área  desmatada  por  ano.  Um  levantamento \nsobre esses dados a partir de 2016 mostrou que em 2019 \nhouve  um  acréscimo  de  35%  da  área  desmatada  em \nrelação a 2018, de 45% em relação a 2017 e de 28% em \nrelação a 2016. \n(Fonte: http://terrabrasilis.dpi.inpe.br. Acessado em 12/12/2020.)\nConsiderando os dados apresentados, relativos ao período \nanalisado, é correto afirmar:",
    "number": 25,
    "id": "UNICAMP_2021_25",
    "alternatives": [
        "a)  O ano que teve a menor área desmatada foi 2016.",
        "b)  A  área  desmatada  em  2019  corresponde  a  80%  da \nárea total desmatada no período de 2017 a 2018.",
        "c)  A área desmatada em 2018 foi 35% menor do que em \n2019.",
        "d)  A  área  desmatada  em  2018  foi  menor  que  a  área \ndesmatada em 2016."
    ],
    "associated_images": [],
    "answer": "D",
    "has_associated_images": false,
    "alternatives_type": "string",
    "subject": [
        "mathematics"
    ],
    "TU": true,
    "IU": false,
    "MR": true,
    "ML": false,
    "BK": false,
    "PRK": false
}