{
    "question": "Se f(x) = log10(x) e x > 0, então f(1/x) + f(100x) é igual a",
    "number": 26,
    "id": "UNICAMP_2021_26",
    "alternatives": [
        "a) 1",
        "b) 2",
        "c) 3",
        "d) 4"
    ],
    "associated_images": [],
    "answer": "B",
    "has_associated_images": false,
    "alternatives_type": "string",
    "subject": [
        "mathematics"
    ],
    "TU": true,
    "IU": false,
    "MR": true,
    "ML": false,
    "BK": false,
    "PRK": true
}