{
    "question": "No plano cartesiano, considere a reta de equação x + 2y = 4, sendo A,B os pontos de interseção dessa reta com os \neixos  coordenados.  A  equação  da  reta  mediatriz  do \nsegmento de reta ab é dada por",
    "number": 31,
    "id": "UNICAMP_2021_31",
    "alternatives": [
        "a) 2x - y = 3.",
        "b) 2x - y = 5.",
        "c) 2x + y = 3.",
        "d) 2x + y = 5."
    ],
    "associated_images": [],
    "answer": "A",
    "has_associated_images": false,
    "alternatives_type": "string",
    "subject": [
        "mathematics"
    ],
    "TU": true,
    "IU": false,
    "MR": true,
    "ML": false,
    "BK": false,
    "PRK": true
}