{
    "question": "A força de atrito cinético entre a agulha e um disco de vinil \ntem módulo  |F| = 8,0x10^(-3) N. Sendo o módulo da força \nnormal  |T| = 2,0x10^(-2) N, o coeficiente de atrito cinético Uc, entre a agulha e o disco é igual a",
    "number": 36,
    "id": "UNICAMP_2021_36",
    "alternatives": [
        "a) 1,6x10^(-5).",
        "b) 5,0x10^(-2).",
        "c) 4,0x10^(-1).",
        "d) 2,5x10^0."
    ],
    "associated_images": [],
    "answer": "C",
    "has_associated_images": false,
    "alternatives_type": "string",
    "subject": [
        "physics"
    ],
    "TU": true,
    "IU": false,
    "MR": true,
    "ML": false,
    "BK": false,
    "PRK": true
}