{
    "question": "Em  fevereiro  de  2020,  a  estação  meteorológica  de  Key \nWest,  na  Flórida  (EUA),  registrou  uma  revoada  de \npássaros  migrantes  que  se  assemelhava  a  uma  grande \ntempestade. Considere uma nuvem de pássaros de forma \ncilíndrica, de raio  Ro =145000 m e altura  h = 100 m, e \ndensidade  de  pássaros  Dp = 6,0 x 10^(-7) pássaros/m^3. \nSuponha  ainda  que  cada  pássaro  tenha  massa \nMp = 0,5 kg e velocidade  v0 = 20 m/s, todos voando na \np 0\nmesma  direção  e  sentido.  Assim,  a  energia  cinética  da \nrevoada de pássaros é igual a \n \na)  3,8 x 108 J.  c)  5,2 x 103 J. \n   \nb)  1,9 x 107 J.  d)  1,3 x 101 J.",
    "number": 37,
    "id": "UNICAMP_2021_37",
    "alternatives": [
        "a) 3,8 x 108 J.",
        "b) 1,9 x 107 J.",
        "c) 5,2 x 103 J.",
        "d) 1,3 x 101 J."
    ],
    "associated_images": [],
    "answer": "A",
    "has_associated_images": false,
    "alternatives_type": "string",
    "subject": [
        "physics"
    ],
    "TU": true,
    "IU": false,
    "MR": true,
    "ML": false,
    "BK": false,
    "PRK": true
}