{
    "question": "No  conto  “O  espelho”,  de  Machado  de  Assis,  uma \npersonagem  assume  a  palavra  e  narra  uma  história.  \nAssinale a alternativa que explicita sua interlocução com os \ncavalheiros presentes.",
    "number": 4,
    "id": "UNICAMP_2021_4",
    "alternatives": [
        "a)  “Lembra-me de alguns rapazes que se davam comigo, \ne  passaram  a  olhar-me  de  revés,  durante  algum \ntempo.”",
        "b)  “Ah!  pérfidos!  Mal  podia  eu  suspeitar  a  intenção \nsecreta dos malvados.”",
        "c)  “Imaginai um homem que, pouco a pouco, emerge de \num letargo, abre os olhos sem ver, depois começa a \nver.”",
        "d)  “O espelho estava naturalmente muito velho; mas via-\nse-lhe ainda o ouro, comido em parte pelo tempo.”"
    ],
    "associated_images": [],
    "answer": "C",
    "has_associated_images": false,
    "alternatives_type": "string",
    "subject": [
        "portuguese"
    ],
    "TU": true,
    "IU": false,
    "MR": false,
    "ML": false,
    "BK": false,
    "PRK": true
}