{
    "question": "O  Brasil  ardeu  em  chamas  em  2020.  Muitas  soluções \nforam propostas, incluindo o uso do “boi bombeiro”, porém \nnem todas eliminam de fato um dos três componentes que \nmantêm o fogo: calor, combustível e comburente. A figura \na seguir representa três ações de bombeiros para extinguir \no fogo. \n [IMAGE 7] \nNas  alternativas  a  seguir,  o  componente  ausente  no \ntriângulo  representa  o  componente  eliminado  pela  ação \ndos  bombeiros  para  a  extinção  do  fogo.  Assinale  a \nalternativa que apresenta a correlação adequada entre as \nações A, B e C e o componente eliminado do triângulo do \nfogo em cada ação, respectivamente.",
    "number": 41,
    "id": "UNICAMP_2021_41",
    "alternatives": [
        "a) [IMAGE 11] [IMAGE 2] [IMAGE 0]",
        "b) [IMAGE 3] [IMAGE 1] [IMAGE 9]",
        "c) [IMAGE 5] [IMAGE 8] [IMAGE 10]",
        "d) [IMAGE 4] [IMAGE 9] [IMAGE 6]"
    ],
    "associated_images": [
        "imgs/UNICAMP/2021/day1/41/4.jpg",
        "imgs/UNICAMP/2021/day1/41/6.jpg",
        "imgs/UNICAMP/2021/day1/41/3.jpg",
        "imgs/UNICAMP/2021/day1/41/5.jpg",
        "imgs/UNICAMP/2021/day1/41/11.jpg",
        "imgs/UNICAMP/2021/day1/41/8.jpg",
        "imgs/UNICAMP/2021/day1/41/13.jpg",
        "imgs/UNICAMP/2021/day1/41/1.jpg",
        "imgs/UNICAMP/2021/day1/41/9.jpg",
        "imgs/UNICAMP/2021/day1/41/7.jpg",
        "imgs/UNICAMP/2021/day1/41/12.jpg",
        "imgs/UNICAMP/2021/day1/41/10.jpg",
        "imgs/UNICAMP/2021/day1/41/2.jpg"
    ],
    "answer": "D",
    "has_associated_images": true,
    "alternatives_type": "images",
    "subject": [
        "chemistry"
    ],
    "TU": true,
    "IU": true,
    "MR": false,
    "ML": false,
    "BK": false,
    "PRK": true
}