{
    "question": "É  comum  encontrarmos,  nos  supermercados,  produtos \nsemelhantes em suas finalidades, porém em quantidades, \nconcentrações  de  ingredientes  e  preços  bem  variados. \nImagine  três  produtos  com  propriedades  desinfetantes, \ncom  o  mesmo  princípio  ativo.  Os  produtos  têm  as \nseguintes características:  \nProduto  A:  0,45%  (massa/massa)  do  princípio  ativo, \nconteúdo de 1 L, valor R$ 11,90;  \nProduto  B:  0,17%  (massa/massa)  do  princípio  ativo, \nconteúdo de 0,5 L, valor R$ 2,49; \nProduto  C:  0,33%  (massa/massa)  do  princípio  ativo, \nconteúdo de 2 L, valor R$ 5,19.  \nOs  produtos  que  oferecem  a  melhor  relação \ncusto/benefício seriam, em ordem crescente,",
    "number": 42,
    "id": "UNICAMP_2021_42",
    "alternatives": [
        "a)  A, B, C.",
        "b)  C, A, B.",
        "c)  C, B, A.",
        "d)  B, C, A."
    ],
    "associated_images": [],
    "answer": "B",
    "has_associated_images": false,
    "alternatives_type": "string",
    "subject": [
        "chemistry"
    ],
    "TU": true,
    "IU": false,
    "MR": true,
    "ML": false,
    "BK": false,
    "PRK": true
}