{
    "question": "A calagem é uma prática de manejo do solo que consiste \nna utilização de calcário para proporcionar às plantas um \nambiente de crescimento radicular adequado. Isso diminui \na  atividade  de  elementos  potencialmente  tóxicos  em \nelevadas  concentrações  (Al  e  Mn)  e  favorece  a \ndisponibilidade de elementos essenciais (N, P e K) no solo. \nO gráfico a seguir apresenta o grau de disponibilidade de \ndiversos elementos de acordo com o pH do solo. \n [IMAGE 0] \nConsiderando essas informações e os conhecimentos de \nquímica, é correto afirmar que a calagem atua em solos",
    "number": 43,
    "id": "UNICAMP_2021_43",
    "alternatives": [
        "a)  ácidos,  aumentando  o  seu  pH;  a  curva  D \ncorresponderia a um elemento essencial.",
        "b)  básicos,  diminuindo  o  seu  pH;  a  curva  A \ncorresponderia a um elemento tóxico.",
        "c)  básicos,  diminuindo  o  seu  pH;  a  curva  C \ncorresponderia a um elemento tóxico.",
        "d)  ácidos,  aumentando  o  seu  pH;  a  curva  B \ncorresponderia a um elemento essencial."
    ],
    "associated_images": [
        "imgs/UNICAMP/2021/day1/43/0.jpg"
    ],
    "answer": "D",
    "has_associated_images": true,
    "alternatives_type": "string",
    "subject": [
        "chemistry"
    ],
    "TU": true,
    "IU": true,
    "MR": true,
    "ML": false,
    "BK": false,
    "PRK": true
}