{
    "question": "Em  2020,  o  Brasil  foi  impactado  com  a  notícia  de  que \nmuitas pessoas haviam se contaminado ao ingerir cerveja. \nComo  se  apurou  mais  tarde,  a  bebida  havia  sido \ncontaminada por dietilenoglicol. O fabricante argumentou \nque  havia  comprado  monoetilenoglicol,  e  que  o \ndietilenoglicol chegou ao produto por contaminação ou por \nengano. A respeito desse episódio, pode-se afirmar que, se \no  dietilenoglicol,  que  estava  dissolvido  em  água,  fosse \nutilizado no sistema de",
    "number": 44,
    "id": "UNICAMP_2021_44",
    "alternatives": [
        "a)  resfriamento  na  linha  de  produção  de  cerveja,  esse \nmaterial poderia ser substituído por etanol, mas não \npor sal de cozinha.",
        "b)  aquecimento  na  linha  de  produção  de  cerveja,  esse \nmaterial poderia ser substituído por etanol.",
        "c)  resfriamento  na  linha  de  produção  de  cerveja,  esse \nmaterial poderia ser substituído por sal de cozinha.",
        "d)  aquecimento  na  linha  de  produção  de  cerveja,  esse \nmaterial poderia ser substituído por etanol, mas não \npor sal de cozinha."
    ],
    "associated_images": [],
    "answer": "C",
    "has_associated_images": false,
    "alternatives_type": "string",
    "subject": [
        "chemistry"
    ],
    "TU": true,
    "IU": false,
    "MR": false,
    "ML": false,
    "BK": false,
    "PRK": true
}