{
    "question": "A figura a seguir mostra uma das formas de se contabilizar \nas  tendências  no  uso  de  fertilizantes  por  hectare  e  por \ntonelada  de  grão  em  uma  fazenda  no  Brasil  em \ndeterminado  período.  A  partir  desse  tipo  de  informação \npode-se saber, por exemplo, como a prática agrícola de um \nsistema de cultivo está influenciando o uso de nutrientes e \na produtividade do solo para o cultivo. \n [IMAGE 0] \nConsiderando  o  caso  representado  pela  figura,  pode-se \nconcluir  que  o  sistema  de  cultivo  adotado  está \ninfluenciando",
    "number": 45,
    "id": "UNICAMP_2021_45",
    "alternatives": [
        "a)  positivamente  o  uso  dos  fertilizantes,  aumentando  a \nprodutividade de grãos por hectare.",
        "b)  negativamente  o  uso  dos  fertilizantes,  diminuindo  a \nprodutividade de grãos por hectare.",
        "c)  positivamente  o  uso  dos  fertilizantes,  diminuindo  a \nprodutividade de grãos por hectare.",
        "d)  negativamente o uso dos fertilizantes, aumentando a \nprodutividade de grãos por hectare."
    ],
    "associated_images": [
        "imgs/UNICAMP/2021/day1/45/0.jpg"
    ],
    "answer": "A",
    "has_associated_images": true,
    "alternatives_type": "string",
    "subject": [
        "chemistry"
    ],
    "TU": true,
    "IU": true,
    "MR": true,
    "ML": false,
    "BK": false,
    "PRK": true
}