{
    "question": "A remoção de sulfeto de hidrogênio presente em amostras \nde  biogás  é essencial,  já  que  ele  é  altamente  corrosivo \npara tubulações metálicas. A queima desse H2S também é muito prejudicial ao meio ambiente, pois leva à formação \nde dióxido de enxofre. Um estudo de 2014 sugere que a \nremoção do H2S pode ser realizada pelo uso de esponjas de óxido de ferro, que reage com esse gás, mas pode ser \nregenerado.  Segundo  o  estudo,  no  dispositivo  utilizado, \n1,00 kg de óxido de ferro foi capaz de remover entre 0,200 \ne 0,716 kg de sulfeto de hidrogênio. Considere que apenas \na  reação  abaixo  equacionada  esteja  ocorrendo  nessa \nremoção. \n Fe2O3(s)  + 3 H2S(g) → Fe2S3 (s)  + 3 H2O(l)\nA partir desses dados, pode-se afirmar que, na condição \nde remoção máxima de sulfeto de hidrogênio relatada no \nestudo\n Massas molares (g mol-1): Fe = 56, H = 1, O = 16 e S = 32.",
    "number": 46,
    "id": "UNICAMP_2021_46",
    "alternatives": [
        "a)  restaram cerca de 33% de óxido de ferro para reagir, \ntomando  por  base  a  estequiometria  da  equação \nquímica fornecida.",
        "b)  restaram cerca de 67% de óxido de ferro para reagir, \ntomando  por  base  a  estequiometria  da  equação \nquímica fornecida.",
        "c)  foi  removida  uma  quantidade  maior  de  H2S  que  a prevista  pela  estequiometria  da  equação  química \nfornecida.",
        "d)  as quantidades reagiram na proporção estequiométrica \nda equação química fornecida."
    ],
    "associated_images": [],
    "answer": "C",
    "has_associated_images": false,
    "alternatives_type": "string",
    "subject": [
        "chemistry"
    ],
    "TU": true,
    "IU": false,
    "MR": true,
    "ML": false,
    "BK": false,
    "PRK": true
}