{
    "question": "“Hospital  Municipal  de  Juruti  (PA)  recebe  mais  de  70 \ncilindros de oxigênio para tratar pacientes com Covid-19” \n(site  G1,  01/06/2020).  A  oxigenoterapia  é  indicada  para \ntodos os pacientes graves, inicialmente  variando de 5 a   \n10 L de O2 /min. Para uma vazão constante e máxima na faixa  considerada,  o  cilindro  de  cada  paciente  deverá, \nnecessariamente, ser trocado após aproximadamente\nDados:  volume  interno  do  cilindro  =  50  L;  volume \naproximado do gás a 1 atm de pressão em cada cilindro = 10 m^3; pressão inicial no cilindro = ~200 atm.",
    "number": 47,
    "id": "UNICAMP_2021_47",
    "alternatives": [
        "a)  17 horas de uso, sendo o volume de gás restante no \ncilindro igual a 50 L e a pressão 1 atm.",
        "b)  33 horas de uso, sendo o volume de gás restante no \ncilindro igual a 50 L e a pressão 0 atm.",
        "c)  33 horas de uso, sendo o volume de gás restante no \ncilindro igual a 0 L e a pressão 0 atm.",
        "d)  17 horas de uso, sendo o volume de gás restante no \ncilindro igual a 0 L e a pressão 1 atm."
    ],
    "associated_images": [],
    "answer": "A",
    "has_associated_images": false,
    "alternatives_type": "string",
    "subject": [
        "chemistry",
        "mathematics"
    ],
    "TU": true,
    "IU": false,
    "MR": true,
    "ML": false,
    "BK": false,
    "PRK": true
}