{
    "question": "“Era Noca, que vinha toda alterada.  \n─ Nossa Senhora! Quebrou-se o espelho grande do salão! \n─ Quem foi que o quebrou? Perguntou Nina, para dizer al- \nguma coisa. \n─ Ninguém sabe. Veja só, que desgraça estará para acon-\ntecer! Espelho quebrado: morte ou ruína. \n─ Morte! Se fosse a minha...”  \n(Júlia Lopes de Almeida, A Falência. Campinas: Editora da Unicamp, 2018, p. \n257.)  \n \nO diálogo apresenta a reação das personagens femininas \nao  incidente  doméstico  com  o  objeto  de  decoração  no \npalacete de Botafogo.  Assinale a alternativa que justifica a \nfala final de Nina.",
    "number": 5,
    "id": "UNICAMP_2021_5",
    "alternatives": [
        "a)  A destruição do espelho a leva a desejar a morte, pois \nsugere o alívio para a frustração amorosa.",
        "b)  A quebra do espelho lhe provoca o temor da morte, \numa vez que antecipa a ruína financeira.",
        "c)  A destruição do espelho traz a certeza da morte, pois \nsinaliza o suicídio do ser amado.",
        "d)  A  quebra  do  espelho  a  faz  desejar  a  morte,  pois \nsugere a catástrofe amorosa do casamento."
    ],
    "associated_images": [],
    "answer": "A",
    "has_associated_images": false,
    "alternatives_type": "string",
    "subject": [
        "portuguese"
    ],
    "TU": true,
    "IU": false,
    "MR": false,
    "ML": false,
    "BK": false,
    "PRK": true
}