{
    "question": "A  dupla  fecundação  é  um  processo  característico  em \nangiospermas,  resultando  na  formação  do  zigoto  e  do \nnúcleo  triploide.  As  sementes  com  cotilédones,  embrião, \nendosperma e casca são formadas e protegidas no interior \ndos  frutos.  Considerando  a  origem  e  a  ploidia  das \nestruturas citadas, assinale a alternativa correta.",
    "number": 50,
    "id": "UNICAMP_2021_50",
    "alternatives": [
        "a)  O  núcleo  triploide  (3n)  é  formado  pela  junção  dos \nnúcleos polares com o núcleo espermático.",
        "b)  O zigoto (2n) é formado a partir dos núcleos polares e \nda oosfera, oriundos dos sacos embrionário e polínico.",
        "c)  Os carpelos originam o ovário, que se transforma nos \ncotilédones (2n) e na casca da semente.",
        "d)  O  endosperma  (3n)  origina-se  do  núcleo  triploide, \nformando posteriormente os cotilédones da semente."
    ],
    "associated_images": [],
    "answer": "A",
    "has_associated_images": false,
    "alternatives_type": "string",
    "subject": [
        "biology"
    ],
    "TU": true,
    "IU": false,
    "MR": false,
    "ML": false,
    "BK": false,
    "PRK": true
}