{
    "question": "Arbovírus são assim designados porque parte de seu ciclo \nde replicação ocorre nos insetos; esses vírus podem ser \ntransmitidos aos seres humanos. O Ministério da Saúde \nalertou  para  o  controle  das  arboviroses  e  o  risco  de \nepidemias sazonais no Brasil em 2020. \n Assinale a alternativa correta.",
    "number": 52,
    "id": "UNICAMP_2021_52",
    "alternatives": [
        "a)  O vírus da febre amarela e o zika vírus podem ser \ntransmitidos  pela  picada  do  mosquito  Culex.  Para \nambos os casos não existe vacina, sendo considerada \nprofilática  a  erradicação  do  inseto  vetor  e  de  suas \nlarvas.",
        "b)  O  vírus  da  dengue  e  o  zika  vírus  podem  ser \ntransmitidos pela picada do mosquito Aedes aegypti. A \neliminação do inseto vetor e a eliminação dos focos de \ncriação das larvas são medidas profiláticas.",
        "c)  O vírus da febre amarela e o da chikungunya podem \nser  transmitidos  pela  picada  do  mosquito  Aedes \naegypti.  Para  ambos  os  casos,  foram  desenvolvidas \nvacinas e o controle do inseto vetor não é considerado \numa medida profilática.",
        "d)  O  vírus  da  chikungunya  e  o  da  dengue  podem  ser \ntransmitidos  pela  picada  do  mosquito  Culex.  A \nerradicação do inseto vetor e a eliminação das larvas \nsão consideradas medidas profiláticas."
    ],
    "associated_images": [],
    "answer": "B",
    "has_associated_images": false,
    "alternatives_type": "string",
    "subject": [
        "biology"
    ],
    "TU": true,
    "IU": false,
    "MR": false,
    "ML": false,
    "BK": false,
    "PRK": true
}