{
    "question": "Leia o trecho do poema da poetisa grega Safo acerca da \nbeleza de uma jovem chamada Anactória.  \n \nuns dizem que é uma hoste de cavalaria, outros de \ninfantaria; \noutros dizem ser uma frota de naus, na terra negra, \na coisa mais bela: mas eu digo ser aquilo \nque se ama.  \n \n(Adaptado de Luísa de Nazaré Ferreira, “Turismo e património na antiguidade \nclássica: o texto atribuído a Fílon de Bizâncio sobre as Sete Maravilhas”, em \nEspaços e Paisagens: Antiguidade Clássica e heranças contemporâneas. 2012. \nV. 1. Coimbra: Imprensa da Universidade de Coimbra e Annablume, p. 73.) \n \nA partir da leitura do poema, assinale a alternativa correta \nsobre o conceito de beleza na Grécia Antiga.",
    "number": 57,
    "id": "UNICAMP_2021_57",
    "alternatives": [
        "a)  Safo  reconhece  a  beleza  como  conceito  universal  e \ndestaca a sua independência em relação ao amor.",
        "b)  Safo exemplifica o conceito de belo e o define como \ninerente às conquistas militares e territoriais.",
        "c)  Safo  constata  a  diversidade  dos  gostos  humanos  e \nevidencia o valor do amor para o conceito de beleza.",
        "d)  Safo  exemplifica  os  gostos  humanos  a  partir  do \nconceito  de  amor  e  o  define  como  inerente  às \nconquistas militares."
    ],
    "associated_images": [],
    "answer": "C",
    "has_associated_images": false,
    "alternatives_type": "string",
    "subject": [
        "history"
    ],
    "TU": true,
    "IU": false,
    "MR": false,
    "ML": false,
    "BK": false,
    "PRK": true
}