{
    "question": "Segundos  os  historiadores,  pela  primeira  vez,  uma \npotência europeia desenvolveu um projeto planetário que \nabrangia  quatro  continentes,  a  fim  de  assentar  as \npretensões universais da monarquia. Para isso, os juristas \nespanhóis invocaram a noção de extensão geográfica sem \nprecedentes  de  suas  possessões.  Com  a  monarquia \ncatólica  surgiram  a  primeira  economia  mundial  e  um \nregime capitalista e comercial intercontinental. \n(Adaptado  de  Serge  Gruzinski,  “Babel  no  século  XVI.  A  mundialização  e \nGlobalização das Línguas”, em Eddy Stols, Iris Kantor, Werner Thomas e Júnia \nFurtado (orgs.), Um Mundo sobre Papel. São Paulo/Belo Horizonte: EDUSP/ \nEditora UFMG, 2014, p. 385.) \n \nCom base no texto do historiador Serge Gruzinski sobre as \nmonarquias católicas, assinale a alternativa correta.",
    "number": 58,
    "id": "UNICAMP_2021_58",
    "alternatives": [
        "a)  A noção de monarquia católica inclui Portugal, Espanha \ne Inglaterra, que colocaram em marcha um processo de \nexpansão  marítima  planetário,  calcado  no  trabalho \nassalariado dos indígenas.",
        "b)  O projeto planetário da monarquia católica calcava-se \nna  memória  do  Império  Romano,  sendo  que  Roma \nambicionou estabelecer seu aparato burocrático ágil e \nrepressivo nos quatro continentes.",
        "c)  O projeto planetário da monarquia católica fundava-se \nem  um  corpo  jurídico  criado  com  argumentos \nteológicos, em uma burocracia exercida a distância e no \ntrabalho compulsório.",
        "d)  A  monarquia  católica  expandiu  seu  projeto  comercial \nbaseado  em  estamentos  feudais  nos  moldes  das \ncapitanias hereditárias implementadas na América, na \nÁfrica e na Ásia."
    ],
    "associated_images": [],
    "answer": "C",
    "has_associated_images": false,
    "alternatives_type": "string",
    "subject": [
        "history"
    ],
    "TU": true,
    "IU": false,
    "MR": false,
    "ML": false,
    "BK": false,
    "PRK": true
}