{
    "question": "[IMAGE 0] O bolchevique, Boris Kustodiev, 1920. Disponível em Galeria Tretyakov. Moscou. \nO quadro O Bolchevique foi pintado pelo artista russo Boris \nKustodiev (1878-1927). Ele faz referências à Revolução de \n1917  e  tem  em  seu  centro  a  figura  de  um  proletário \nsegurando uma bandeira pintada na cor vermelha. A partir \nda leitura do quadro (aqui reproduzido em preto e branco) \ne do seu contexto histórico, assinale a alternativa correta.",
    "number": 61,
    "id": "UNICAMP_2021_61",
    "alternatives": [
        "a)  A movimentação social de 1917 resultou na saída da \nRússia  da  Primeira  Guerra  Mundial  e  resolveu  os \nproblemas  econômicos  do  país.  O  quadro  retrata  a \npouca adesão popular ao movimento bolchevique.",
        "b)  A Rússia recém-industrializada foi palco do movimento \nbolchevique, que culminou na ascensão de um regime \ndemocrático ao poder. O quadro retrata o amplo apoio \npopular à bandeira bolchevique.",
        "c)  A nobreza russa tinha amplo apoio da monarquia e dos \noperários  durante  o  processo  de  industrialização  do \npaís.  O  quadro  foi  recebido  pelo  czar  como  uma \nafirmação da lealdade popular.",
        "d)  A  Revolução  Russa  foi  responsável  pela  queda  da \nmonarquia  e  ascensão  do  Partido  Bolchevique  ao \npoder. O quadro foi visto pelo governo revolucionário \nsoviético como afirmação de sua ideologia."
    ],
    "associated_images": [
        "imgs/UNICAMP/2021/day1/61/1.jpg"
    ],
    "answer": "D",
    "has_associated_images": true,
    "alternatives_type": "string",
    "subject": [
        "history"
    ],
    "TU": true,
    "IU": true,
    "MR": false,
    "ML": false,
    "BK": false,
    "PRK": true
}