{
    "question": "As  feridas  da  discriminação  racial  se  exibem  ao  mais \nsuperficial olhar sobre a realidade social do país. Até 1950, \na  discriminação  em  empregos  era  uma  prática  corrente, \nsancionada pelas práticas sociais do país. Em geral,  os \nanúncios  de  vagas  de  trabalho  eram  publicados  com  a \nexplícita  advertência:  “não  se  aceitam  pessoas  de  cor.” \nMesmo  após  a  Lei  Afonso  Arinos,  de  1951,  proibindo \ncategoricamente a discriminação racial, tudo continuou na \nmesma.  Depois  da  lei,  os  anúncios  se  tornaram  mais \nsofisticados que antes, e passaram a requerer: “pessoas \nde  boa  aparência”.  Basta  substituir  “pessoas  de  boa \naparência”  por  “branco”  para  se  obter  a  verdadeira \nsignificação do eufemismo.  \n(Adaptado de Abdias do Nascimento, O genocídio do negro brasileiro: processo \nde um racismo mascarado. São Paulo: Perspectiva, 2018, p. 97.) \n \nA partir do excerto, é correto afirmar:",
    "number": 63,
    "id": "UNICAMP_2021_63",
    "alternatives": [
        "a)  Apesar da Lei Afonso Arinos de 1951, o racismo que \nexistia  há  muitos  anos  no  mercado  de  trabalho \nbrasileiro  permaneceu  por  meio  de  estratégias \ncamufladas.",
        "b)  A Lei Afonso Arinos de 1951 possibilitou a eliminação \ndo  racismo  no  mercado  de  trabalho  do  mundo  da \nmoda,  que  exigia  a  boa  aparência  das  pessoas \nbrancas.",
        "c)  Em 1951, o conceito de “pessoas de boa aparência”, \nditado  pelo  mundo  da  moda  e  reproduzido  nos \nanúncios de vagas de trabalho, privilegiava o asseio no \nvestir.",
        "d)  O racismo foi eliminado das relações sociais brasileiras \nsomente na década de 1990, com a consolidação do \nconjunto de leis da democracia racial."
    ],
    "associated_images": [],
    "answer": "A",
    "has_associated_images": false,
    "alternatives_type": "string",
    "subject": [
        "history"
    ],
    "TU": true,
    "IU": false,
    "MR": false,
    "ML": false,
    "BK": true,
    "PRK": true
}