{
    "question": "[IMAGE 0] \n [IMAGE 1] \nEstátua de Cristóvão Colombo é derrubada em protestos em Saint \nPaul,  Minnesota,  Estados  Unidos.  Policiais  armados  isolam  a \n A partir do registro fotográfico da derrubada da estátua de \nCristóvão  Colombo  em  Saint  Paul,  Minnesota,  Estados \nUnidos, em junho de 2020, e de seus conhecimentos sobre \nas  relações  entre  presente  e  passado,  assinale  a \nalternativa correta.",
    "number": 64,
    "id": "UNICAMP_2021_64",
    "alternatives": [
        "a)  O progresso histórico demonstra que as estátuas do \npassado  perdem  os  seus  significados  no  presente, \njustificando sua derrubada dos espaços públicos.",
        "b)  As  estátuas  e  os  monumentos  medeiam  formas  de \nlembrar o passado e de compreender o presente, e \nseus  significados são  sempre  suscetíveis  a  disputas \npolíticas e sociais.",
        "c)  As estátuas e os monumentos testemunham modos de \nviver e conceber o mundo no passado, portanto são \nalheios à ideologia e às disputas políticas.",
        "d)  As  estátuas  e  os  monumentos  do  passado  são \nveículos neutros em termos ideológicos e políticos, por \nisso  devem  ser  preservados  e  protegidos  de \nvandalismo."
    ],
    "associated_images": [
        "imgs/UNICAMP/2021/day1/64/0.jpg",
        "imgs/UNICAMP/2021/day1/64/1.jpg"
    ],
    "answer": "B",
    "has_associated_images": true,
    "alternatives_type": "string",
    "subject": [
        "geography",
        "history"
    ],
    "TU": true,
    "IU": false,
    "MR": false,
    "ML": false,
    "BK": true,
    "PRK": true
}