{
    "question": "Concentração de Renda. \nParticipação do 1% mais rico na renda total do \npaís e do mundo (em %) \n1º Qatar 29,0 \n2º Brasil 28,3 \n3º Chile 23,7 \n4º Líbano 23,4 \n5º Emirados Árabes 23,1 \n6º Iraque 22,0 \n7º. Turquia 21,5 \n8º Índia 21,3 \n9º. Rússia 20,2 \n10º Kwait 19,9 \nMundo 20,6 \nDados do World Inequality Database, atualizados de 2015. Acessado em 10/04/2019. \n(Disponível  em  https://temas.folha.uol.com.br/desigualdade-global/brasil/super-ricos-\nno-brasil-lideram-concentracao-de-renda-global.shtml). \n \nO gráfico anterior apresenta a concentração de renda no \ntopo  da  pirâmide  social.  No  Brasil,  o  1%  de  super-ricos \n(aproximadamente 1,4 milhão de adultos) captura 28,3% \ndos  rendimentos  brutos  totais  do  país,  e  recebe \nindividualmente,  em  média,  R$  106,3  mil  por  mês  pelo \nconjunto de todas suas rendas (dados de 2015). \n \nCom base no gráfico e em seus conhecimentos, assinale a \nalternativa correta.",
    "number": 66,
    "id": "UNICAMP_2021_66",
    "alternatives": [
        "a)  O  Brasil  é  o  segundo  país  no  ranking  e  único  país \nlatino-americano entre os dez primeiros, fato explicado \npor ter a maior população entre esses dez países.",
        "b)  A  concentração  da  renda  indica  a  capacidade  de \ngeração  de  riqueza  em  um  país  e  sua  distribuição \nentre todas as camadas de renda.",
        "c)  A  Índia  apresenta  alta  concentração  de  renda, \ncontudo, por ter a segunda maior população absoluta \ndo mundo, a renda é bem distribuída.",
        "d)  A  concentração  da  renda  indica  que  uma  pequena \nparcela  da  população  de  um  país  absorve  a  maior \nparte daquilo que é socialmente produzido."
    ],
    "associated_images": [],
    "answer": "D",
    "has_associated_images": false,
    "alternatives_type": "string",
    "subject": [
        "geography"
    ],
    "TU": true,
    "IU": false,
    "MR": true,
    "ML": false,
    "BK": false,
    "PRK": true
}