{
    "question": "De  acordo  com  Heloísa  Starling,  “Sertão é  uma  palavra \ncarregada de ambiguidade. Sertão pode indicar a formação \nde um espaço interno, a fronteira aberta, ou um pedaço da \ngeografia  brasileira  onde  a  terra  se  torna  mais  árida,  o \nclima  é  seco,  a  vegetação  escassa.  Mas  a  palavra  é \nigualmente utilizada para apontar uma realidade política: a \ninexistência de limites, o território do vazio, a ausência de \nleis, a precariedade dos direitos. Sertão é, paradoxalmente, \no potencial de liberdade e o risco da barbárie – além de ser \ntambém uma paisagem fadada a desaparecer. \n(Adaptado de Heloisa Murgel Starling, A palavra “sertão” e uma história pouco \nedificante sobre o Brasil. Disponível em https://www.suplementopernambuco. \ncom.br/artigos/2243-a-palavra-sert%C3%A3o-e-uma-hist%C3%B3ria-pouco-edifi \ncante-sobre-o-brasil.html. Acessado em 06/08/2020.) \n \nAssinale  o  excerto  que  corresponde  à  ideia  de  sertão \ndesenvolvida pela autora.",
    "number": 7,
    "id": "UNICAMP_2021_7",
    "alternatives": [
        "a)  “Se achardes no Sertão muito sertão, lembrai-vos que \nele é infinito, e a vida ali não tem esta variedade que \nnão nos faz ver que as casas são as mesmas, e os \nhomens não são outros.” (Machado de Assis)",
        "b)  “Nessa  época  o  sertão  parece  a  terra  combusta  do \nprofeta; dir-se-ia que por aí passou o fogo e consumiu \ntoda a verdura, que é o sorriso dos campos e a gala \ndas  árvores,  ou  o  seu  manto,  como  chamavam \npoeticamente os indígenas.” (José de Alencar)",
        "c)  “Lugar sertão se divulga: é onde os pastos carecem de \nfechos; onde um pode torar dez, quinze léguas, sem \ntopar com casa de morador; e onde criminoso vive seu \ncristo-jesus,  arredado  do  arrocho  de  autoridade.” \n(Guimarães Rosa)",
        "d)  “Dilatam-se os horizontes. O firmamento, sem o azul \ncarregado dos desertos, alteia-se, mais profundo, ante \no expandir revivescente da terra. E o sertão é um vale \nfértil. É um pomar vastíssimo, sem dono.” (Euclides da \nCunha)"
    ],
    "associated_images": [],
    "answer": "C",
    "has_associated_images": false,
    "alternatives_type": "string",
    "subject": [
        "portuguese"
    ],
    "TU": true,
    "IU": false,
    "MR": false,
    "ML": false,
    "BK": false,
    "PRK": true
}