{
    "question": "A região  Nordeste  brasileira  é  marcada  por  contrastes \nclimáticos: áreas úmidas e áreas com longos períodos de \nestiagem. O mapa a seguir mostra a variação da umidade \npor meses em relação à distribuição das chuvas. \n [IMAGE 0] \n [IMAGE 1] \n [IMAGE 2] \nSobre  as  características  climáticas  e  a  distribuição  das \nchuvas na região Nordeste, é correto afirmar:",
    "number": 70,
    "id": "UNICAMP_2021_70",
    "alternatives": [
        "a)  Todas  as  áreas  sem  seca  ou  subsecas  recebem \numidade da zona de convergência intertropical, além \ndo  incremento  de  vapor  d'água  do  processo  de \nevapotranspiração das florestas tropicais.",
        "b)  No centro do Estado da Bahia localiza-se a principal \nárea no interior da região Nordeste com 1 a 3 meses \nsecos,  devido  ao  efeito  orográfico  da  Chapada \nDiamantina na formação de chuvas.",
        "c)  O período de estiagem das áreas com 4 a 5 meses \nsecos ocorre no verão, enquanto o das áreas com 6 a \n8 meses secos ocorre no outono e inverno na Bahia, e \nna primavera e verão nos demais Estados.",
        "d)  A  distribuição  da  umidade  na  região  Nordeste  tem \nestreita relação com o tipo de vegetação: nas áreas \ncom  9  a  11  meses  secos  ocorre  a  vegetação  de \ncaatinga;  nas  áreas  com  6  a  8  meses  secos,  a \nvegetação de cerrado."
    ],
    "associated_images": [
        "imgs/UNICAMP/2021/day1/70/3.png",
        "imgs/UNICAMP/2021/day1/70/4.jpg",
        "imgs/UNICAMP/2021/day1/70/5.jpg"
    ],
    "answer": "B",
    "has_associated_images": true,
    "alternatives_type": "string",
    "subject": [
        "geography"
    ],
    "TU": true,
    "IU": true,
    "MR": false,
    "ML": false,
    "BK": true,
    "PRK": true
}