{
    "question": "Como  a  maior  parte  dos  franceses,  Hamza  Esmili, \nprofessor de sociologia em uma Universidade parisiense, \ntem  doravante  muito  tempo  para  olhar  por  sua  janela. \nHabitando  em  Seine-Saint-Denis,  periferia  de  Paris,  ele \nobserva  a  atividade  da  rua  abaixo:  o  movimento  de \npessoas  é  grande  e  não  se  respeitam  as  medidas  de \nconfinamento geral impostas pelo governo para combater a \npandemia  da  Covid19.  “Há  menos  gente  que \nhabitualmente, mas a rua permanece muito movimentada”, \nconstata Esmili. “O confinamento é um conceito burguês, \nexplica o sociólogo. Ele implica possuir uma casa burguesa \nna qual se retirar. Isso não corresponde de forma alguma à \nrealidade daqui.” \n(Adaptado de https://www.courrierinternational.com/article/vu-dallemagne-les-banlieue \ns-francaises-grandes-oubliees-du-confinement. Acessado em 02/04/2020.) \n \nSobre  a  “casa  burguesa”  referida  no  texto,  podemos \nconcluir que",
    "number": 72,
    "id": "UNICAMP_2021_72",
    "alternatives": [
        "a)  se trata de um conceito e de uma situação aplicados \napenas à França.",
        "b)  o conceito de burguesia aplica-se apenas às classes \nsociais e não às habitações.",
        "c)  as  habitações  burguesas  normalmente  localizam-se \nnas periferias e não são sinal de prestígio.",
        "d)  a habitação é uma das expressões de poder entre as"
    ],
    "associated_images": [],
    "answer": "D",
    "has_associated_images": false,
    "alternatives_type": "string",
    "subject": [
        "geography"
    ],
    "TU": true,
    "IU": false,
    "MR": false,
    "ML": false,
    "BK": false,
    "PRK": true
}