{
    "question": "Entre  os  versos  de  Gilberto  Gil  transcritos  a  seguir, \npodemos identificar uma relação paradoxal em:",
    "number": 8,
    "id": "UNICAMP_2021_8",
    "alternatives": [
        "a)  “Sou viramundo virado / pelo mundo do sertão.”",
        "b)  “Louvo a luta repetida / da vida pra não morrer.”",
        "c)  “De dia, Diadorim, / de noite, estrela sem fim.”",
        "d)  “Toda saudade é presença / da ausência de alguém.”"
    ],
    "associated_images": [],
    "answer": "D",
    "has_associated_images": false,
    "alternatives_type": "string",
    "subject": [
        "portuguese"
    ],
    "TU": true,
    "IU": false,
    "MR": false,
    "ML": false,
    "BK": false,
    "PRK": false
}