{
    "question": "[IMAGE 0]\nThere are approximately\n70 million pet dogs and\n74 million pet cats in the\nU.S., a country where 20\nmen and women are\nassaulted per minute. In\none survey, 71 percent\nof domestic violence\nvictims reported that their abuser also targeted pets. In one\nstudy of families under investigation for suspected child\nabuse, researchers found that pet abuse had occurred in\n88 percent of these families.\n(Adaptado de https://www.humanesociety.org/resources/animal-cruelty-facts-and-stats. Aces-\nsado em 11/05/2019.)\nO objetivo do texto é destacar a relação entre",
    "number": 1,
    "id": "UNICAMP_2020_1",
    "alternatives": [
        "a) aumento do número de animais domésticos e de casos\nde crueldade contra os animais.",
        "b) violência doméstica e famílias investigadas por\ncrueldade contra os animais.",
        "c) condenações por abuso infantil e crueldade contra os\nanimais.",
        "d) casos de violência doméstica e crueldade contra os\nanimais."
    ],
    "associated_images": [
        "imgs/UNICAMP/2020/1/1.jpg"
    ],
    "answer": "D",
    "has_associated_images": true,
    "alternatives_type": "string",
    "subject": [
        "english"
    ],
    "TU": true,
    "IU": false,
    "MR": false,
    "ML": true,
    "BK": false,
    "PRK": false
}