{
    "question": "Graças às campanhas de vacinação, a poliomielite foi\nconsiderada erradicada no Brasil: o último caso foi\nregistrado em 1989. Contudo, o Ministério da Saúde\nconstatou cobertura vacinal alarmante (abaixo de 50%) em\n312 municípios brasileiros em 2018. A vacinação é a única\nforma de prevenção da poliomielite; é uma questão de\nresponsabilidade social contemplada no Programa\nNacional de Imunizações do Ministério da Saúde.\n(Fonte: portalms.saude.gov.br/noticias/agencia-saude/43797-ministerio-da-saude-alerta-para-\nbaixas-coberturas-vacinais-para-polio.)\nAssinale a alternativa que caracteriza corretamente a\npoliomielite.",
    "number": 11,
    "id": "UNICAMP_2020_11",
    "alternatives": [
        "a) É uma doença viral contagiosa, que pode ser\ntransmitida através da ingestão de água ou alimentos\ncontaminados por fezes de doentes.",
        "b) A transmissão do vírus ocorre por meio de vetores\nhematófagos que tenham picado uma pessoa\ncontaminada na fase aguda da doença.",
        "c) É uma doença bacteriana transmitida por gotículas de\nsaliva ou de sangue de pessoas contaminadas, com\nalto risco de contágio.",
        "d) A transmissão da bactéria ocorre por meio de vetores\nartrópodes que tenham picado uma pessoa\ncontaminada na fase crônica da doença."
    ],
    "associated_images": [],
    "answer": "A",
    "has_associated_images": false,
    "alternatives_type": "string",
    "subject": [
        "biology"
    ],
    "TU": true,
    "IU": false,
    "MR": false,
    "ML": false,
    "BK": false,
    "PRK": true
}