{
    "question": "Relatório publicado em 2019 alertou que um número\ncrescente de espécies de animais polinizadores está\nameaçado de extinção em todo o mundo em decorrência\nde fatores como desmatamento, uso indiscriminado de\nagrotóxicos e alterações climáticas. Importantes medidas\ndevem ser adotadas para prevenir as consequências\neconômicas, a redução na produção de alimentos e o\ndesequilíbrio dos ecossistemas. Entre as espécies\ncultivadas no Brasil que dependem de polinização animal,\ndestacam-se o maracujá, a maçã, a acerola e a castanha-\ndo-brasil.\n(Fonte: Marina Wolowski e outros, Relatório temático sobre polinização, polinizadores e\nprodução de alimentos no Brasil. BPBES e REBIPP, 2019. Acessado em 23/05/2019.)\nConsiderando as informações fornecidas no texto e os\nconhecimentos sobre botânica e ecologia, é correto afirmar\nque a polinização pode ser beneficiada",
    "number": 18,
    "id": "UNICAMP_2020_18",
    "alternatives": [
        "a) por insetos que transportam o pólen da antera para o\nestigma nas eudicotiledôneas mencionadas.",
        "b) por pequenos vertebrados que transferem pólen do\nestigma para o estame nas monocotiledôneas\nmencionadas.",
        "c) por insetos que transferem pólen do estigma para o\nestame nas eudicotiledôneas mencionadas.",
        "d) por pequenos mamíferos que transportam o pólen da\nantera para o estigma nas monocotiledôneas\nmencionadas."
    ],
    "associated_images": [],
    "answer": "A",
    "has_associated_images": false,
    "alternatives_type": "string",
    "subject": [
        "biology"
    ],
    "TU": false,
    "IU": false,
    "MR": false,
    "ML": false,
    "BK": false,
    "PRK": true
}