{
    "question": "Matriz energética é o conjunto de fontes de energia\ndisponíveis. Os gráficos a seguir representam a matriz\nenergética no mundo e no Brasil, mostrando as fontes de\nenergia renováveis e não renováveis.\n[IMAGE 0]\n[1] Carvão.\n[2] Petróleo e derivados.\n[3] Gás natural.\n[4] Nuclear.\n[5] Energia hidráulica.\n[6] Biomassa.\n[7] Energia solar, eólica e geotérmica.\n[8] Derivados de cana-de-açúcar.\n[9] Lenha e carvão vegetal.\n[10] Outras fontes não renováveis.\n[11] Lixívia (líquido resultante do processamento da madeira para\nextração da celulose) e outras fontes renováveis.\n(Fonte: http://www.epe.gov.br/pt/abcdenergia/matriz-energetica-e-eletrica. Acessado em\n02/05/2019.)\nConsiderando seus conhecimentos sobre meio ambiente e\nas informações fornecidas, assinale a alternativa correta.",
    "number": 19,
    "id": "UNICAMP_2020_19",
    "alternatives": [
        "a) A matriz energética brasileira utiliza menor\nporcentagem de energia renovável que a mundial, com\no uso predominante de combustíveis fósseis.",
        "b) Gás natural, biomassa, energia hidráulica, energia\nsolar, eólica e geotérmica são as fontes renováveis de\nenergia utilizadas na matriz mundial.",
        "c) A matriz energética brasileira é mais dependente de\nfontes renováveis de energia do que a matriz mundial,\ncomo alternativa ao uso de combustíveis fósseis.",
        "d) Os biocombustíveis derivados da cana-de-açúcar e do\ngás natural são as principais fontes renováveis nas\nmatrizes brasileira e mundial, respectivamente."
    ],
    "associated_images": [
        "imgs/UNICAMP/2020/19/0.jpg"
    ],
    "answer": "C",
    "has_associated_images": true,
    "alternatives_type": "string",
    "subject": [
        "biology"
    ],
    "TU": true,
    "IU": true,
    "MR": true,
    "ML": false,
    "BK": true,
    "PRK": true
}