{
    "question": "As concentrações de arsênio no oceano se alteraram ao\nlongo do tempo geológico. No período Pré-Cambriano, os\noceanos receberam grandes quantidades de arsênio, em\nconsequência do intemperismo de minerais continentais de\nsulfeto de arsênio. Recentemente foram identificados\nmicro-organismos com expressão proteica das enzimas\narsenito oxidase e arsenato redutase no Oceano Pacífico\nNorte Oriental, nas zonas deficientes de oxigênio em\nregiões pelágicas, sugerindo que a comunidade\nmicrobiológica é capaz de utilizar arsênio para respiração\ncelular.\n(Fonte: Jaclyn Saunders e outros, PNAS, Washington, v. 116, n. 20, p. 9925-9930, maio\n2019.)\nAssinale a alternativa que preenche corretamente as\nlacunas nas frases a seguir.\nAssim como as formas oxidadas de nitrogênio e enxofre, o\narsênio pode ser utilizado como aceptor (i) __________ na\nrespiração celular desses micro-organismos nas zonas\ndeficientes de oxigênio. No período (ii) __________,\nsurgiram as cianobactérias, os primeiros seres\nfotossintetizantes.",
    "number": 20,
    "id": "UNICAMP_2020_20",
    "alternatives": [
        "a) (i) final de elétrons; (ii) arqueano.",
        "b) (i) intermediário de elétrons; (ii) arqueano.",
        "c) (i) final de elétrons; (ii) fanerozoico.",
        "d) (i) intermediário de elétrons; (ii) fanerozoico."
    ],
    "associated_images": [],
    "answer": "A",
    "has_associated_images": false,
    "alternatives_type": "string",
    "subject": [
        "biology",
        "chemistry"
    ],
    "TU": false,
    "IU": false,
    "MR": false,
    "ML": false,
    "BK": false,
    "PRK": true
}