{
    "question": "Moçambique foi atingido por três ciclones tropicais entre\nmarço e abril de 2019. Ciclone tropical é um termo geral\npara grandes e complexas tempestades que giram em\ntorno de uma área de baixa pressão formada em águas\noceânicas tropicais ou subtropicais quentes. A formação de\num ciclone tropical requer enormes quantidades de calor\nna superfície da água, que devem atingir no mínimo\n26,5°C, e ventos de pelo menos 119 km/h em algum ponto\nda tempestade.\nA partir do exposto, assinale a alternativa que explica a\ngênese dos ciclones tropicais na costa de Moçambique.",
    "number": 23,
    "id": "UNICAMP_2020_23",
    "alternatives": [
        "a) A corrente marítima das Agulhas foi responsável pelo\ndeslocamento das águas superficiais aquecidas para\náreas de baixa pressão situadas no canal de\nMoçambique.",
        "b) O clima semiárido e desértico no litoral de\nMoçambique faz com que as águas de sua costa\nestejam sempre aquecidas, favorecendo assim a\nformação dos ciclones.",
        "c) Os ciclones que atingem o litoral de Moçambique têm\norigem no encontro das águas quentes do Oceano\nAtlântico com o Oceano Índico, no cabo da Boa\nEsperança.",
        "d) A corrente marítima de Benguela foi responsável pelo\ndeslocamento das águas aquecidas do Oceano Índico\npara o canal que separa Moçambique de Madagascar."
    ],
    "associated_images": [],
    "answer": "A",
    "has_associated_images": false,
    "alternatives_type": "string",
    "subject": [
        "geography"
    ],
    "TU": false,
    "IU": false,
    "MR": false,
    "ML": false,
    "BK": false,
    "PRK": true
}