{
    "question": "As condições atuais do clima global são responsáveis pela\ndiferenciação da salinidade dos oceanos em diferentes\nlatitudes, conforme a ilustração abaixo.\n[IMAGE 0]\n(Adaptado de Paul R. Pinet, Fundamentos de Oceanografia. São Paulo: LTC, 2017, p. 97.)\nA partir do texto e do gráfico, é correto afirmar que:",
    "number": 26,
    "id": "UNICAMP_2020_26",
    "alternatives": [
        "a) Os baixos teores de sais dos oceanos são observados\nem toda a faixa de baixas latitudes, em decorrência do\nbalanço existente entre o excesso de precipitação e o\ndeclínio da evaporação ao longo de todo o ano.",
        "b) O excesso de precipitação nas áreas de médias\nlatitudes e na proximidade dos polos é responsável\npela ocorrência de maior salinidade nos oceanos do\nHemisfério Sul.",
        "c) Nas áreas próximas a 90º de latitude, a salinidade dos\noceanos é similar, pois as condições climáticas\nfavorecem a ocorrência de grandes volumes de chuva\ne um grande deficit de evaporação.",
        "d) O percentual mais baixo de salinidade dos oceanos\nnas altas latitudes tem relação com a maior entrada de\nágua doce nos oceanos, que ocorre em razão do\nderretimento de geleiras."
    ],
    "associated_images": [
        "imgs/UNICAMP/2020/26/0.jpg"
    ],
    "answer": "D",
    "has_associated_images": true,
    "alternatives_type": "string",
    "subject": [
        "geography"
    ],
    "TU": false,
    "IU": true,
    "MR": true,
    "ML": false,
    "BK": false,
    "PRK": true
}