{
    "question": "Da perspectiva do senso comum, dizer que uma ideia ou\numa declaração é “ideológica” implica sugerir sua\nfalsidade, o que logicamente leva à conclusão de que seu\noposto é a verdade. Esse binarismo é uma forma de\nconstruir visões de mundo simplistas e manipuláveis, que\nocultam interesses sociais.\nSobre o conceito de ideologia, é correto afirmar:",
    "number": 29,
    "id": "UNICAMP_2020_29",
    "alternatives": [
        "a) desde o seu nascimento, ele se mantém inalterado, e\ntem o mesmo significado para as diferentes classes\nsociais.",
        "b) o aspecto útil do conceito é que ele permite associar\nideias e produtos ao exercício do poder.",
        "c) a neutralidade é a chave de sua definição, já que,\nentre o falso e o verdadeiro, está o posicionamento\nsocial neutro.",
        "d) a tendência é o seu fim como instrumento de análise\nsocial, privilegiando a objetividade no tratamento da\nrealidade."
    ],
    "associated_images": [],
    "answer": "B",
    "has_associated_images": false,
    "alternatives_type": "string",
    "subject": [
        "philosophy"
    ],
    "TU": true,
    "IU": false,
    "MR": false,
    "ML": false,
    "BK": false,
    "PRK": true
}