{
    "question": "O site “Urban Dictionary” apresenta definições de palavras\ne expressões que, apesar de serem usadas popularmente,\nainda não foram oficialmente dicionarizadas. O exemplo\nabaixo faz alusão ao Brexit, isto é, à saída do Reino Unido\nda União Europeia.\n[IMAGE 1]\n[IMAGE 0]\n(Disponível em https://www.urbandictionary.com/define.php?term=Doing%20the%20Brexit.\nAcessado em 11/05/2019.)\nCom relação ao exemplo apresentado, entende-se que\nTaylor estava “fazendo o Brexit” porque",
    "number": 3,
    "id": "UNICAMP_2020_3",
    "alternatives": [
        "a) se despediu, mas demorou a ir embora da festa.",
        "b) saiu “à francesa” da festa, isto é, saiu discretamente.",
        "c) se despediu, mas anunciou que demoraria a sair da\nfesta.",
        "d) saiu “à francesa” da festa, isto é, saiu depois de muito\ntempo."
    ],
    "associated_images": [
        "imgs/UNICAMP/2020/3/3.jpg",
        "imgs/UNICAMP/2020/3/2.jpg"
    ],
    "answer": "A",
    "has_associated_images": true,
    "alternatives_type": "string",
    "subject": [
        "english"
    ],
    "TU": true,
    "IU": false,
    "MR": false,
    "ML": true,
    "BK": false,
    "PRK": false
}