{
    "question": "Uma cidade viva não é obra de um gênio: é obra de\ntrabalhadores simples e de suas constantes conversas\nconsigo própria. Uma cidade é um tecido em contínua\nevolução, retocado e reparado para nosso uso, no qual a\nordem emerge através de uma “mão invisível” proveniente do\ndesejo das pessoas em se relacionar bem com seus vizinhos.\n(Adaptado de Roger Scruton, Confissões de um herético. Belo Horizonte: Âyiné, 2017, p.133.)\nNo trecho acima, a figura de linguagem “mão invisível”",
    "number": 30,
    "id": "UNICAMP_2020_30",
    "alternatives": [
        "a) estabelece uma intertextualidade com a expressão “a\nmão invisível do mercado”, de Adam Smith, sendo a\ncidade a expressão plena do planejamento.",
        "b) sugere que a organização de uma cidade não se limita\nao planejamento de um gestor, mas diz respeito às\nrelações éticas construídas no cotidiano.",
        "c) indica a submissão dos moradores de uma cidade aos\ninteresses ocultos de uma administração que promove,\nno espaço urbano, a vida cotidiana.",
        "d) associa-se à gestão pública, que é mantenedora da\nordem e do bem-estar nas relações econômicas de\numa cidade."
    ],
    "associated_images": [],
    "answer": "B",
    "has_associated_images": false,
    "alternatives_type": "string",
    "subject": [
        "portuguese",
        "geography"
    ],
    "TU": true,
    "IU": false,
    "MR": false,
    "ML": false,
    "BK": false,
    "PRK": false
}