{
    "question": "As coordenadas geográficas são um sistema de linhas\nimaginárias traçadas sobre o globo terrestre ou um mapa.\nAtravés da interseção de um meridiano com um paralelo,\npodemos localizar cada ponto da superfície da Terra.\nComo a Terra apresenta uma superfície quase esférica, é\npossível determinar dois pontos diametralmente opostos,\ndenominados antípodas. Apenas algumas cidades\nbrasileiras têm uma cidade antípoda, como Coari (AM) e\nPontes e Lacerda (MT). Assinale a alternativa que indica\nduas cidades antípodas.",
    "number": 31,
    "id": "UNICAMP_2020_31",
    "alternatives": [
        "a) Pontes e Lacerda (Brasil) – 15º latitude S e 60º\nlongitude W; Candelária (Filipinas) – 15º latitude N e\n60º longitude E.",
        "b) Coari (Brasil) – 4º latitude S e 63° longitude W; Temon\n(Malásia) – 4º latitude N e 63º longitude E.",
        "c) Coari (Brasil) – 4º latitude S e 63° longitude W; Temon\n(Malásia) – 4º latitude N e 117º longitude E.",
        "d) Pontes e Lacerda (Brasil) – 15º latitude S e 60º\nlongitude W; Candelária (Filipinas) – 75º latitude N e\n120º longitude E."
    ],
    "associated_images": [],
    "answer": "C",
    "has_associated_images": false,
    "alternatives_type": "string",
    "subject": [
        "mathematics"
    ],
    "TU": true,
    "IU": false,
    "MR": true,
    "ML": false,
    "BK": false,
    "PRK": true
}