{
    "question": "Cinco pessoas devem ficar em pé, uma ao lado da outra,\npara tirar uma fotografia, sendo que duas delas se recusam\na ficar lado a lado. O número de posições distintas para as\ncinco pessoas serem fotografadas juntas é igual a",
    "number": 33,
    "id": "UNICAMP_2020_33",
    "alternatives": [
        "a) 48.",
        "b) 72.",
        "c) 96.",
        "d) 120."
    ],
    "associated_images": [],
    "answer": "B",
    "has_associated_images": false,
    "alternatives_type": "string",
    "subject": [
        "mathematics"
    ],
    "TU": false,
    "IU": false,
    "MR": true,
    "ML": false,
    "BK": false,
    "PRK": true
}