{
    "question": "Um atleta participa de um torneio composto por três\nprovas. Em cada prova, a probabilidade de ele ganhar é de\n2⁄3, independentemente do resultado das outras provas.\nPara vencer o torneio, é preciso ganhar pelo menos duas\nprovas. A probabilidade de o atleta vencer o torneio é igual\na",
    "number": 34,
    "id": "UNICAMP_2020_34",
    "alternatives": [
        "a) 2⁄3.",
        "b) 4⁄9.",
        "c) 20⁄27.",
        "d) 16⁄81."
    ],
    "associated_images": [],
    "answer": "C",
    "has_associated_images": false,
    "alternatives_type": "string",
    "subject": [
        "mathematics"
    ],
    "TU": false,
    "IU": false,
    "MR": true,
    "ML": false,
    "BK": false,
    "PRK": true
}