{
    "question": "Sabendo que 𝑎 é um número real, considere a função\n𝑓(𝑥)=𝑎𝑥+2, definida para todo número real 𝑥. Se\n𝑓(𝑓(1))=1, então",
    "number": 35,
    "id": "UNICAMP_2020_35",
    "alternatives": [
        "a) 𝑎 = -1.",
        "b) 𝑎 = -1⁄2.",
        "c) 𝑎 = 1⁄2.",
        "d) 𝑎 = 1."
    ],
    "associated_images": [],
    "answer": "A",
    "has_associated_images": false,
    "alternatives_type": "string",
    "subject": [
        "mathematics"
    ],
    "TU": false,
    "IU": false,
    "MR": true,
    "ML": false,
    "BK": false,
    "PRK": true
}