{
    "question": "Considere que (𝑎,𝑏,3,𝑐) é uma progressão aritmética de\nnúmeros reais, e que a soma de seus elementos é igual a\n8. O produto dos elementos dessa progressão é igual a",
    "number": 37,
    "id": "UNICAMP_2020_37",
    "alternatives": [
        "a) 30.",
        "b) 10.",
        "c) -15.",
        "d) -20."
    ],
    "associated_images": [],
    "answer": "C",
    "has_associated_images": false,
    "alternatives_type": "string",
    "subject": [
        "mathematics"
    ],
    "TU": false,
    "IU": false,
    "MR": true,
    "ML": false,
    "BK": false,
    "PRK": true
}