{
    "question": "Tendo em vista que 𝑎 e 𝑏 são números reais positivos,\n𝑎 ≠ 𝑏, considere a função 𝑓(𝑥) = 𝑎𝑏^x, definida para todo\nnúmero real 𝑥. Logo, 𝑓(2) é igual a",
    "number": 38,
    "id": "UNICAMP_2020_38",
    "alternatives": [
        "a) √(𝑓(1)𝑓(3)).",
        "b) 𝑓(3)/𝑓(0).",
        "c) 𝑓(0)𝑓(1).",
        "d) 𝑓(0)^3."
    ],
    "associated_images": [],
    "answer": "A",
    "has_associated_images": false,
    "alternatives_type": "string",
    "subject": [
        "mathematics"
    ],
    "TU": false,
    "IU": false,
    "MR": true,
    "ML": false,
    "BK": false,
    "PRK": true
}