{
    "question": "Sabendo que 𝑝 é um número real, considere a matriz\nA = [[𝑝, 2], [0, 𝑝]] e sua transposta 𝐴^T. Se 𝐴+𝐴^T é singular (não\ninvertível), então",
    "number": 39,
    "id": "UNICAMP_2020_39",
    "alternatives": [
        "a) 𝑝 = 0.",
        "b) |𝑝| = 1.",
        "c) |𝑝| = 2.",
        "d) 𝑝 = 3."
    ],
    "associated_images": [],
    "answer": "B",
    "has_associated_images": false,
    "alternatives_type": "string",
    "subject": [
        "mathematics"
    ],
    "TU": false,
    "IU": false,
    "MR": true,
    "ML": false,
    "BK": false,
    "PRK": true
}