{
    "question": "[IMAGE 0]\nWhen 24-year-old fashion blogger Scarlett Dixon posted a\npicture of herself having breakfast, the internet turned\nnasty. “The best of days start with a smile and positive\nthoughts. And pancakes. And strawberries”, Dixon wrote on\nher Instagram feed. The post was reposted on Twitter.\n“Instagram is a ridiculous lie factory made to make us all\nfeel inadequate”, wrote Nathan from Cardiff. His post, which\nhas garnered more than 111,000 likes (22 times as many\nas Dixon’s original) and almost 25,000 retweets, prompted\na wave of criticism, with comments going like “Fakelife!”.\nInstagram looks like the friendliest social network\nimaginable. But, for a growing number of users – and\nmental health experts – the very positivity of Instagram is\nprecisely the problem. The site encourages its users to\npresent an upbeat, attractive image that others may find at\nbest misleading and at worse harmful. Instagram makes\nyou worry that everyone is perfect – except you.\n(Adaptado de https://www.theguardian.com/technology/2018/sep/17. Acessado em\n19/04/2019).\nO texto anterior apresenta uma crítica",
    "number": 4,
    "id": "UNICAMP_2020_4",
    "alternatives": [
        "a) a Scarlett Dixon, por propagar uma autoimagem\nexcessivamente positiva e irreal.",
        "b) ao Instagram, por propiciar postagens que veiculam\numa autoimagem irreal das pessoas.",
        "c) ao post de Scarlett Dixon, por gerar uma onda de\ncomentários negativos em outras mídias sociais.",
        "d) à exposição excessiva da vida íntima das pessoas no\nInstagram e em outras mídias sociais."
    ],
    "associated_images": [
        "imgs/UNICAMP/2020/4/4.jpg"
    ],
    "answer": "B",
    "has_associated_images": true,
    "alternatives_type": "string",
    "subject": [
        "english"
    ],
    "TU": true,
    "IU": false,
    "MR": false,
    "ML": true,
    "BK": false,
    "PRK": false
}