{
    "question": "A figura abaixo exibe o triângulo 𝐴𝐵𝐶, em que 𝐴𝐵 = 𝐵𝐶 e\n⁻(AD) é uma altura de comprimento ℎ. A área do triângulo\n𝐴𝐵𝐶 é igual a\n[IMAGE 0]",
    "number": 40,
    "id": "UNICAMP_2020_40",
    "alternatives": [
        "a) ℎ^2.",
        "b) √2ℎ^2.",
        "c) √3ℎ^2.",
        "d) 2ℎ^2."
    ],
    "associated_images": [
        "imgs/UNICAMP/2020/40/0.jpg"
    ],
    "answer": "A",
    "has_associated_images": true,
    "alternatives_type": "string",
    "subject": [
        "mathematics"
    ],
    "TU": false,
    "IU": true,
    "MR": true,
    "ML": false,
    "BK": false,
    "PRK": true
}