{
    "question": "Seja a função polinomial do terceiro grau 𝑓(𝑥) = 𝑥³-𝑥²-\n2𝑥 +1, definida para todo número real 𝑥. A figura abaixo\nexibe o gráfico de 𝑦 = 𝑓(𝑥), no plano cartesiano, em que\nos pontos 𝐴, 𝐵 e 𝐶 têm a mesma ordenada. A distância\nentre os pontos 𝐴 e 𝐶 é igual a\n[IMAGE 0]",
    "number": 42,
    "id": "UNICAMP_2020_42",
    "alternatives": [
        "a) 2.",
        "b) 2√2.",
        "c) 3.",
        "d) 3√2."
    ],
    "associated_images": [
        "imgs/UNICAMP/2020/42/1.jpg"
    ],
    "answer": "C",
    "has_associated_images": true,
    "alternatives_type": "string",
    "subject": [
        "mathematics"
    ],
    "TU": false,
    "IU": true,
    "MR": true,
    "ML": false,
    "BK": false,
    "PRK": true
}