{
    "question": "O “Ebulidor de Franklin” é um brinquedo constituído de dois\nbulbos de vidro conectados por um tubo espiralado,\npreenchido com líquido colorido. Seu uso consiste em\nencostar a mão na base do bulbo inferior, fazendo com que\no líquido seja aquecido e ascenda para o bulbo superior.\nPopularmente, a libido de uma pessoa é avaliada com\nbase na quantidade de líquido que ascende. O sucesso de\nvenda, obviamente, é maior quanto mais positivamente o\nbrinquedo indicar uma “alta libido”. Abaixo apresenta-se um\ngráfico da pressão de vapor em função da temperatura\npara dois líquidos, A e B, que poderiam ser utilizados para\npreencher o “Ebulidor de Franklin”.\n[IMAGE 0]\n[IMAGE 1]\nConsiderando essas informações, é correto afirmar que a\npressão no interior do brinquedo",
    "number": 46,
    "id": "UNICAMP_2020_46",
    "alternatives": [
        "a) não se altera durante o seu uso, e o ebulidor com o\nlíquido A teria mais sucesso de vendas.",
        "b) aumenta durante o seu uso, e o ebulidor com o líquido\nA teria mais sucesso de vendas.",
        "c) não se altera durante o seu uso, e o ebulidor com o\nlíquido B teria mais sucesso de vendas.",
        "d) aumenta durante o seu uso, e o ebulidor com o líquido\nB teria mais sucesso de vendas."
    ],
    "associated_images": [
        "imgs/UNICAMP/2020/46/0.jpg",
        "imgs/UNICAMP/2020/46/1.jpg"
    ],
    "answer": "B",
    "has_associated_images": true,
    "alternatives_type": "string",
    "subject": [
        "chemistry",
        "mathematics"
    ],
    "TU": true,
    "IU": true,
    "MR": true,
    "ML": false,
    "BK": false,
    "PRK": true
}