{
    "question": "Balões de Mylar metalizados são bastante comuns em\nfestas, sendo comercializados em lojas e parques.\nAscendem na atmosfera quando preenchidos com gás\nhélio e só murcham definitivamente se apresentarem\nalgum vazamento. Imagine que um cliente tenha comprado\num desses balões e, após sair da loja, retorna para\nreclamar, dizendo: “não bastasse a noite fria que está lá\nfora, ainda tenho que voltar para trocar o balão com\ndefeito”. O vendedor da loja, depois de conversar um\npouco com o cliente, sugere não trocá-lo e afirma que o\nbalão está",
    "number": 49,
    "id": "UNICAMP_2020_49",
    "alternatives": [
        "a) como saiu da loja; garante que estará normal na casa\ndo cliente, pois as moléculas do gás irão aumentar de\ntamanho, voltando ao normal num ambiente mais\nquente.",
        "b) como saiu da loja; garante que não há vazamento e\nque o balão estará normal na casa do cliente,\nconsiderando que o gás irá se expandir num ambiente\nmais quente.",
        "c) murcho; propõe enchê-lo com ar, pois o balão é menos\npermeável ao ar, o que garantirá que ele não irá\nmurchar lá fora e, na casa do cliente, irá se comportar\ncomo se estivesse cheio com hélio.",
        "d) murcho; propõe enchê-lo novamente com hélio e\ngarante que o balão não voltará a murchar quando for\nretirado da loja, mantendo o formato na casa do\ncliente."
    ],
    "associated_images": [],
    "answer": "B",
    "has_associated_images": false,
    "alternatives_type": "string",
    "subject": [
        "physics"
    ],
    "TU": true,
    "IU": false,
    "MR": false,
    "ML": false,
    "BK": false,
    "PRK": true
}