{
    "question": "Um medicamento se apresenta na forma de comprimidos\nde 750 mg ou como suspensão oral na concentração de\n100 mg/mL. A bula do remédio informa que o comprimido\nnão pode ser partido, aberto ou mastigado e que, para\ncrianças abaixo de 12 anos, a dosagem máxima é de 15\nmg/kg/dose. Considerando apenas essas informações,\nconclui-se que uma criança de 11 anos, pesando 40 kg,\npoderia ingerir com segurança, no máximo,",
    "number": 50,
    "id": "UNICAMP_2020_50",
    "alternatives": [
        "a) 6,0 mL da suspensão oral em uma única dose.",
        "b) 7,5 mL da suspensão oral, ou um comprimido em uma\núnica dose.",
        "c) um comprimido em uma única dose.",
        "d) 4,0 mL da suspensão oral em uma única dose."
    ],
    "associated_images": [],
    "answer": "A",
    "has_associated_images": false,
    "alternatives_type": "string",
    "subject": [
        "mathematics",
        "chemistry"
    ],
    "TU": true,
    "IU": false,
    "MR": true,
    "ML": false,
    "BK": false,
    "PRK": true
}