{
    "question": "A atividade humana tem grande impacto na biosfera; um\nexemplo é o que vem ocorrendo na água dos oceanos nas\núltimas décadas. Assinale a alternativa que corretamente\nevidencia a influência da atividade humana no pH da água\ndos oceanos e como ela se acentua em função da região\ndo planeta.",
    "number": 51,
    "id": "UNICAMP_2020_51",
    "alternatives": [
        "a)[IMAGE 0]\nEssa influência se acentua na região dos polos, em razão\nda temperatura da água do mar.",
        "b)[IMAGE 1]\nEssa influência se acentua na região dos trópicos, em\nrazão da temperatura da água do mar.",
        "c)[IMAGE 2]\nEssa influência se acentua na região dos polos, em razão\nda temperatura da água do mar.",
        "d)[IMAGE 3]\nEssa influência se acentua na região dos trópicos, em\nrazão da temperatura da água do mar."
    ],
    "associated_images": [
        "imgs/UNICAMP/2020/51/0.jpg",
        "imgs/UNICAMP/2020/51/1.jpg",
        "imgs/UNICAMP/2020/51/2.jpg",
        "imgs/UNICAMP/2020/51/3.jpg"
    ],
    "answer": "C",
    "has_associated_images": true,
    "alternatives_type": "images",
    "subject": [
        "chemistry"
    ],
    "TU": false,
    "IU": true,
    "MR": true,
    "ML": false,
    "BK": false,
    "PRK": true
}