{
    "question": "“O sal faz a água ferver mais rápido?” Essa é uma\npergunta frequente na internet, mas não tente responder\ncom os argumentos lá apresentados. Seria muito difícil\nresponder à pergunta tal como está formulada, pois isso\nexigiria o conhecimento de vários parâmetros\ntermodinâmicos e cinéticos no aquecimento desses\nlíquidos. Do ponto de vista termodinâmico, entre tais\nparâmetros, caberia analisar os valores de calor específico\ne de temperatura de ebulição da solução em comparação\ncom a água pura. Considerando massas iguais (água pura\ne solução), se apenas esses parâmetros fossem levados\nem consideração, a solução ferveria mais rapidamente se o\nseu calor específico fosse",
    "number": 53,
    "id": "UNICAMP_2020_53",
    "alternatives": [
        "a) menor que o da água pura, observando-se ainda que a\ntemperatura de ebulição da solução é menor.",
        "b) maior que o da água pura, observando-se ainda que a\ntemperatura de ebulição da solução é menor.",
        "c) menor que o da água pura, observando-se, no entanto,\nque a temperatura de ebulição da solução é maior.",
        "d) maior que o da água pura, observando-se, no entanto,\nque a temperatura de ebulição da solução é maior."
    ],
    "associated_images": [],
    "answer": "C",
    "has_associated_images": false,
    "alternatives_type": "string",
    "subject": [
        "chemistry"
    ],
    "TU": true,
    "IU": false,
    "MR": true,
    "ML": false,
    "BK": false,
    "PRK": true
}