{
    "question": "Numa fritadeira a ar com potência de 1400 W, um pedaço\nde carne ficou pronto para ser consumido após 18 minutos\nde funcionamento do equipamento. Um cozimento\nsemelhante foi realizado em menor tempo em um fogão a\ngás. Nesse caso, foram consumidos 16 gramas de gás\npropano, cuja reação de combustão é dada por:\nC₃H₈(g) + O₂(g) ➞ 3CO₂(g) + 4H₂O(g); ΔH= –2046 kJ mol^(-1).\nComparando os dois processos de cozimento, o consumo\nde energia foi maior empregando-se",
    "number": 56,
    "id": "UNICAMP_2020_56",
    "alternatives": [
        "a) o fogão a gás, sendo cerca de 1,5 vezes maior que o\nconsumo da fritadeira a ar.",
        "b) o fogão a gás, sendo cerca de 12 vezes maior que o\nconsumo da fritadeira a ar.",
        "c) a fritadeira a ar, sendo cerca de 6 vezes maior que o\nconsumo do fogão a gás.",
        "d) a fritadeira a ar, sendo cerca de 2 vezes maior que o\nconsumo do fogão a gás."
    ],
    "associated_images": [],
    "answer": "D",
    "has_associated_images": false,
    "alternatives_type": "string",
    "subject": [
        "chemistry",
        "physics"
    ],
    "TU": false,
    "IU": false,
    "MR": true,
    "ML": false,
    "BK": false,
    "PRK": true
}