{
    "question": "Ao descrever a rotina do protagonista Raimundo Silva, o\nnarrador da História do Cerco de Lisboa afirma que só\nrestaram fragmentos dos sonhos noturnos, “imagens\ninsensatas aonde a luz não chega, indevassáveis até para\nos narradores, que as pessoas mal informadas acreditam\nterem todos os direitos e disporem de todas as chaves.”\n(José Saramago, História do Cerco de Lisboa. São Paulo: Companhia das Letras, 1989,\np.122.)\nCom base nesse excerto e relacionando-o ao conjunto do\nromance, é correto afirmar que o narrador é",
    "number": 58,
    "id": "UNICAMP_2020_58",
    "alternatives": [
        "a) polifônico, pois, ao considerar todos os pontos de vista\ndas personagens, relativiza a visão de mundo e\nrespeita a privacidade delas.",
        "b) observador, pois dissimula sua avaliação política da\nrealidade ao se mostrar empático ao mundo das\npersonagens.",
        "c) protagonista, pois, ao fazer parte da própria narrativa,\nassemelha-se às demais personagens e não pode\nduvidar dos protocolos necessários para contar a\nhistória de Portugal.",
        "d) onisciente, pois simula ser tolerante com a pluralidade\nde vozes narrativas, mas é a singularidade de seu\nmodo de narrar que produz a coesão e a autonomia da\nnarração."
    ],
    "associated_images": [],
    "answer": "D",
    "has_associated_images": false,
    "alternatives_type": "string",
    "subject": [
        "portuguese"
    ],
    "TU": true,
    "IU": false,
    "MR": false,
    "ML": false,
    "BK": false,
    "PRK": false
}