{
    "question": "No conto “O espelho”, de Machado de Assis, o esboço de\numa nova teoria sobre a dupla natureza da alma humana é\napresentado por Jacobina. A personagem narra a situação\nem que se viu sozinha na casa da tia Marcolina.\n“As horas batiam de século a século no velho relógio da\nsala, cuja pêndula, tic-tac, tic-tac, feria-me a alma interior\ncomo um piparote contínuo da eternidade.”\nConsiderando os indicadores da passagem do tempo na\ncitação, é correto afirmar que",
    "number": 60,
    "id": "UNICAMP_2020_60",
    "alternatives": [
        "a) o movimento oscilante do pêndulo do relógio expressa\na duplicidade da alma interior.",
        "b) o som do velho relógio da sala materializa\nacusticamente a longevidade da alma interior.",
        "c) a sonoridade repetitiva do pêndulo intensifica as\naflições da alma interior.",
        "d) o contínuo batimento das horas sugere o vigor da alma\ninterior."
    ],
    "associated_images": [],
    "answer": "C",
    "has_associated_images": false,
    "alternatives_type": "string",
    "subject": [
        "portuguese"
    ],
    "TU": true,
    "IU": false,
    "MR": false,
    "ML": false,
    "BK": false,
    "PRK": true
}