{
    "question": "“Para inaugurar é preciso ter um defunto. Mas, por\ndesgraça, nenhum turista se afoga, nenhuma calamidade\nse abate sobre a cidade e os moribundos têm o desplante\nde ressuscitarem. Na ordem estabelecida por Odorico, o\nbem vira mal e o mal, bem.”\n(Anatol Rosenfeld, “A obra de Dias Gomes”, em Teatro de Dias Gomes. Rio de Janeiro:\nCivilização Brasileira, 1972, p. xxvii.)\nA comicidade de O Bem-amado, de Dias Gomes, deriva\nem grande medida da inversão de valores que a peça\nencena. Considerando os propósitos satíricos da obra,\nassinale a alternativa que evidencia tal inversão.",
    "number": 61,
    "id": "UNICAMP_2020_61",
    "alternatives": [
        "a) A destinação de recursos para a construção de um\ncemitério público confere dignidade aos mortos.",
        "b) A hospitalidade dada aos doentes ilustra o uso do\norçamento em prol do sistema público de saúde.",
        "c) A promoção do pistoleiro a delegado de polícia visa à\nreinserção social do criminoso.",
        "d) A inauguração do cemitério dá oportunidade a que se\nreverencie a memória do benfeitor da cidade."
    ],
    "associated_images": [],
    "answer": "D",
    "has_associated_images": false,
    "alternatives_type": "string",
    "subject": [
        "portuguese"
    ],
    "TU": true,
    "IU": false,
    "MR": false,
    "ML": false,
    "BK": false,
    "PRK": true
}