{
    "question": "No livro A cabra vadia: novas confissões, Nelson\nRodrigues inicia a crônica “Os dois namorados” com a\nseguinte afirmação:\n“há coisas que um grã-fino só confessa num terreno baldio,\nà luz de archotes, e na presença apenas de uma cabra\nvadia.”\nNa crônica “Terreno baldio” ele recorre ao mesmo animal\npara explicar a ideia que teve de criar “entrevistas\nimaginárias”:\n“Não podia ser um gabinete, nem uma sala. Lembrei-me,\nentão, do terreno baldio. Eu e o entrevistado e, no máximo,\numa cabra vadia. Além do valor plástico da figura, a cabra\nnão trai. Realmente, nunca se viu uma cabra sair por aí\nfazendo inconfidências.”\n(Nelson Rodrigues, A cabra vadia: novas confissões. Rio de Janeiro: Nova Fronteira, 2016, p.\n52 e160.)\nO caráter confessional associado à figura da cabra nas\ncrônicas tem relação com",
    "number": 62,
    "id": "UNICAMP_2020_62",
    "alternatives": [
        "a) a veracidade dos depoimentos que o cronista\ntestemunha nas entrevistas.",
        "b) a impostura dos contemporâneos que são objeto dos\ncomentários do cronista.",
        "c) a antipatia do jornalista no que diz respeito à busca de\nidentidade dos artistas entrevistados.",
        "d) a sinceridade dos intelectuais que são objeto das\ncrônicas dos jornalistas."
    ],
    "associated_images": [],
    "answer": "B",
    "has_associated_images": false,
    "alternatives_type": "string",
    "subject": [
        "portuguese"
    ],
    "TU": true,
    "IU": false,
    "MR": false,
    "ML": false,
    "BK": false,
    "PRK": true
}