{
    "question": "Texto I\n[IMAGE 0]\nTexto II\nO que levou Marta, seis vezes a melhor do mundo, a enfrentar\na Austrália de chuteiras pretas? Adianto, não foi o futebol\n“raiz”. Marta não fechou patrocínio com nenhuma das gigantes\ndo mercado esportivo. Não recebeu nenhuma proposta à\naltura do seu futebol. Isso diz muito sobre o machismo no\nesporte. A partir disso, a atleta decidiu calçar a luta pela\ndiversidade.\n(Fonte: https://www.hypeness.com.br/2019/06/chuteira-sem-logo-e-com-simbolo-de-igualdade\n-de-genero-foi-mais-um-golaco-de-marta/. Acessado em 18/06/2019.)\nConsiderando o tweet e o texto acima, é correto afirmar\nque a atleta",
    "number": 67,
    "id": "UNICAMP_2020_67",
    "alternatives": [
        "a) enfrentou o time adversário com chuteiras pretas,\nmesmo que não tenha sido influenciada pelo futebol\n“raiz”.",
        "b) usou chuteiras sem logotipo e luta pela igualdade de\ngênero no esporte, mesmo sendo considerada seis\nvezes a melhor do mundo.",
        "c) não recebeu patrocínio de nenhuma grande empresa,\nembora a chuteira preta sem logotipo simbolize o\nfutebol “raiz”.",
        "d) optou por lutar contra o machismo no esporte, embora\nas propostas de patrocínio não tenham considerado\nseu valor."
    ],
    "associated_images": [
        "imgs/UNICAMP/2020/67/0.jpg"
    ],
    "answer": "B",
    "has_associated_images": true,
    "alternatives_type": "string",
    "subject": [
        "portuguese"
    ],
    "TU": true,
    "IU": true,
    "MR": false,
    "ML": false,
    "BK": true,
    "PRK": true
}