{
    "question": "– Pela milionésima vez, por favor, “se amostrar” não existe.\nNão pega bem usar uma expressão incorreta como essa.\n– Ora veja, incorreto para mim é o que não faz sentido, “se\namostrar” faz sentido para boa parte do país.\n– Por que você não usa um sinônimo mais simples da\npalavra? Que tal “exibido”? Todo mundo conhece.\n– Não dá, porque quem se exibe é exibido, quem se\namostra é amostrado. Por exemplo: quando os vendedores\nde shopping olham com desprezo para os meninos dos\nrolezinhos e moram no mesmo bairro deles, são exibidos.\nEles acham que a roupa de vendedor faz deles seres\nsuperiores. Por outro lado, as meninas e os meninos dos\nrolezinhos vão para os shoppings para se amostrar uns\npara outros, e são, portanto, amostrados. Percebeu a\nsutileza da diferença?\n– Entendo, mas está errado.\n– Como é que está errado se você entende? Você não\naceita a inventividade linguística do povo. “Amostrar” é\nverbo torto no manual das conjugações e “amostrado” é\nparticípio de amostra grátis! Captou?\n(Adaptado de Cidinha da Silva, Absurdada. Disponível em http://notarodape. blogspot. com/\nsearch/label/Cotidiano. Acessado em 22/05/2019.)\nConsiderando que a comparação entre modos de falar\npode ser fonte de preconceito, o exemplo citado por uma\ndas personagens da crônica",
    "number": 68,
    "id": "UNICAMP_2020_68",
    "alternatives": [
        "a) reforça o preconceito em relação às turmas de jovens\nde um mesmo bairro, com base nos significados de\n“amostrado” e “exibido”.",
        "b) explicita o preconceito, valendo-se de “amostrado” e\n“exibido” para distinguir dois grupos de jovens do\nmesmo bairro.",
        "c) dissimula o preconceito e reconhece que “se amostrar”\né, de fato, um verbo que não está de acordo com as\nnormas gramaticais.",
        "d) refuta o preconceito e confirma o desconhecimento da\nregra de formação do particípio passado do verbo “se\namostrar”."
    ],
    "associated_images": [],
    "answer": "B",
    "has_associated_images": false,
    "alternatives_type": "string",
    "subject": [
        "portuguese"
    ],
    "TU": true,
    "IU": false,
    "MR": false,
    "ML": false,
    "BK": false,
    "PRK": false
}