{
    "question": "Texto I\nLeia os versos iniciais da peça Se correr o bicho pega, se\nficar o bicho come (1966), de Oduvaldo Vianna Filho e\nFerreira Gullar. Em formato de cordel, os versos são\ncantados por todos os atores.\nSe corres, bicho te pega, amô.\nSe ficas, ele te come.\nAi, que bicho será esse, amô?\nQue tem braço e pé de homem?\nCom a mão direita ele rouba, amô,\ne com a esquerda ele entrega;\njaneiro te dá trabalho, amô,\ndezembro te desemprega;\nde dia ele grita \"avante”, amô,\nde noite ele diz: \"não vá\":\nSerá esse bicho um homem, amô,\nou muitos homens será?\n(Oduvaldo Vianna Filho e Ferreira Gullar, Se correr o bicho pega, se ficar o bicho come. Rio\nde Janeiro: Civilização Brasileira, 1966, p. 3.)\nTexto II\nObserve a charge de Laerte que fez parte da mostra Maio\nna Paulista, em 2019.\n[IMAGE 0]\n(Laerte, Exposição Maio na Paulista, de Laerte e Angeli, 2019. Disponível em\nhttps://gq.globo.com/Cultura/ noticia/2019/05/ laerte-e-angeli-participam-de-exposicao-ao-ar-\nlivre-na-avenida-paulista.html. Acessado em 02/06/2019.)\nConsiderando a relação entre os textos I e II, conclui-se\nque a charge",
    "number": 69,
    "id": "UNICAMP_2020_69",
    "alternatives": [
        "a) resgata a temática do cordel, rompendo com o\nimpasse vivido pelos personagens.",
        "b) reafirma o dilema dos personagens da peça,\nparafraseando os versos iniciais do cordel.",
        "c) evidencia a tradição popular nordestina, utilizando a\nimagem para sofisticar os versos.",
        "d) confirma a força transformadora da versificação\npopular, reproduzindo-a em imagens."
    ],
    "associated_images": [
        "imgs/UNICAMP/2020/69/1.jpg"
    ],
    "answer": "A",
    "has_associated_images": true,
    "alternatives_type": "string",
    "subject": [
        "portuguese"
    ],
    "TU": true,
    "IU": true,
    "MR": false,
    "ML": false,
    "BK": false,
    "PRK": false
}