{
    "question": "John Milton and Freedom of Speech on Campus\nBy Daniel F. Sullivan\nA few years ago, at a seminar meant to help college\npresidents think about the issues they face as campus\nleaders, I read John Milton's Areopagitica: A speech for the\nliberty of unlicensed printing to the parliament of England.\nOriginally published in 1644, Areopagitica makes a\npowerful argument for freedom of speech and against\ncensorship in publishing. After twenty years as a college\npresident, having experienced and observed many calls to\ncensor, I've come to believe that there is not much to know\non the topic beyond what Milton wrote over 350 years ago.\nAreopagitica was published in response “to Parliament's\nordinance for licensing the press of June 14, 1643.” The\neffect of the ordinance against which Milton wrote “was to\ngive Archbishop Laud, who was also Chancellor of the\nUniversity of Oxford, control over every press in England,\nwith power to stop publication of any book contrary to the\nDoctrine of the Church of England.” This was disturbing to\nMilton, who wrote, “as good almost kill a man as kill a good\nbook: [he] who kills a man kills a reasonable creature; but\nhe who destroys a good book, kills reason itself.”\n(Adaptado de https://www.questia.com/magazine/1P3-1048971311/milton-s-areopagitica-freed\nom-of-speech-on-campus. Acessado em 15/05/2019.)\nA relação entre o posicionamento do autor do texto e o de\nJohn Milton na publicação mencionada é de",
    "number": 7,
    "id": "UNICAMP_2020_7",
    "alternatives": [
        "a) divergência, pois o autor julga que as ideias de Milton\nsobre liberdade de expressão parecem ultrapassadas\nem relação ao que ocorre hoje nas universidades.",
        "b) divergência, pois diferentemente de Milton, o autor\ncritica o fato de haver, nas universidades inglesas,\napelos para que a censura seja exercida no campus.",
        "c) concordância, pois o autor apoia a mesma linha de\npensamento de Milton quanto às críticas ao controle da\nliberdade de imprensa.",
        "d) concordância, pois o autor alinha-se a Milton quanto à\nideia de que destruir um bom livro é o mesmo que\ndestruir uma criatura racional."
    ],
    "associated_images": [],
    "answer": "C",
    "has_associated_images": false,
    "alternatives_type": "string",
    "subject": [
        "english"
    ],
    "TU": true,
    "IU": false,
    "MR": false,
    "ML": true,
    "BK": false,
    "PRK": false
}