{
    "question": "Obs.: para as questões de 70 a 79, aproxime π = 3,0\nAs escadas flutuantes em cascata feitas em concreto\narmado são um elemento arquitetônico arrojado, que\nconfere leveza a uma estrutura intrinsecamente massiva.\nEssas escadas são apoiadas somente na extremidade\nsuperior (normalmente em uma parede) e no chão. O\nesquema abaixo mostra as forças aplicadas na escada\npela parede (Fp) e pelo chão (Fc), além da força peso\n(mg) aplicada pela Terra, todas pertencentes a um plano\nvertical.\n[IMAGE 0]\nCom base nesse esquema, é correto afirmar que",
    "number": 74,
    "id": "UNICAMP_2020_74",
    "alternatives": [
        "a) Fp cosθp = Fc cosθc e Fp senθp + Fc senθc =mg.",
        "b) Fp senθp = Fc senθc e Fp cosθp + Fc cosθc = mg.",
        "c) Fp cosθp = Fc cosθc e Fp + Fc = mg.",
        "d) Fp = Fc e Fp senθp+Fc senθc = mg."
    ],
    "associated_images": [
        "imgs/UNICAMP/2020/74/0.jpg"
    ],
    "answer": "A",
    "has_associated_images": true,
    "alternatives_type": "string",
    "subject": [
        "physics"
    ],
    "TU": false,
    "IU": false,
    "MR": true,
    "ML": false,
    "BK": false,
    "PRK": true
}