{
    "question": "Obs.: para as questões de 70 a 79, aproxime π = 3,0\nExistem na natureza forças que podemos observar em\nnosso cotidiano. Dentre elas, a força gravitacional da Terra\ne a força elétrica. Num experimento, solta-se uma bola com\ncarga elétrica positiva, a partir do repouso, de uma\ndeterminada altura, numa região em que há um campo\nelétrico dirigido verticalmente para baixo, e mede-se a\nvelocidade com que ela atinge o chão. O experimento é\nrealizado primeiramente com uma bola de massa m e\ncarga q, e em seguida com uma bola de massa 2m e\nmesma carga q.\n[IMAGE 0]\nDesprezando a resistência do ar, é correto afirmar que, ao\natingir o chão,",
    "number": 76,
    "id": "UNICAMP_2020_76",
    "alternatives": [
        "a) as duas bolas terão a mesma velocidade.",
        "b) a velocidade de cada bola não depende do campo\nelétrico.",
        "c) a velocidade da bola de massa m é maior que a\nvelocidade da bola de massa 2m.",
        "d) a velocidade da bola de massa m é menor que a\nvelocidade da bola de massa 2m."
    ],
    "associated_images": [
        "imgs/UNICAMP/2020/76/1.jpg"
    ],
    "answer": "C",
    "has_associated_images": true,
    "alternatives_type": "string",
    "subject": [
        "physics"
    ],
    "TU": false,
    "IU": false,
    "MR": true,
    "ML": false,
    "BK": false,
    "PRK": true
}