{
    "question": "Obs.: para as questões de 70 a 79, aproxime π = 3,0\nEm 2019 foi divulgada a primeira imagem de um buraco\nnegro, obtida pelo uso de vários radiotelescópios. Também\nrecentemente, uma equipe da NASA propôs a utilização de\ntelescópios de infravermelho para detectar\nantecipadamente asteroides que se aproximam da Terra.\nConsidere que um radiotelescópio detecta ondas\neletromagnéticas provenientes de objetos celestes\ndistantes na frequência de f rádio = 1,5 GHz, e que um\ntelescópio de infravermelho detecta ondas\neletromagnéticas originadas em corpos do sistema solar na\nfrequência de f infravermelho = 30THz. Qual é a razão entre os\ncorrespondentes comprimentos de onda no vácuo,\n ⋋ rádio / ⋋ infravermelho?",
    "number": 77,
    "id": "UNICAMP_2020_77",
    "alternatives": [
        "a) 5,0x10^-5.",
        "b) 6,7x10^-5.",
        "c) 2,0x10^4.",
        "d) 6,0x10^12."
    ],
    "associated_images": [],
    "answer": "C",
    "has_associated_images": false,
    "alternatives_type": "string",
    "subject": [
        "physics"
    ],
    "TU": true,
    "IU": false,
    "MR": false,
    "ML": false,
    "BK": false,
    "PRK": true
}