{
    "question": "O surgimento das primeiras universidades, nos séculos XII\ne XIII, marca um momento capital da história do Ocidente\nmedieval. Em relação à época anterior, esse momento\ncomportou elementos de continuidade e de ruptura. Os\nprimeiros devem ser buscados na localização urbana das\nuniversidades, no conteúdo dos ensinamentos, no papel\nsocial dos homens de saber. Já os elementos de ruptura\nforam inicialmente de ordem institucional. No âmbito das\ninstituições educativas, este sistema era novo e original. As\ncomunidades autônomas dos mestres e dos estudantes\neram protegidas pelas mais altas autoridades leigas e\nreligiosas daquele tempo, permitindo tanto progressos no\ndomínio dos métodos intelectuais e em sua difusão como\numa inserção mais eficiente das pessoas de saber na\nsociedade da época.\n(Adaptado de J. Verger, Cultura, ensino e sociedade no ocidente nos séculos XII e XIII. Bauru:\nEDUSC, 2001, p.189-190.)\nConsiderando o texto e seus conhecimentos sobre o\nperíodo medieval, assinale a alternativa correta.",
    "number": 83,
    "id": "UNICAMP_2020_83",
    "alternatives": [
        "a) A Igreja Católica apoiava a estruturação das\nuniversidades medievais, que representavam o avanço\ndas ciências e a superação de dogmas e das teorias\nteocêntricas.",
        "b) A organização institucional diferencia as universidades\nmedievais das corporações de ofícios, visto que seu\nmétodo de estudo estava calcado na escolástica,\ncaracterizando o atraso do mundo medieval.",
        "c) Uma ruptura trazida pelas universidades medievais foi\no início da atuação dos copistas nas bibliotecas, que\ncopiavam sistematicamente a produção de autores\nlatinos críticos aos dogmas religiosos.",
        "d) A institucionalização das universidades medievais era\num dado novo no período; essas instituições se\ncaracterizavam pelo apoio das autoridades de dentro e\nde fora da Igreja, e pela maior autonomia e inserção\nsocial de seus membros."
    ],
    "associated_images": [],
    "answer": "D",
    "has_associated_images": false,
    "alternatives_type": "string",
    "subject": [
        "history"
    ],
    "TU": true,
    "IU": false,
    "MR": false,
    "ML": false,
    "BK": false,
    "PRK": true
}