{
    "question": "Em 1516, Thomas Morus criou a ideia de utopia, ao\ndescrever uma ilha imaginária. Surgia um gênero literário,\nassociado à história, à filosofia e à política. A lógica dessa\nideia levou à construção de critérios universalmente válidos\npara cada atividade, com normas e códigos. Surgiram\nassim os tratados sobre o perfeito cortesão, sobre o\nperfeito homem do mundo, sobre a cidade perfeita.\n(Adaptado de Carlos Eduardo O. Berriel, “Cidades Utópicas do Renascimento”. Ciência e\nCultura, São Paulo, v. 56, n. 2. abr./jun. 2004. Disponível em http://cienciaecultura.bvs.br\n/scielo.php? script=sci_arttext&pid=S0009-67252004000200021.)\nConsiderando o texto acima e seus conhecimentos,\nassinale a alternativa correta.",
    "number": 84,
    "id": "UNICAMP_2020_84",
    "alternatives": [
        "a) A obra de Morus, escrita na Inglaterra, baseou-se na\nexperiência de soberanos da Itália e da Alemanha que\nconstruíram novas cidades no século XV, planejadas\ngeometricamente.",
        "b) Grão-chanceler da Inglaterra, Morus exerceu uma\nação humanista em um mundo renascentista de crises\ne instabilidades contínuas. Neste contexto publicou\nsua obra Utopia.",
        "c) A partir do princípio filosófico da utopia, foram escritos\nvários tratados renascentistas. O Príncipe, de\nMaquiavel, ilustra a melhor versão do cortesão atuante\nno mundo utópico.",
        "d) A ilha da Utopia, perfeitamente racionalizada, marcou\no urbanismo renascentista na Europa e no Novo\nMundo. O esgotamento dessa ideia de utopia ocorreu\ncom a ideia de distopia, no século XX."
    ],
    "associated_images": [],
    "answer": "B",
    "has_associated_images": false,
    "alternatives_type": "string",
    "subject": [
        "history"
    ],
    "TU": true,
    "IU": false,
    "MR": false,
    "ML": false,
    "BK": false,
    "PRK": true
}