{
    "question": "Na América Portuguesa do século XVI, a política europeia\npara os indígenas pressupunha também a existência de\numa política indígena frente aos europeus, já que os\nTamoios e os Tupiniquins tinham seus próprios motivos\npara se aliarem aos franceses ou aos portugueses.\n(Adaptado de Manuela Carneiro da Cunha, Introdução a uma história indígena. São Paulo:\nCompanhia das Letras/Fapesp, 1992, p. 18.)\nCom base no excerto e nos seus conhecimentos sobre os\nprimeiros contatos entre europeus e indígenas no Brasil,\nassinale a alternativa correta.",
    "number": 85,
    "id": "UNICAMP_2020_85",
    "alternatives": [
        "a) A população ameríndia era heterogênea e os conflitos\nentre diferentes grupos étnicos ajudaram a definir, de\nacordo com suas próprias lógicas e interesses, a\ndinâmica dos seus contatos com os europeus.",
        "b) O fato de Tamoios e Tupiniquins serem grupos aliados\ncontribuiu para neutralizar as disputas entre franceses\ne portugueses pelo controle do Brasil, pelo papel\nmediador que os nativos exerciam.",
        "c) Os indígenas, agentes de sua história, desde cedo\nsouberam explorar as rivalidades entre os europeus e\nmantê-los afastados dos seus conflitos interétnicos,\nanulando o impacto da presença portuguesa.",
        "d) As etnias indígenas viviam em harmonia umas com as\noutras e em equilíbrio com a natureza. Esse quadro foi\nalterado com a chegada dos europeus, que passaram\na incentivar os conflitos interétnicos para estabelecer o\ndomínio colonial."
    ],
    "associated_images": [],
    "answer": "A",
    "has_associated_images": false,
    "alternatives_type": "string",
    "subject": [
        "history"
    ],
    "TU": true,
    "IU": false,
    "MR": false,
    "ML": false,
    "BK": true,
    "PRK": true
}