{
    "question": "Na Era da Catástrofe (1914-1945), com a Grande\nDepressão desencadeada pela crise de 1929, tornava-se\ncada vez mais claro que a paz, a estabilidade social, a\neconomia, as instituições políticas e os valores intelectuais\nda sociedade liberal burguesa entraram em decadência ou\ncolapso.\n(Adaptado de E. J. Hobsbawm, Era dos extremos: o breve século XX, 1914-1991. São Paulo:\nCompanhia das Letras, 1995, p. 112.)\nA partir do excerto acima e dos conhecimentos sobre o\nperíodo histórico que vai de 1914 a 1945, é correto afirmar:",
    "number": 88,
    "id": "UNICAMP_2020_88",
    "alternatives": [
        "a) A crise de 1929 e as guerras mundiais levaram ao\ncolapso do liberalismo político e econômico na Europa\ne, ao mesmo tempo, à expansão das democracias\nliberais em países africanos e do Oriente Médio.",
        "b) As soluções para a crise de 1929 centraram-se em um\naprofundamento das políticas liberais do New Deal,\nque promoviam responsabilidade fiscal e diminuição do\npapel do Estado como motor de desenvolvimento.",
        "c) São marcos da crise do liberalismo na Europa: o\ncolapso das principais democracias, a ascensão de\ngovernos totalitários e autoritários e a descrença no\nlivre-mercado após a crise de 1929.",
        "d) Verificou-se nesse período o colapso das democracias\nliberais, com a ascensão do totalitarismo na Europa, e\no aumento das liberdades econômicas, com a\ndiminuição do papel do Estado como solução para a\ncrise de 1929."
    ],
    "associated_images": [],
    "answer": "C",
    "has_associated_images": false,
    "alternatives_type": "string",
    "subject": [
        "history"
    ],
    "TU": true,
    "IU": false,
    "MR": false,
    "ML": false,
    "BK": true,
    "PRK": true
}