{
    "question": "A partir da segunda metade da década de 1960, a\nprodução de um gênero cinematográfico extravagante\nganha força no Brasil: a pornochanchada. Num primeiro\nmomento esta se mostrou como uma comédia leve, apesar\nde algumas cenas de nudez parcial, mas logo evoluiu para\no que já era praticado pelo resto do mundo: a exploração\ndo erotismo e da sensualidade no Cinema para atender a\num crescente mercado de consumo.\n(Adaptado de Ildembergue Leite de Souza e André Luiz Maranhão de Souza Leão, A\ntransposição de mitos na intertextualidade entre Cinema e Publicidade. Intercom, Revista\nBrasileira de Ciências da Comunicação, São Paulo, v. 37, n. 2, p. 242-262, dez. 2014.)\nSobre a vida cultural no Brasil das décadas de 1960 e\n1970, é correto afirmar que:",
    "number": 89,
    "id": "UNICAMP_2020_89",
    "alternatives": [
        "a) O período ficou marcado pelo esvaziamento da cena\ncultural, com baixo dinamismo nos campos da\nprodução teatral, musical e cinematográfica. Apenas\nos gêneros ligados ao erotismo se expandiram, por\nnão serem considerados transgressores.",
        "b) A pornochanchada foi financiada pelo capital\nestrangeiro no Brasil durante o regime militar, pois a\nindústria cinematográfica, em razão dos seus altos\ncustos, passou a ser fomentada sobretudo por\nempresas norte-americanas.",
        "c) O gênero pornochanchada pode ser considerado um\nmovimento de contracultura por seu caráter de\ncontestação política, através da linguagem chula, e por\nsuas estreitas conexões com produtores culturais\nligados à Tropicália.",
        "d) A explosão dos filmes do ciclo da pornochanchada e\nseu sucesso de público ocorreram em um contexto\nmarcado, de um lado, pela revolução sexual, e, de\noutro, pela censura ao conteúdo veiculado no cinema e\nna TV."
    ],
    "associated_images": [],
    "answer": "D",
    "has_associated_images": false,
    "alternatives_type": "string",
    "subject": [
        "history"
    ],
    "TU": true,
    "IU": false,
    "MR": false,
    "ML": false,
    "BK": true,
    "PRK": true
}