{
    "question": "Tudo na vida é mortal, tudo se apaga. Se a tua chama se \napaga é em ti que está a falta. Faz o que te digo e magia \nnenhuma  te  derrubará  nesta  vida.  Tu  és  feitiço  por \nexcelência  e  não  deves  procurar  mais  magia  nenhuma. \nCorpo  de  mulher  é  magia.  Força.  Fraqueza.  Salvação. \nPerdição.  O  universo  inteiro  cabe  nas  curvas  de  uma \nmulher. \n(Paulina  Chiziane,  Niketche:  uma  história  de  poligamia.  São  Paulo: \nCompanhia das Letras, 2021. p. 38.)  \n \nO excerto acima corresponde a uma das primeiras lições \nque a conselheira amorosa oferece a Rami, a personagem \nprincipal do romance. Tendo em vista as várias peripécias \nvividas por Rami, essa lição é",
    "number": 1,
    "id": "UNICAMP_2022_1",
    "alternatives": [
        "a)  aceita pela protagonista, mas sua trajetória lhe ensina \nque o corpo feminino é, no fim das contas, perdição.",
        "b)  abandonada pela personagem principal, uma vez que \nseu marido não se encanta com seus novos ardis.",
        "c)  frustrada, pois Rami, ao conhecer suas rivais, percebe \nque não possui todos os atributos desejáveis.",
        "d)  confrontada com a experiência pessoal de Rami e de \nsuas rivais, transformando-as de modo significativo."
    ],
    "associated_images": [],
    "answer": "D",
    "has_associated_images": false,
    "alternatives_type": "string",
    "subject": [
        "portuguese"
    ],
    "TU": true,
    "IU": false,
    "MR": false,
    "ML": false,
    "BK": false,
    "PRK": true
}