{
    "question": "O texto a seguir faz parte de um glossário publicado nas \nredes  sociais  do  Alto-comissariado  das  Nações  Unidas \npara os Refugiados (ACNUR).\n [IMAGE 0] \n(Fonte: Perfil de Instagram do ACNUR Brasil: Disponível em: https://www. \ninstagram.com/acnurbrasil. Acessado em 26/06/2021.) \n \nSobre os verbetes do glossário do ACNUR, é correto dizer \nque",
    "number": 12,
    "id": "UNICAMP_2022_12",
    "alternatives": [
        "a)  contextualizam os usos dos dois termos pela agência.",
        "b)  enfatizam a sinonímia dos termos no uso pela agência.",
        "c)  evidenciam  uma  antonímia  dos  significados  dos \ntermos.",
        "d)  informam  as  acepções  figuradas  de  cada  um  dos \ntermos."
    ],
    "associated_images": [
        "imgs/UNICAMP/2022/12/0.jpg"
    ],
    "answer": "A",
    "has_associated_images": true,
    "alternatives_type": "string",
    "subject": [
        "portuguese"
    ],
    "TU": false,
    "IU": true,
    "MR": false,
    "ML": false,
    "BK": false,
    "PRK": false
}