{
    "question": "Dados  os  números  reais  positivos a1,a2,…,an a  média \ngeométrica   destes termos é calculada por: \n M = (a1...a1)^(1/n),\n A média geométrica de 1,10,100...,10^22 é:",
    "number": 16,
    "id": "UNICAMP_2022_16",
    "alternatives": [
        "a)  10^11",
        "b)  10^12",
        "c)  10^13",
        "d)  10^14"
    ],
    "associated_images": [],
    "answer": "A",
    "has_associated_images": false,
    "alternatives_type": "string",
    "subject": [
        "mathematics"
    ],
    "TU": false,
    "IU": false,
    "MR": true,
    "ML": false,
    "BK": false,
    "PRK": false
}