{
    "question": "Um círculo está inscrito em um quadrilátero ABCD. Seja   o \nponto de tangência do lado DA com o círculo. Sabe-se que \nas medidas dos lados AB,BC e CD formam, nesta ordem, \numa progressão aritmética crescente de números inteiros e \nque a medida do lado  DA é𝐴 3. Considerando que a medida \ndo  segmento TA é  um  número  inteiro,  as  medidas  dos \nlados  AB,BC e CD são, respectivamente:",
    "number": 19,
    "id": "UNICAMP_2022_19",
    "alternatives": [
        "a)  1,3,5.",
        "b)  2,3,4.",
        "c)  2,4,6.",
        "d)  3,4,5."
    ],
    "associated_images": [],
    "answer": "B",
    "has_associated_images": false,
    "alternatives_type": "string",
    "subject": [
        "mathematics"
    ],
    "TU": true,
    "IU": false,
    "MR": true,
    "ML": false,
    "BK": false,
    "PRK": true
}