{
    "question": "Pedra-papel-tesoura,  também  chamado  jankenpon  ou \njokempô, é um jogo recreativo para duas pessoas. Nesse \njogo, os participantes usam as mãos para representar os \nsímbolos  de  pedra,  papel e  tesoura,  conforme  mostrado \nnos emojis a seguir: \n [IMAGE 0]\nPelas regras do jogo, o participante que escolher “pedra” \nganha do que escolher tesoura; o participante que escolher \ntesoura  ganha  do  que  escolher  papel;  por  fim,  o  que \nescolher papel ganha do que escolher pedra. Se ambos \nescolherem os mesmos símbolos, eles empatam. \n \nAdmitindo que os participantes escolhem os símbolos com \nigual  probabilidade,  qual  a  chance  de  acontecer  pelo \nmenos um empate em três partidas?",
    "number": 21,
    "id": "UNICAMP_2022_21",
    "alternatives": [
        "a)  16/27.",
        "b)  17/27.",
        "c)  18/27.",
        "d)  19/27."
    ],
    "associated_images": [
        "imgs/UNICAMP/2022/21/1.jpg"
    ],
    "answer": "D",
    "has_associated_images": true,
    "alternatives_type": "string",
    "subject": [
        "mathematics"
    ],
    "TU": true,
    "IU": false,
    "MR": true,
    "ML": false,
    "BK": false,
    "PRK": true
}