{
    "question": "No dia 23 de março de 2021, um navio encalhou no canal \nde  Suez,  no  Egito.  A  embarcação  tinha  400  metros  de \ncomprimento  e  60  metros  de  largura.  No  ponto  onde \naconteceu o acidente, o canal de Suez não tem mais do \nque 200 metros de largura. Abaixo apresentamos uma foto \nde  satélite  e  uma  figura  representando  a  situação.  O \nângulo   indicado na figura abaixo mede  67,5°.\n[IMAGE 0]\n[IMAGE 1]\nA largura do canal, medida em metros e indicada por   na \nfigura anterior, é: \n  𝐿\n \nDados: \n•   \n  2\n•  cos(2𝜃) = 2 cos (𝜃)−1 . \n \nsen(2𝜃) = 2sen(𝜃)cos(𝜃)",
    "number": 24,
    "id": "UNICAMP_2022_24",
    "alternatives": [
        "a)   [IMAGE 2]",
        "b)   [IMAGE 3]",
        "c)   [IMAGE 4]",
        "d)   [IMAGE 5]"
    ],
    "associated_images": [
        "imgs/UNICAMP/2022/24/1.jpg",
        "imgs/UNICAMP/2022/24/2.jpg",
        "imgs/UNICAMP/2022/24/3.png",
        "imgs/UNICAMP/2022/24/4.png",
        "imgs/UNICAMP/2022/24/5.png",
        "imgs/UNICAMP/2022/24/6.png"
    ],
    "answer": "C",
    "has_associated_images": true,
    "alternatives_type": "images",
    "subject": [
        "mathematics"
    ],
    "TU": true,
    "IU": true,
    "MR": true,
    "ML": false,
    "BK": false,
    "PRK": true
}