{
    "question": "Em 2020, Joaquin Phoenix ganhou o Oscar de melhor ator \npor  sua  interpretação  no  filme  “Coringa”,  de  2019. \nApresenta-se,  a  seguir,  um  trecho  de  seu  discurso  na \nocasião. \n [IMAGE 0]\n“I  think  whether  we’re  talking  about \ngender inequality or racism or queer \nrights or indigenous rights or animal \nrights,  we’re  talking  about  the  fight \nagainst injustice. We’re talking about \nthe fight against the belief that one \nnation,  one  people,  one  race,  one \ngender, or one species has the right \nto  dominate,  control,  and  use  and \nexploit  another  with  impunity.  I  think  that  we’ve  become \nvery disconnected from the natural world, and many of us, \nwhat we’re guilty of, is an egocentric worldview: the belief \nthat we’re the center of the universe. We go into the natural \nworld, and we plunder it for its resources. We feel entitled \nto artificially inseminate a cow, and when she gives birth, \nwe steal her baby even though her cries of anguish are \nunmistakable. Then we take her milk that’s intended for her \ncalf, and we put it in our coffee and our cereal”. \n(Adaptado  de  https://www.rev.com/blog/transcripts/joaquin-phoenix-oscar-\nacceptance-speech-transcript-phoenix-wins-for-joker. Acessado em 02/07/ \n2021.) \n \nEm seu discurso, o ator",
    "number": 27,
    "id": "UNICAMP_2022_27",
    "alternatives": [
        "a)  inicia pela crítica à destruição da natureza para, então, \ndefender a luta contra as desigualdades sociais.",
        "b)  destaca a arrogância do ser humano ao mencionar a \nexploração cruel dos animais.",
        "c)  usa exemplos práticos para ilustrar a opressão sofrida \npelos trabalhadores rurais a partir da industrialização.",
        "d)  centraliza  seus  argumentos  na  necessidade  de \nlutarmos contra o racismo e a desigualdade de gênero."
    ],
    "associated_images": [
        "imgs/UNICAMP/2022/27/0.jpg"
    ],
    "answer": "B",
    "has_associated_images": true,
    "alternatives_type": "string",
    "subject": [
        "english"
    ],
    "TU": true,
    "IU": false,
    "MR": false,
    "ML": true,
    "BK": false,
    "PRK": false
}