{
    "question": "[IMAGE 0]\nOn  a  summer  night  in \n1969,  police  raided  the \nStonewall Inn, a bar in New \nYork City that served as a \nhaven  for  the  city's  gay, \nlesbian,  and  transgender \ncommunity.  Back  then, \nhomosexual  acts  were \nillegal in every state in the \nUSA  except  Illinois,  and  bars  and  restaurants  could  get \nshut  down  for  having  gay  employees  or  serving  gay \npatrons. Most gay bars in New York at the time (including \nthe  Stonewall)  were  operated  by  the  Mafia,  who  paid \ncorruptible  police  officers  to  look  the  other  way  and \nblackmailed  wealthy  gay  patrons  by  threatening  to  “out” \nthem.  Police raids on gay bars were common, but on that \nparticular  night,  members  of  the  city's  LGBTQIA+ \ncommunity decided to fight back, sparking an uprising that \nwould  launch  a  new  era  of  resistance  and  revolution. \nThough the gay rights movement didn't begin at Stonewall, \nthe uprising did mark a turning point, as earlier “homophile” \norganizations like the Mattachine Society gave way to more \nradical groups like the Gay Liberation Front and the Gay \nActivists Alliance. \n(Adaptado de https://www.history.com/news/stonewall-riots-timeline. \nAcessado em 04/06/2021.) \n \nDe  acordo  com  o  texto,  os  protestos  de  Stonewall \nrepresentaram",
    "number": 28,
    "id": "UNICAMP_2022_28",
    "alternatives": [
        "a)  o  início  da  luta  da  comunidade  LGBTQIA+  pela \nigualdade de direitos, impulsionando o surgimento de \ngrupos defensores dessa comunidade.",
        "b)  um  novo  rumo  na  luta  pelos  direitos  LGBTQIA+, \nespecialmente  pela  recusa  dos  clientes  do  bar  em \nacatar as ações da polícia naquela noite.",
        "c)  a consolidação da busca da comunidade LGBTQIA+ \npor  igualdade  de  direitos,  apesar  de  ter  levado  à \nformação de alguns grupos radicais homofóbicos.",
        "d)  um  ato  de  resistência  da  população  LGBTQIA+, \napesar  de  muitos  bares  gays  de  Nova  York  serem \nfinanciados por policiais corruptos da cidade."
    ],
    "associated_images": [
        "imgs/UNICAMP/2022/28/0.jpg"
    ],
    "answer": "B",
    "has_associated_images": true,
    "alternatives_type": "string",
    "subject": [
        "english"
    ],
    "TU": true,
    "IU": false,
    "MR": false,
    "ML": true,
    "BK": false,
    "PRK": false
}