{
    "question": "O Purificador de Água P&GTM (anteriormente conhecido \ncomo PUR) é um pacote único de pó que usa as mesmas \ntécnicas,  princípios  e  produtos  químicos  usados  no \ntratamento de água numa estação convencional. Um sachê \ndo produto trata, em 30 minutos de ação, 10 litros de água, \nsendo que a água tratada contém cloro livre de resíduos, o \nqual  serve  para  proteger  contra  recontaminação.  A \ntecnologia  P&GTM  de  purificação  de  água  em  ação  é \nmostrada na figura a seguir. \n [IMAGE 0]\nO  pacote  contém:  Ca(OCl)2 ,  KMnO4 ,  Fe2(SO4)3,poliacrilamida  aniônica  de  alto  peso  molecular  e  argila \nbentonítica.  Levando  em  conta  as  informações  dadas, \npode-se concluir que o produto é capaz de tratar a água, \npois contém agentes",
    "number": 33,
    "id": "UNICAMP_2022_33",
    "alternatives": [
        "a)  antimicrobiano, oxidante, floculante e adsorvente.",
        "b)  microbiano, oxidante, floculante e adsorvente.",
        "c)  antimicrobiano, redutor, coagulante, floculante.",
        "d)  microbiano, redutor, coagulante, floculante."
    ],
    "associated_images": [
        "imgs/UNICAMP/2022/33/0.jpg"
    ],
    "answer": "A",
    "has_associated_images": true,
    "alternatives_type": "string",
    "subject": [
        "chemistry"
    ],
    "TU": true,
    "IU": false,
    "MR": false,
    "ML": false,
    "BK": false,
    "PRK": true
}