{
    "question": "Na  natureza,  o  metano  pode  se  originar  de  processos \ntermoquímicos ou biológicos. A atividade microbiana é o \nprincipal  responsável  pela  biodegradação  anaeróbia \nsubterrânea  de  substratos  orgânicos,  sendo,  assim,  de \nimportância  fundamental  no  ciclo  do  carbono.  Por  outro \nlado,  não  se  pode  desconsiderar  a  importância  de \n \nsubstratos inorgânicos na geração desse mesmo metano \nna natureza. A figura a seguir, incompleta, é uma forma \nsintética de classificar essas possíveis formas de origem \nnatural de gás metano. \n [IMAGE 0] \nLevando em conta as informações anteriores, para que a \nfigura fique completa e correta, os números 1, 2, 3, 4, 5 e 6 \ndevem ser substituídos, respectivamente, pelos termos:",
    "number": 34,
    "id": "UNICAMP_2022_34",
    "alternatives": [
        "a)  processos,  substratos,  termoquímicos,  biológicos,  \ninorgânicos e orgânicos.",
        "b)  substratos,  processos,  biológicos,  termoquímicos, \norgânicos e inorgânicos.",
        "c)  processos,  substratos,  termoquímicos,  biológicos, \norgânicos e inorgânicos.",
        "d)  substratos,  processos,  biológicos,  termoquímicos, \ninorgânicos e orgânicos."
    ],
    "associated_images": [
        "imgs/UNICAMP/2022/34/1.jpg"
    ],
    "answer": "B",
    "has_associated_images": true,
    "alternatives_type": "string",
    "subject": [
        "chemistry"
    ],
    "TU": true,
    "IU": true,
    "MR": false,
    "ML": false,
    "BK": false,
    "PRK": true
}