{
    "question": "Na ribeira do Eufrates assentado, \nDiscorrendo me achei pela memória \nAquele breve bem, aquela glória, \nQue em ti, doce Sião, tinha passado. \n \nDa causa de meus males perguntado \nMe foi: Como não cantas a história \nDe teu passado bem e da vitória \nQue sempre de teu mal hás alcançado?  \n \nNão sabes, que a quem canta se lhe esquece \nO mal, inda que grave e rigoroso? \nCanta, pois, e não chores dessa sorte.  \n \nRespondi com suspiros: Quando cresce \nA muita saudade, o piedoso \nRemédio é não cantar senão a morte. \n(Luís de Camões, 20 sonetos. Org. Sheila Hue. Campinas: Editora da \nUnicamp, 2018, p.113).    \n \nConsiderando  as  características  formais  e  o  núcleo \ntemático,  é  correto  afirmar  que  o  poema  retoma  o  dito \npopular",
    "number": 4,
    "id": "UNICAMP_2022_4",
    "alternatives": [
        "a)  “longe dos olhos, perto do coração”.",
        "b)  “mais vale cantar mal que chorar bem”.",
        "c)  “a cada canto seu Espírito Santo”.",
        "d)  “quem canta seus males espanta”."
    ],
    "associated_images": [],
    "answer": "D",
    "has_associated_images": false,
    "alternatives_type": "string",
    "subject": [
        "portuguese"
    ],
    "TU": true,
    "IU": false,
    "MR": false,
    "ML": false,
    "BK": false,
    "PRK": true
}