{
    "question": "A  linha  internacional  de  mudança  de  data  é  uma  linha \nimaginária posicionada próximo ao meridiano de 180º ou \ndiametralmente  oposta  ao  meridiano  de  Greenwich, \ncortando  o  Oceano  Pacífico.  Uma  característica  dessa \nlinha está na sua forma irregular, o que evita que um país \ntenha a mesma hora e dias diferentes, conforme ilustra a \nfigura a seguir: \n [IMAGE 0]\n(Adaptado  de  Paulo  Márcio  Leal  de  Menezes  e  Manoel  do  Couto \nFernandes, Roteiros de Cartografia. São Paulo: Oficina de Textos, 2013. p. \n113.) \n \nA partir da leitura do enunciado e da análise da ilustração, \npodemos concluir que:",
    "number": 41,
    "id": "UNICAMP_2022_41",
    "alternatives": [
        "a)  um navio que parte do Japão em direção à costa oeste \ndos Estados Unidos, ao cruzar a linha internacional de \ndatas, terá que notificar em seus registros que pulou \num dia no calendário civil oficial.",
        "b)  cruzeiros turísticos podem antecipar a comemoração \ndo  Réveillon,  ao  cruzarem  a  linha  internacional  de \ndatas na noite do dia 30 de dezembro, desde que este \ndeslocamento se dê no sentido oeste.",
        "c)  um navio que parte da costa oeste dos Estados Unidos \nem direção ao Japão, ao cruzar a linha internacional \nde  datas,  terá  que  notificar  em  seus  registros  que \natrasou um dia no calendário civil oficial.",
        "d)  cruzeiros turísticos podem antecipar a comemoração \ndo  Réveillon,  ao  cruzarem  a  linha  internacional  de \ndatas na noite do dia 30 de dezembro, desde que esse \ndeslocamento se dê no sentido leste."
    ],
    "associated_images": [
        "imgs/UNICAMP/2022/41/1.jpg"
    ],
    "answer": "B",
    "has_associated_images": true,
    "alternatives_type": "string",
    "subject": [
        "geography"
    ],
    "TU": true,
    "IU": true,
    "MR": false,
    "ML": false,
    "BK": false,
    "PRK": false
}