{
    "question": "A posição latitudinal do continente africano faz com que \nocorra  uma  diversidade  de  biomas.  Os  mapas  a  seguir \nindicam a localização e a extensão de quatro biomas com \ncaracterísticas distintas.  \n [IMAGE 0] \n(Adaptado de Géraud Magrin, Alain Dubresson e Olivier Ninot, Atlas de \nl'Afrique. Paris: Autrement, 2018.) \n \nA  partir  do  exposto  e  de  seus  conhecimentos  sobre  os \nfatores abióticos e bióticos dos biomas africanos, assinale \na alternativa correta.",
    "number": 42,
    "id": "UNICAMP_2022_42",
    "alternatives": [
        "a)  O Bioma 1 corresponde às formações florestais que se \nsituam nas áreas de baixa latitude. Apresentam baixa \ndiversidade  vegetal,  com  predomínio  de  coníferas. \nOcorrem em áreas com excesso de chuvas, elevadas \ntemperaturas e solos profundos de boa drenagem.",
        "b)  O  Bioma  2  abarca  as  formações  mediterrâneas \ndesenvolvidas em solos férteis, em climas com verão \númido e inverno seco. Sua fitofisionomia é formada por \narbustos  baixos,  intercalados  por  gramíneas.  As \nespécies são caducifólias por conta do período seco.",
        "c)  O  Bioma  3  representa  as  áreas  de  desertos,  que \napresentam  espécies  xerófilas,  associados  a  dois \nfatores:  a  corrente  marítima  fria  que  dificulta  a \nevaporação da água do mar, e a zona de alta pressão \nnas médias latitudes, formada por anticiclones.",
        "d)  O  Bioma  4  engloba  as  formações  savânicas \nlocalizadas entre as florestas e os desertos. Ocorre em \nsolos hidromórficos desenvolvidos em climas tropicais \nde  sazonalidade  bem  marcada  pela  pluviosidade, \nresultando na formação de fitofisionomias abertas."
    ],
    "associated_images": [
        "imgs/UNICAMP/2022/42/1.png"
    ],
    "answer": "C",
    "has_associated_images": true,
    "alternatives_type": "string",
    "subject": [
        "geography"
    ],
    "TU": true,
    "IU": true,
    "MR": false,
    "ML": false,
    "BK": false,
    "PRK": true
}