{
    "question": "Na economia do Chile, entre outros aspectos, destacam-se \nas  indústrias  vitivinícola,  agrícola,  pesqueira  e  mineira. \nHouve  um  ciclo  muito  forte  de  exportação  de  matérias-\nprimas que produziu um grande crescimento econômico, \nno  chamado  “milagre  chileno”,  a  partir  dos  anos  1980. \nSegundo o Banco Mundial, o paradoxo foi o aumento brutal \nda  desigualdade.  As  consequências  surgiram  em  2019, \ncom  protestos  sociais  que  culminaram  com  uma \nAssembleia Constituinte para rever a Constituição vigente, \nainda um resquício do período da ditadura. \n(Adaptado de https://brasil.elpais.com/internacional/2021-07-04/chile-inicia-\num-novo-ciclo-e-comeca-a-redigir-a-constituicao-que-substituira-a-de-pino \nchet.html. Acessado em 03/07/2021.)   \n \nSobre a formação socioespacial chilena, é correto afirmar \nque",
    "number": 43,
    "id": "UNICAMP_2022_43",
    "alternatives": [
        "a)  pratica a vitivinicultura na Patagônia, extrai bauxita no \nAtacama, conta com uma economia bastante centrada \nno Estado e as privatizações foram generalizadas.",
        "b)  extrai cobre da Patagônia, pratica a salmonicultura no \nAtacama, conta com uma economia bastante centrada \nno mercado e as privatizações só atingiram o setor do \npetróleo.",
        "c)  pratica  a  carcinicultura  na  Patagônia,  extrai  ouro  do \nAtacama,  conta  com  uma  economia  centrada  nas \nempresas  estatais  e  as  privatizações  foram \ninexistentes.",
        "d)  extrai cobre do Atacama, pratica a salmonicultura na \nPatagônia,  conta  com  uma  economia  bastante \ncentrada  no  mercado  e  as  privatizações  foram \ngeneralizadas."
    ],
    "associated_images": [],
    "answer": "D",
    "has_associated_images": false,
    "alternatives_type": "string",
    "subject": [
        "geography"
    ],
    "TU": true,
    "IU": false,
    "MR": false,
    "ML": false,
    "BK": false,
    "PRK": true
}