{
    "question": "BRASIL  Evolução da participação relativa das \nexportações por fator agregado (2005-2015) \n [IMAGE 0] \n(Adaptado  de  Lisandra  Pereira  Lamoso,  Reprimarização  no  Território \nBrasileiro, Espaço e Economia, v. 19 , 2020.) \n \nO gráfico anterior indica a tendência de reprimarização do \nterritório brasileiro, processo este derivado",
    "number": 44,
    "id": "UNICAMP_2022_44",
    "alternatives": [
        "a)  do declínio da produção e exportação de commodities \nagrícolas em virtude do avanço da quarta revolução \nindustrial.",
        "b)  do  crescimento  do  mercado  interno  para  produtos \nindustrializados  de  maior  valor  agregado,  em \ndetrimento das exportações.",
        "c)  da  maior  participação  de  commodities  na  pauta \nexportadora paralelamente ao declínio da exportação \nde produtos industrializados.",
        "d)  da  estagnação  da  pauta  exportadora  de  produtos \nsemimanufaturados  em  virtude  do  crescimento  das \ncommodities minerais."
    ],
    "associated_images": [
        "imgs/UNICAMP/2022/44/0.jpg"
    ],
    "answer": "C",
    "has_associated_images": true,
    "alternatives_type": "string",
    "subject": [
        "geography"
    ],
    "TU": false,
    "IU": true,
    "MR": true,
    "ML": false,
    "BK": true,
    "PRK": true
}