{
    "question": "Os  quilombos,  espaços  da  resistência  e  da  insurgência \nnegra desde a sua origem, foram criados como estratégia \nde enfrentamento ao sistema escravocrata. Nos processos \nde resistência e sobrevivência dos quilombos que chegam \naos dias atuais,  as relações culturais, as identidades e os \nconflitos  têm  como  elemento  central  os  territórios, \ntensionados por interesses ilegítimos e inconstitucionais de \nterceiros em disputa pela propriedade da terra. Pouco se \ndivulga  que  existem,  atualmente  no  território  brasileiro, \naproximadamente  3.500  comunidades  quilombolas  que \nguardam um sentimento de pertença a um grupo e a um \nlugar. Estão distribuídas por todas as regiões do país, com \ndestaque  para  os  estados  do  Pará,  Maranhão,  Bahia, \nMinas Gerais, Pernambuco e Rio Grande do Sul.  \n(Adaptado de Coordenação Nacional de Articulação das Comunidades \nNegras Rurais Quilombolas [CONAQ]; TERRA DE DIREITOS, Racismo e \nviolência  contra  quilombos  no  Brasil.  Disponível  em \nhttps://cdhpf.org.br/cat_galeria/publicacoes/estudos/racismo-e-violencia-\ncontra quilombos-no-brasil/. Acessado em 03/07/2021.) \n \nSobre a demarcação e titulação das terras quilombolas no \nBrasil, é correto afirmar que teve início com a",
    "number": 46,
    "id": "UNICAMP_2022_46",
    "alternatives": [
        "a)  lei de Terras de 1850; avançou na segunda metade do \nséculo  XIX,  especialmente  após  a  abolição  da \nescravatura  e  a  institucionalização  dos  territórios \nquilombolas rurais.",
        "b)  Constituição de 1988; ainda está em curso o processo \nde demarcação e poucos territórios quilombolas (rurais \ne urbanos) receberam a titulação da propriedade até o \nmomento.",
        "c)  lei de Terras de 1850; na ocasião, foram demarcados \nos  territórios  rurais  quilombolas,  uma  vez  que  não \nhavia trabalho para homens negros e mulheres negras \nnas cidades.",
        "d)  Constituição de 1988; na década passada, por meio de \npolíticas  públicas,  foi  finalizada  a  demarcação  e  a \ntitulação  dos  territórios  quilombolas  rurais,  ficando \npendente a titulação dos quilombos urbanos."
    ],
    "associated_images": [],
    "answer": "B",
    "has_associated_images": false,
    "alternatives_type": "string",
    "subject": [
        "geography",
        "history"
    ],
    "TU": true,
    "IU": false,
    "MR": false,
    "ML": false,
    "BK": true,
    "PRK": true
}