{
    "question": "A  Serra  do  Mar  se  estende  paralelamente  ao  litoral por \ncerca de 1.500 km, desde o vale do Rio Itajaí (SC) até a \nregião de Campos dos Goytacazes (RJ). Trata-se de um \nconjunto de escarpas controladas por falhas e com graus \ndiferenciados  de  dissecação,  que  finaliza  o  Planalto \nAtlântico na linha de costa com um horst. A configuração \nda Serra do Mar pode ser observada nos perfis a seguir, \nnos estados de São Paulo e Rio de Janeiro. \n[IMAGE 0]\n(Adaptado de Yociteru Hasui, Celso Dal Ré Carneiro, Fernando Flávio \nMarques de Almeida e Andrea Bartorelli, Geologia do Brasil. São Paulo: \nBeca, 2012.) \n \nA  partir  dos  seus  conhecimentos  sobre  os  aspectos \ngeológicos e geomorfológicos da Serra do Mar, indique a \nalternativa correta.",
    "number": 47,
    "id": "UNICAMP_2022_47",
    "alternatives": [
        "a)  A  Serra  do  Mar  é  formada  predominantemente  por \náreas  falhadas  compostas  por  rochas  basálticas.  A \norigem dessas rochas está relacionada à ruptura das \nplacas  tectônicas,  o  que  resultou  na  abertura  do \nOceano Atlântico.",
        "b)  A Serra do Mar é formada por rochas sedimentares \nque apresentam, em sua estrutura, falhas e fraturas. \nNo período chuvoso, a infiltração aumenta o peso do \nmaterial,  desencadeando  processos  gravitacionais \ndenominados movimentos de massa.",
        "c)  A Serra do Mar originou-se com a ruptura das placas \ntectônicas sul-americana e africana, que ocasionou um \nconjunto de blocos falhados (soerguidos e rebaixados), \nformando ilhas, pois os grabens foram recobertos pela \nágua do mar.",
        "d)  A  Serra  do  Mar  tem  sua  gênese  associada  a \nprocessos  similares  à  origem  da  Cordilheira  dos \nAndes,  que,  com  a  convergência  das  placas  sul-\namericana  e  africana,  ocasionou  a  formação  de \ndobramentos e falhamentos hoje estabilizados."
    ],
    "associated_images": [
        "imgs/UNICAMP/2022/47/0.jpg"
    ],
    "answer": "C",
    "has_associated_images": true,
    "alternatives_type": "string",
    "subject": [
        "geography"
    ],
    "TU": true,
    "IU": false,
    "MR": false,
    "ML": false,
    "BK": true,
    "PRK": true
}