{
    "question": "Na Antiguidade Clássica, os gregos sabiam que a terra era \nredonda. Supunha-se, porém, que, se existisse gente do \noutro lado do globo, elas viveriam de pernas para o ar, uma \nvez que, nessa época, não havia ainda notícia da força da \ngravidade. Sobre a percepção da Terra e a ciência nos \nDescobrimentos, há um público que pensa na modernidade \ncientífica como algo do século XVII, esquecendo que uma \nnova mentalidade empírica com implicações tecnológicas \nmotivou  os  Descobrimentos  portugueses.  O  norte-\namericano  Washington  Irving  e  o  francês  Antoine-Jean \nLetronne,  em  finais  do  século  XIX  e  princípios  do  XX, \ndifundiram  o  mito  da  \"terra  plana”,  o  que  logo  ganhou \nadeptos. De acordo com os autores desse mito, Colombo \nteria  proposto  a  D.  João  II  sua  teoria  supostamente \nrevolucionária da esfericidade da terra. O rei teria reunido \nseus  especialistas,  que  rejeitaram  a  proposta  porque \nachavam que a terra era plana. A viagem de Colombo com \na  descoberta  das  Américas,  todavia,  confirmaria  a \nredondeza  da  Terra.  O  mito,  porém,  prevaleceu.  No \nentanto, a realidade é deveras fascinante.  \n(Adaptado  de  Onésimo  Teotónio  Almeida,  A  ciência  no  Portugal  da \nExpansão. Ideias. jornaldeletras. pt. 26 de setembro a 9 de outubro de \n2018, p. 31-32.) \n \nBaseado no enunciado acima, é correto afirmar:",
    "number": 50,
    "id": "UNICAMP_2022_50",
    "alternatives": [
        "a)  O mito da terra plana, disseminado em finais do século \nXIX,  foi  usado  para  interpretar  os  Descobrimentos \nportugueses,  e  até  hoje  cativa  um  público.  Ainda \nassim, desde a Antiguidade, já se sabia que a Terra é \nredonda.",
        "b)  Os  Descobrimentos  portugueses  subordinam-se  à \nnoção  de  Revolução  Científica  do  século  XVII, \nresultando em uma inovação tecnológica associada a \numa mentalidade racionalista singular.",
        "c)  O  texto  propõe  compreender  os  Descobrimentos \nportugueses  como  impulsionados  por  uma  nova \nmentalidade empírica com implicações tecnológicas, o \nque reafirma a noção da Terra plana.",
        "d)  No  domínio  da  modernidade  científica,  os \nDescobrimentos  portugueses  vão  além  do  mito  de \nColombo  e  da  Terra  plana.  Seus  conhecimentos, \nporém,  desembocaram  em  resultados  de  pouco \nsignificado histórico."
    ],
    "associated_images": [],
    "answer": "A",
    "has_associated_images": false,
    "alternatives_type": "string",
    "subject": [
        "history"
    ],
    "TU": true,
    "IU": false,
    "MR": false,
    "ML": false,
    "BK": false,
    "PRK": true
}