{
    "question": "A rainha Nzinga (1624-1663), governante seiscentista do \nNdongo,  um  reino  da  África  Central  situado  na  atual \nAngola, chegou ao poder graças à sua competência militar, \nà diplomacia bem sucedida, à manipulação da religião e de \nconflitos entre potências europeias. Ela criou as condições \npara  a  primeira  sublevação  popular  mbundu  contra  a \nexploração portuguesa ao atrair para sua causa os chefes \nque estavam sob influência europeia. Depois conquistou o \nreino vizinho de Matamba e o governou por três décadas \njunto  com  o  que  restou  do  poderoso  reino  Ndongo; \ndesafiou  treze  governadores  portugueses  que  regeram \nAngola entre 1622 e 1633. Apesar de seus feitos e o longo \nreinado,  comparável  ao  de  Elizabeth  I  (1503—1603)  da \nInglaterra,  ela  foi  desacreditada  pelos  contemporâneos \neuropeus e por autores posteriores.  \n(Adaptado de Linda Heywood, Nzinga de Angola: a rainha guerreira de \nÁfrica. Lisboa: Casa das Letras, 2017. p. 10-12; 82.)  \n \nCom base no excerto e em seus conhecimentos, é correto \nafirmar que a rainha Nzinga:",
    "number": 51,
    "id": "UNICAMP_2022_51",
    "alternatives": [
        "a)  Utilizou,  como  estratégias  políticas  para  conter  o \navanço português em seus territórios, a formação de \nalianças  com  reinos  vizinhos  (como  Congo),  a \nexploração dos conflitos entre Portugal e Holanda e a \ninterferência nas redes do tráfico.",
        "b)  Expulsou  os  portugueses  de  Angola  e  reconstruiu  o \nreino do Ndongo em sua extensão original através da \npolítica  de  distribuição  de  terras  aos  sobas  que \naceitaram a sua legitimidade no trono.",
        "c)  Aboliu o tráfico atlântico de escravizados, apesar da \noposição de missionários e comerciantes portugueses \nque  viviam  em  Luanda,  e  perseguiu  os  sobas \nenvolvidos com o comércio.",
        "d)  Enfrentou um mundo onde o imaginário monárquico e \no ideário político eram hegemonicamente masculinos \ne, assim como a Rainha Elizabeth I, não teve sucesso \npolítico e militar."
    ],
    "associated_images": [],
    "answer": "A",
    "has_associated_images": false,
    "alternatives_type": "string",
    "subject": [
        "history"
    ],
    "TU": true,
    "IU": false,
    "MR": false,
    "ML": false,
    "BK": false,
    "PRK": true
}