{
    "question": "Não parece ser obra do acaso a preservação da unidade \nterritorial  do  Império  do  Brasil,  quando  comparada  à \nfragmentação  política  experimentada  pelos  antigos  vice-\nreinos hispano-americanos, entre 1810 e 1825. Em Lisboa, \nno  âmbito  da  Sociedade  Real  Marítima  e  Militar  (1798-\n1807), foram preparadas memórias históricas, corográficas \ne  roteiros  hidrográficos  redigidos  pelos  engenheiros \nmilitares e navais. Esta documentação serviu à diplomacia \ndo  Império  brasileiro  nos  tribunais  internacionais;  mas \ntambém,  muniu,  internamente,  a  organização  das \nexpedições de conquista territorial, levadas ao cabo pelas \nelites regionais antes e após a Independência. \n(Adaptado de Iris Kantor, Mapas em trânsito: projeções cartográficas e \nprocesso de emancipação política do Brasil (1779-1822). Araucaria. Ver. \nIberoamericana de Filos., Polít. y Humanidades. 2010, 12, n. 24. p. 110.) \n \nConsiderando  o  excerto  acima  e  seus  estudos,  pode-se \nafirmar que",
    "number": 53,
    "id": "UNICAMP_2022_53",
    "alternatives": [
        "a)  o  processo  de  fragmentação  política  da  América \nhispânica  durante  o  período  da  independência  foi \nsimilar  ao  processo  histórico  da  independência  no \nBrasil.",
        "b)  na Sociedade Real Marítima e Militar, os estudos dos \nengenheiros  militares  e  navais  eram  documentos \npúblicos amplamente divulgados em livros didáticos da \népoca.",
        "c)  a documentação da Sociedade Real Marítima e Militar \nfoi usada, no Brasil, na fundação do Estado e no \nreconhecimento territorial da nação.",
        "d)  as elites regionais, formadas em Direito, atuaram na \nformação do território brasileiro, pouco dialogando com \nos estudos de engenharia militar."
    ],
    "associated_images": [],
    "answer": "C",
    "has_associated_images": false,
    "alternatives_type": "string",
    "subject": [
        "history"
    ],
    "TU": true,
    "IU": false,
    "MR": false,
    "ML": false,
    "BK": true,
    "PRK": true
}