{
    "question": "É  uma  tarefa  difícil  realizar  um  diagnóstico  do  tempo \npresente.  Definir  o  presente  como  “época”?  Os  marcos \ncanônicos  (geralmente  de  natureza  política)  variam, \nsabidamente,  ao  gosto  das  experiências  nacionais.  Na \nFrança,  na  península  Ibérica  e  no  Brasil,  o  marco  que \ndefine o início da história contemporânea é a Revolução \nFrancesa. Na Alemanha e na Inglaterra, o historiador que \nse  dedica  à  história  contemporânea  trabalha \npreferencialmente  com  eventos  posteriores  à  II  Guerra \nMundial. Contemporânea, na Rússia, é a história posterior \na  1918.  Na  Itália,  por  sua  vez,  trata-se  do  período  que \nadvém após o Congresso de Viena (1814-1815). \n(Adaptado de Helena Miranda Mollo, Sergio da Mata, Mateus Henrique de \nFaria Pereira e Flávia Varella, Tempo presente & usos do passado. Rio de \nJaneiro: Editora FGV, 2012. Posição Kindle: 107-111.)   \n \nA partir da leitura do texto, é correto afirmar que",
    "number": 55,
    "id": "UNICAMP_2022_55",
    "alternatives": [
        "a)  o  recorte  temporal  de  História  Contemporânea  é \nnatural e consensual entre as civilizações ocidentais e \nresume  o  que  podemos  definir  como  História  do \nTempo Presente.",
        "b)  experiências  traumáticas  marcadas,  por  exemplo, \npelas duas grandes guerras mundiais, definem nossa \nexperiência de tempo presente e delimitam o início da \nHistória Contemporânea.",
        "c)  as  balizas  cronológicas  da  História  que  definem  as \nperiodizações  usadas  pelas  grandes  narrativas \nhistóricas e livros escolares são de natureza política, \nvariando de acordo com as experiências nacionais.",
        "d)  os riscos de se construir narrativas múltiplas sobre a \nhistória  do  tempo  presente  tornam  urgente  uma \nrevisão histórica que estabeleça balizas cronológicas \nuniversais na linearidade do tempo histórico."
    ],
    "associated_images": [],
    "answer": "C",
    "has_associated_images": false,
    "alternatives_type": "string",
    "subject": [
        "history"
    ],
    "TU": true,
    "IU": false,
    "MR": false,
    "ML": false,
    "BK": false,
    "PRK": true
}