{
    "question": "A figura a seguir mostra a temperatura da tigela de uma \npanela de arroz elétrica em função do tempo de cozimento. \nLigando-se a panela, uma resistência elétrica aumenta a \ntemperatura  da  tigela  contendo  arroz  e  água  até  que  a \nágua  entre  em  ebulição.  Depois  que  toda  a  água  é \nconsumida ─ por evaporação e por absorção pelo arroz ─, \na temperatura da tigela volta a subir, o que é detectado por \num  sensor,  e  a  panela  é  então  desligada.  A  potência \nelétrica  dissipada  pela  resistência  elétrica,  na  forma  de \ncalor, é  P = 400 W, constante durante todo o cozimento. \nQuanto vale a energia elétrica dissipada desde o início do \nprocesso até que toda a água seja consumida? \n [IMAGE 0]",
    "number": 61,
    "id": "UNICAMP_2022_61",
    "alternatives": [
        "a)  13,3 kJ.",
        "b)  240 kJ.",
        "c)  720 kJ",
        "d)  2000 kJ."
    ],
    "associated_images": [
        "imgs/UNICAMP/2022/61/1.jpg"
    ],
    "answer": "C",
    "has_associated_images": true,
    "alternatives_type": "string",
    "subject": [
        "physics"
    ],
    "TU": true,
    "IU": true,
    "MR": true,
    "ML": false,
    "BK": false,
    "PRK": true
}