{
    "question": "As  máscaras  de  proteção  N95  e  PFF2  se  tornaram \nferramentas  importantes  no  combate  à  disseminação  do \nnovo coronavírus durante a pandemia da Covid-19. Essas \nmáscaras possuem fibras compostas de um material com \ncampo elétrico permanente e são capazes de realizar uma \nfiltragem eletrostática das partículas ou gotículas dispersas \nno ar. Considere um campo elétrico uniforme de módulo  \nE_0 = 4,0x10^-2 V/m  em  uma  região  do  espaço.  A \ndiferença de potencial elétrico entre duas linhas tracejadas \nparalelas entre si e perpendiculares à direção desse campo \nelétrico, separadas por uma distância  d,conforme mostra \na figura a seguir, é igual a\n [IMAGE 0]",
    "number": 63,
    "id": "UNICAMP_2022_63",
    "alternatives": [
        "a)  1,6x10^-10 V.",
        "b)  2,0x10^-7 V.",
        "c)  0,8x10^-6 V.",
        "d)  1,2x10^-4 V."
    ],
    "associated_images": [
        "imgs/UNICAMP/2022/63/0.jpg"
    ],
    "answer": "B",
    "has_associated_images": true,
    "alternatives_type": "string",
    "subject": [
        "physics"
    ],
    "TU": true,
    "IU": true,
    "MR": true,
    "ML": false,
    "BK": false,
    "PRK": true
}