{
    "question": "\"Eu estava tão fraca, meu corpo estava tão debilitado, que \npensava:  só  quero  terminar  a  obra  antes  de  morrer”, \nrelatou  a  artista  plástica  Gillian  Genser  durante  a \nconfecção  da  escultura  que  representaria  Adão.  Nessa \nobra, a artista utilizou conchas de mexilhão azul, que vive \nnas águas da costa Atlântica do Canadá. Mas durante a \ncriação  da  obra,  a  artista  apresentou  sintomas  de \ndemência severa, dores que a imobilizavam, problemas de \nfala,  desorientação  espacial,  perda  de  memória.  Foi \ndiagnosticada  com  envenenamento  por  arsênico  e  por \nchumbo,  apesar  de  dizer  aos  especialistas  que  não \ntrabalhava com materiais tóxicos, apenas naturais. \n(Fonte:  https://www.bbc.com/portuguese/geral-46908197.  Acessado  em \n11/06/2021.) \n \n \nConsiderando  o  relato  da  reportagem  e  seus \nconhecimentos,  assinale  a  alternativa  correta  sobre  os \nmexilhões.",
    "number": 67,
    "id": "UNICAMP_2022_67",
    "alternatives": [
        "a)  São  moluscos  bivalves  -  considerados  predadores \nativos das cadeias tróficas -, capazes de metabolizar e \nexcretar elevadas taxas de arsênico e chumbo.",
        "b)  São  moluscos  bivalves  -  considerados  bentônicos \nfiltradores  -  tolerantes  à  poluição  e  capazes  de \nbioacumular elevadas taxas de arsênico e chumbo.",
        "c)  São crustáceos - considerados predadores ativos das \ncadeias tróficas -, capazes de metabolizar e excretar \nelevadas taxas de arsênico e chumbo.",
        "d)  São crustáceos - considerados bentônicos filtradores - \ntolerantes  à  poluição  e  capazes  de  bioacumular \nelevadas taxas de arsênico e chumbo."
    ],
    "associated_images": [],
    "answer": "B",
    "has_associated_images": false,
    "alternatives_type": "string",
    "subject": [
        "biology"
    ],
    "TU": true,
    "IU": false,
    "MR": false,
    "ML": false,
    "BK": false,
    "PRK": true
}