{
    "question": "USE  OS  TEXTOS  I  e  II  PARA  RESPONDER  À \nQUESTÃO.  \n \nTexto I \n [IMAGE 0] \n(Denilson Baniwa, Repovoamento da memória de uma cidade-floresta, \n2021,  Mural  Lambe-lambe,  3,80m  x  12m.  Disponível  em \nhttps://www.premiopipa.com/wp-content/uploads/2019/03/23-Denilson-\nBaniwa.jpeg .Acessado em 05/07/2021.)  \n \nTexto II \nPara  que  as  memórias  e  tradições  permaneçam  vivas,  o \nMuseu  da  Pessoa,  a  Rádio  Yandê  e  Ailton  Krenak  vão \nrealizar uma formação virtual em memória e mídias para que \njovens das comunidades originárias registrem as histórias de \nvida de seus anciãos e anciãs.  \nO ditado “Cada ancião que morre é uma biblioteca que se \nqueima” é válido para os povos indígenas, portanto nosso \nlema é “Cada ancião que se preserva é uma biblioteca que \nse  salva”.  Na  tradição  dos  povos  indígenas,  todo \nconhecimento de plantas, de cura, de mitos e narrativas é \nproduzido de maneira oral. “A gente não sabe até quando \nque  vão  ter  esse  conhecimento  completo.  A  gente  vai \nmorrendo  e  vai  se  apagando  tudo.  A  gente  não  é  igual \nvocês,  que  fica  tudo  guardado  em  algum  lugar  (...)” \n(Awapataku Waura, ancião e pajé do povo Waura). \n(Adaptado de “Projeto Vidas Indígenas”, vídeo institucional do Museu da \nPessoa,  sobre  registro  de  narrativas  orais  indígenas.  Disponível  em: \nhttps://benfeitoria.com/vidasindigenas. Acessado em 04/04/2021.)\nO  mural  criado  pelo  artista  Denilson  Baniwa  (texto  I)  e  o \nexcerto da apresentação do Projeto Vidas Indígenas (texto II) \ntratam da memória dos povos indígenas. Assinale a alternativa \nque sintetiza os dois textos.",
    "number": 7,
    "id": "UNICAMP_2022_7",
    "alternatives": [
        "a)  Os conhecimentos produzidos por narrativas orais são \nfacilmente perdidos, por isso os povos indígenas não \nconseguem transmitir sua memória.",
        "b)  A produção de imagens e o uso de mídias tecnológicas \nem  comunidades  indígenas  são  atualmente  o  único \nmeio de esses povos contarem suas histórias.",
        "c)  Os  textos  orais  indígenas  dão  forma  a  memórias, \nsaberes  e  visões  de  mundo  desses  povos,  por  isso \ndevem ser registrados e mantidos.",
        "d)  O  mural  ressalta  a  perda  da  memória  dos  povos \nindígenas e o excerto propõe meios de modernização \nda produção de narrativas e saberes."
    ],
    "associated_images": [
        "imgs/UNICAMP/2022/7_8/1.jpg"
    ],
    "answer": "C",
    "has_associated_images": true,
    "alternatives_type": "string",
    "subject": [
        "portuguese"
    ],
    "TU": true,
    "IU": true,
    "MR": false,
    "ML": false,
    "BK": false,
    "PRK": true
}