{
    "question": "Vacinar-se é um ato necessário para proteção individual e \ncoletiva.  Até  o  momento,  quatro  vacinas  contra  o  novo \ncoronavírus  (SARS-CoV-2)  receberam  autorização  da \nAgência Nacional de Vigilância Sanitária (Anvisa) para uso \nno Brasil e podem apresentar biotecnologia distinta para \npromover a resposta imune do organismo. \n \nAssinale  a  alternativa  que  apresenta  corretamente  a \nrelação entre o princípio tecnológico da vacina e a resposta \nimune induzida no organismo vacinado.",
    "number": 71,
    "id": "UNICAMP_2022_71",
    "alternatives": [
        "a)  O DNA sintético induz a produção da proteína spike do \nSARS-CoV-2, o que estimula a produção de antígenos \npelo sistema imune.",
        "b)  O adenovírus, como um vetor viral replicante, carrega \no gene da proteína spike do SARS-CoV-2 e induz a \nprodução de anticorpos pelo sistema imune.",
        "c)  A  partícula  viral  ativa  do  SARS-CoV-2  possui  no \ncapsídeo a proteína spike, que induz a produção de \nantígenos pelo sistema imune.",
        "d)  O  RNAm  sintético  fornece  instruções  ao  organismo \npara a produção da proteína spike do SARS-CoV-2, o \nque estimula a produção de anticorpos pelo sistema \nimune."
    ],
    "associated_images": [],
    "answer": "D",
    "has_associated_images": false,
    "alternatives_type": "string",
    "subject": [
        "biology"
    ],
    "TU": true,
    "IU": false,
    "MR": false,
    "ML": false,
    "BK": false,
    "PRK": true
}