{
    "question": "[IMAGE 0]\nA  radiação  infravermelha  é  uma  radiação  não  ionizante \nemitida por todo corpo físico com temperatura acima do \nzero absoluto.  \n(Fonte: Portal G1. Acessado em 21/06/2021.) \n \n \nAssinale  a  alternativa  que  preenche  corretamente  as \nlacunas no excerto a seguir. \n \nO termômetro capta a radiação infravermelha emitida da \nsuperfície da fronte (testa), sendo unicamente um sensor \nde  temperatura.  Localizada  no  interior  do  cérebro,  a \nglândula pineal faz parte do sistema (i) ____________ e é \nresponsável pela liberação de (ii) ____________ durante a \nnoite.  Algumas  funções  dessa  substância  estão \nrelacionadas à modulação nos padrões (iii) ____________ \ne à regulação (iv) ____________.",
    "number": 72,
    "id": "UNICAMP_2022_72",
    "alternatives": [
        "a)  (i) endócrino; (ii) melatonina; (iii) do ciclo circadiano; \n(iv) da reprodução.",
        "b)  (i) nervoso; (ii) melatonina; (iii) de secreção da tireoide; \n(iv) da homeostase hídrica.",
        "c)  (i) endócrino; (ii) ocitocina; (iii) de secreção da tireoide; \n(iv) da homeostase hídrica.",
        "d)  (i) nervoso; (ii) ocitocina; (iii) do ciclo circadiano; (iv) da \nreprodução."
    ],
    "associated_images": [
        "imgs/UNICAMP/2022/72/0.jpg"
    ],
    "answer": "A",
    "has_associated_images": true,
    "alternatives_type": "string",
    "subject": [
        "biology"
    ],
    "TU": true,
    "IU": false,
    "MR": false,
    "ML": false,
    "BK": false,
    "PRK": true
}