{
    "question": "Leia, a seguir, o título e subtítulo de uma reportagem. \n [IMAGE 0] \n(Fonte: Correio 24horas. 21/06/2021.) \n \nAo  longo  da  pandemia  da  Covid-19  tornou-se  cada  vez \nmais  recorrente  o  uso  da  expressão  de  língua  inglesa \nhome office (em tradução literal, “escritório em casa”) para \nse referir a trabalho a distância ou a teletrabalho. Indique a \nalternativa  que  descreve  o  processo  de  composição  do \nneologismo “roça-office”, conforme empregado no título da \nreportagem.",
    "number": 9,
    "id": "UNICAMP_2022_9",
    "alternatives": [
        "a)  A substituição do vocábulo em inglês “home” por “roça” \ntorna  o  uso  desse  estrangeirismo  mais  adequado  à \ngrafia do português.",
        "b)  A  justaposição  de  “roça”  e  “office”  produz  um  efeito \ncômico pelo contraste entre os meios rural e urbano na \nformação do neologismo.",
        "c)  A  justaposição  de  “roça”  e  do  neologismo  “office” \nbaseia-se na similaridade fonético-fonológica entre os \nvocábulos “home” e “roça”.",
        "d)  A aglutinação dos radicais “roça” e “office” adapta o \nneologismo aos imóveis brasileiros e produz o efeito \nde humor na manchete."
    ],
    "associated_images": [
        "imgs/UNICAMP/2022/9/1.jpg"
    ],
    "answer": "B",
    "has_associated_images": true,
    "alternatives_type": "string",
    "subject": [
        "portuguese"
    ],
    "TU": true,
    "IU": true,
    "MR": false,
    "ML": false,
    "BK": false,
    "PRK": false
}