{
    "question": "Dizer que Caetano falou \"X” porque \"é um leonino vaidoso\" \nquer  dizer  que:  a)  todo  leonino  é  vaidoso  (se  leonino, \nvaidoso),  ou  b)  que  ele  pertence  a  um  subconjunto  de \nleoninos,  os  vaidosos?  (o  que  dá,  no  primeiro  caso, \n\"leonino,  que  é  vaidoso\"  e  no  segundo,  \"leonino  que  é \nvaidoso\"). \n(Sírio Possenti, postagem na rede social Facebook, 8 de agosto de 2020.)   \n \nEntre  os  comentários  à  postagem,  qual  deles  responde \ncorretamente à pergunta do autor?",
    "number": 11,
    "id": "UNICAMP_2021_11",
    "alternatives": [
        "a)  “Em  um  determinado  universo  de  crenças,  leoninos \nsão vaidosos. Isso é um clichê, um senso comum.”",
        "b)  “'É um leonino vaidoso' = é como qualquer leonino, no \ncaso, vaidoso. É vaidoso porque é vaidoso. Alternativa \na.”",
        "c)  “Entendo como a opção 2. Para que eu entendesse \ncomo  opção  1,  deveria  ser:  'como  todo  leonino,  é \nvaidoso', ou algo do tipo.”",
        "d)  “Fico com a restritiva 'leonino que é vaidoso'. Entendo \nque, ao trazer vaidoso a leonino, acentua o vaidoso já \nimplicado em leonino.”"
    ],
    "associated_images": [],
    "answer": "C",
    "has_associated_images": false,
    "alternatives_type": "string",
    "subject": [
        "portuguese"
    ],
    "TU": true,
    "IU": false,
    "MR": false,
    "ML": false,
    "BK": false,
    "PRK": false
}