{
    "question": "O cartaz reproduzido a seguir faz parte de uma campanha \nda Organização Pan-Americana da Saúde. \n [IMAGE 0] \n(Disponível em https://www.paho.org/en/topics/violence-against-women.\nQual das medidas abaixo é recomendada no cartaz?",
    "number": 18,
    "id": "UNICAMP_2021_18",
    "alternatives": [
        "a)  Comunicar à polícia os casos de violência contra as \nmulheres.",
        "b)  Contratar  advogados  que  atuem  em  defesa  das \nmulheres agredidas.",
        "c)  Estabelecer  programas  de  prevenção  aos  casos  de \nagressão contra mulheres.",
        "d)  Criar  unidades  de  saúde  especializadas  em  atender \nmulheres vítimas de agressão."
    ],
    "associated_images": [
        "imgs/UNICAMP/2021/day2/18/1.jpg"
    ],
    "answer": "C",
    "has_associated_images": true,
    "alternatives_type": "string",
    "subject": [
        "english"
    ],
    "TU": true,
    "IU": true,
    "MR": false,
    "ML": true,
    "BK": false,
    "PRK": false
}