{
    "question": "Tradicionalmente, o palco pode apresentar uma variedade \nde  estilos  cênicos,  entre  os  quais  se  destacam  o  estilo \nrealista (põe em evidência detalhes ambientais para sugerir \nsensações e emoções vividas pelas personagens), o estilo \nexpressionista (os objetos são distorcidos ou estilizados, \ncom o fim de sugerir, mais que mostrar, o ambiente de \natuação das personagens), o estilo simbolista (os objetos \nconcretos sugerem ideias abstratas, segundo associações \nsinestéticas tradicionais: o verde, vestido pelos mágicos, \nindica a esperança; o vermelho, a cor do demônio, sugere \numa paixão violenta; a veste branca simboliza a candura, a \ncastidade). \n(Adaptado de Salvatore D´Onofrio, Teoria do texto 2: Teoria da lírica e do \ndrama. São Paulo: Ática, 1995, p. 138.) \n \nSem identidade, hierarquias no chão, estilos misturados, \na pós-modernidade é isto e aquilo, num presente aberto \npelo e.  \n(Jair Ferreira dos Santos, O que é o pós-moderno. São Paulo: Brasiliense, 2004, \np. 110.) \n \nCom  base  nas  indicações  cênicas  (as  didascálias)  que \nabrem  e  fecham  a  peça  O  marinheiro,  de  Fernando \nPessoa, é correto afirmar que o seu estilo é",
    "number": 2,
    "id": "UNICAMP_2021_2",
    "alternatives": [
        "a)  expressionista, dadas a ausência de ações dramáticas \ne  a  presença  de  sugestões  alegóricas  como,  por \nexemplo, o canto do galo.",
        "b)  simbolista, uma vez que os elementos que compõem a \ncena  dramática  sugerem  alguns  significados  de \nnatureza filosófica.",
        "c)  realista,  porque  as  imagens  da  noite,  do  luar  e  do \nalvorecer indicam precisamente a passagem do tempo.",
        "d)  pós-modernista,  tendo  em  vista  que  os  objetos \ndescritos  criam  uma  atmosfera  mágica,  na  qual  a \nilusão não se distingue da realidade."
    ],
    "associated_images": [],
    "answer": "B",
    "has_associated_images": false,
    "alternatives_type": "string",
    "subject": [
        "portuguese"
    ],
    "TU": true,
    "IU": false,
    "MR": false,
    "ML": false,
    "BK": true,
    "PRK": true
}