{
    "question": "‘The Complete Stories,’ by Clarice Lispector \nBy Terrence Rafferty \nJuly 27, 2015 \n [IMAGE 0] \nThere’s  a  whiff  of  madness  in  the  fiction  of  Clarice \nLispector. The “Complete  Stories” of the Brazilian  writer, \nedited  by  Benjamin  Moser  and  sensitively  translated  by \nKatrina  Dodson,  is  a  dangerous  book  to  read  quickly  or \ncasually because it’s so consistently delirious. Sentence by \nsentence,  page  by  page,  Lispector  is  exhilaratingly, \narrestingly  strange, \nbut  her  perceptions \ncome so fast, veer so \nwildly  between  the \nmundane  and  the \nmetaphysical,  that \nafter a while you don’t \nknow  where  you  are, \neither in the book or in \nthe world. So it’s best \nto  approach  her  with \nsome caution. For the \nordinary reader — that \nis to say, for most of \nus — immersion in the \nteeming  mind  of \nClarice  Lispector  can \nbe  an  exhausting, \neven  a  deranging, \nexperience, not to be \nundertaken  lightly.  (Pack  food,  water,  a  first  aid  kit  and \nplenty of sunblock.) \n \nHer  stories  are  full  of  strange  words,  in  strange \ncombinations, and her “Complete Stories” is a remarkable \nbook, proof that she was — in the company of Jorge Luis \nBorges,  Juan  Rulfo  and  her  19th-century  countryman \nMachado  de  Assis  —  one  of  the  true  originals  of  Latin \nAmerican literature.\n\nTHE COMPLETE STORIES \nBy Clarice Lispector  \nEdited by Benjamin Moser \nTranslated by Katrina Dodson \n645 pp. New Directions. $28.95. \n \n(Adaptado de https://www.nytimes.com/2015/08/02/books/review/the-complete-\nstories-by-clarice-lispector.html. Acessado em 21/07/20.) \nNo texto acima, o livro de Clarice Lispector recebe uma \ncrítica",
    "number": 20,
    "id": "UNICAMP_2021_20",
    "alternatives": [
        "a)  positiva,  apesar  das  ressalvas  quanto  aos  cuidados \nque a leitura da obra exige.",
        "b)  negativa, apesar dos elogios à originalidade da autora \ne à tradução para o inglês.",
        "c)  positiva,  apesar  dos  alertas  quanto  às  temáticas \nperigosas da obra.",
        "d)  negativa, apesar da comparação com grandes nomes \nda literatura latino-americana."
    ],
    "associated_images": [
        "imgs/UNICAMP/2021/day2/20/0.jpg"
    ],
    "answer": "A",
    "has_associated_images": true,
    "alternatives_type": "string",
    "subject": [
        "english"
    ],
    "TU": true,
    "IU": false,
    "MR": false,
    "ML": true,
    "BK": true,
    "PRK": false
}