{
    "question": "Considere  uma  comunidade  marinha  que  compreende \nmuitos  ancestrais  dos  filos  de  animais  modernos. \nConsidere  ainda  que  uma  adaptação  proficiente  foi \nintroduzida  em  uma  única  espécie.  O  resultado  da \nadaptação seria um rápido aumento tanto na abundância \nrelativa da espécie quanto no espaço explorado por ela. As \ninterações  bióticas  podem  ser  consideradas  agentes  de \nseleção, e a interação das comunidades de espécies em \nseus  próprios  ambientes  seletivos  é  uma  fonte  de \ndiversificação. O rápido aumento da espécie seria seguido \npor  uma  desaceleração  da  proliferação  de  novos  tipos \necológicos. A tragédia dos comuns, quando os interesses \nou ações de uma espécie são prejudiciais à comunidade \ncomo  um  todo,  deve  ser  evitada  para  o  sucesso  da \ncomunidade marinha.  \n(Adaptado de P. D. Roopnarine e K. D. Angielczyl. Biology Letters, Londres, v. 8, \np. 147-150, fev. 2012.) \n \nBaseado em seus conhecimentos em ecologia e evolução, \nassinale a alternativa correta.",
    "number": 22,
    "id": "UNICAMP_2021_22",
    "alternatives": [
        "a)  A população da espécie com a adaptação aumentaria \ninfinitamente, pois os recursos são ilimitados e haveria \naumento das interações bióticas interespecíficas.",
        "b)  A  espécie  com  a  adaptação  seria  um  agente  de \nseleção de outras espécies pelo uso de um recurso \ncomum, impulsionando a evolução dos concorrentes.",
        "c)  A  proliferação  da  espécie  com  a  adaptação  seria \nmotivada pela saturação ecológica e pela exaustão de \nrecursos pelas outras espécies.",
        "d)  A comunidade marinha permanecerá inalterada se a \nespécie com a nova adaptação apresentar abundantes \ninterações bióticas interespecíficas."
    ],
    "associated_images": [],
    "answer": "B",
    "has_associated_images": false,
    "alternatives_type": "string",
    "subject": [
        "biology"
    ],
    "TU": true,
    "IU": false,
    "MR": false,
    "ML": false,
    "BK": false,
    "PRK": true
}