{
    "question": "Uma equipe de paleontólogos descreveu recentemente um \npapagaio gigante a partir de fósseis encontrados na Nova \nZelândia.  O  Heracles  inexpectatus  viveu  no  Mioceno, \npesava aproximadamente 7 kg e não voava. Sabemos que \nas  aves  atuais  são  descendentes  dos  dinossauros  e \nherdaram  características  importantes  desses  seres  que \nviveram há milhões de anos. \n(T. H. Worthy e outros. Biology Letters, Londres, v. 15, 2019047, ago. 2019.) \n \nAssinale  a  alternativa  que  indica  corretamente \ncaracterísticas  das  aves  atuais  possivelmente  herdadas",
    "number": 24,
    "id": "UNICAMP_2021_24",
    "alternatives": [
        "a)  Viviparidade e bico.",
        "b)  Ectotermia e ossos pneumáticos.",
        "c)  Oviparidade e dentes.",
        "d)  Endotermia e penas."
    ],
    "associated_images": [],
    "answer": "D",
    "has_associated_images": false,
    "alternatives_type": "string",
    "subject": [
        "biology"
    ],
    "TU": true,
    "IU": false,
    "MR": false,
    "ML": false,
    "BK": false,
    "PRK": true
}