{
    "question": "As doenças tropicais negligenciadas afetam principalmente \nas populações que vivem em condições de pobreza, sem \nacesso ao saneamento básico e em contato com diversos \nvetores.  Nesse  contexto,  a  esquistossomose  é  uma  das \nmais  emblemáticas  doenças  parasitárias  causadas  por \nplatelmintos no Brasil. \n \nAssinale  a  alternativa  que  preenche  corretamente  as \nlacunas na frase a seguir. \n \nO ciclo de vida do Schistosoma mansoni envolve a fase \nadulta, com fecundação e produção de ovos principalmente \nnas  veias  do  fígado  e  mesentéricas  do  intestino  do  ser \nhumano,  considerado  o  hospedeiro  (i)  __________.  Os \novos são então excretados nas fezes e, em contato com a \nágua,  eclodem  e  liberam  os  (ii)  __________,  os  quais \npenetram  no  corpo  de  um  caramujo,  considerado  o \nhospedeiro (iii) __________. No caramujo, dão origem às \n(iv) __________, que se locomovem na água e penetram \nna  pele  humana,  migrando  para  os  vasos  sanguíneos \nviscerais, onde se tornam um esquistossomo adulto.",
    "number": 26,
    "id": "UNICAMP_2021_26",
    "alternatives": [
        "a)   (i)  definitivo;  (ii)  esporocistos;  (iii)  intermediário;  (iv) \nplanárias.",
        "b)   (i)  intermediário;  (ii)  esporocistos;  (iii)  definitivo  (iv) \ncercárias.",
        "c)   (i)  definitivo;  (ii)  miracídios;  (iii)  intermediário;  (iv) \ncercárias.",
        "d)   (i)  intermediário;  (ii)  miracídios;  (iii)  definitivo;  (iv) \nplanárias."
    ],
    "associated_images": [],
    "answer": "C",
    "has_associated_images": false,
    "alternatives_type": "string",
    "subject": [
        "biology"
    ],
    "TU": true,
    "IU": false,
    "MR": false,
    "ML": false,
    "BK": false,
    "PRK": true
}