{
    "question": "A  anemia  falciforme  é  uma  doença  hereditária  que  se \ncaracteriza pelo formato de foice adquirido pelas hemácias \ndepois que o oxigênio é liberado, resultando em anemia \ncrônica. \nApresenta-se a seguir parte do RNA mensageiro, com o \ncódon  de  iniciação,  da  subunidade  β  da  hemoglobina \nhumana  normal  (Hbb)  e  da  hemoglobina  mutada  na \nanemia falciforme (HbS).  \n \n \nConsidere a sequência de trincas apresentadas, em Hbb e \nHbS, e o código genético abaixo. \n [IMAGE 0] \nÉ correto afirmar que a mutação genética da doença",
    "number": 27,
    "id": "UNICAMP_2021_27",
    "alternatives": [
        "a)  altera a 11ª posição de aminoácidos, trocando leucina \npor histidina.",
        "b)  altera  a  7ª  posição  de  aminoácidos,  trocando  ácido \nglutâmico por valina.",
        "c)  altera a 11ª posição de aminoácidos, trocando ácido \nglutâmico por valina.",
        "d)  altera a 7ª posição de aminoácidos, trocando leucina \npor histidina."
    ],
    "associated_images": [
        "imgs/UNICAMP/2021/day2/27/0.jpg"
    ],
    "answer": "B",
    "has_associated_images": true,
    "alternatives_type": "string",
    "subject": [
        "biology"
    ],
    "TU": true,
    "IU": true,
    "MR": false,
    "ML": false,
    "BK": false,
    "PRK": true
}