{
    "question": "A  partícula  viral  do  novo  coronavírus  (SARS-CoV-2), \nconhecida como vírion, é constituída por poucas proteínas, \numa fita de RNA e um envelope derivado de estruturas \ncelulares,  como  membrana  plasmática  e  organelas.  A \nOrganização  Mundial  de  Saúde  recomenda  hábitos  de \nhigiene para prevenção da contaminação ao SARS-CoV-2, \nincluindo lavar com frequência as mãos com água e sabão.  \n(Adaptado de https://www.bbc.com/portuguese/geral-52096406. Acessado em \n25/07/2020.) \n \nConsiderando seus conhecimentos sobre vírus, assinale a \nalternativa que justifica a recomendação apresentada no \ntexto.",
    "number": 28,
    "id": "UNICAMP_2021_28",
    "alternatives": [
        "a)  As poucas proteínas que compõem o nucleocapsídeo \nsão diluídas em contato com sabão e água, na qual \nexiste pouca tensão superficial, e, portanto, a partícula \nviral não é capaz de infectar a célula humana.",
        "b)  O  envelope  viral  é  formado  por  lipídios,  moléculas \nanfipáticas,  que,  em  contato  com  sabão  e  água \n(moléculas apolar e polar respectivamente), têm sua \nestrutura rompida, inativando assim a partícula viral.",
        "c)  A fita de RNA é formada por nucleotídeos que contêm \nribose, açúcar e fosfato, e, em contato com sabão e \nágua, têm sua capacidade de integração ao DNA da \ncélula humana bloqueada.",
        "d)  As organelas, constituídas por lipídios, carboidratos e \nproteínas, em contato com sabão e água, são clivadas \ne  perdem  a  capacidade  de  produzir  moléculas \nessenciais ao metabolismo viral."
    ],
    "associated_images": [],
    "answer": "B",
    "has_associated_images": false,
    "alternatives_type": "string",
    "subject": [
        "biology"
    ],
    "TU": false,
    "IU": false,
    "MR": false,
    "ML": false,
    "BK": false,
    "PRK": true
}