{
    "question": "Leia o poema e responda à questão que se segue. \n \nA fermosura desta fresca serra \ne a sombra dos verdes castanheiros, \no manso caminhar destes ribeiros, \ndonde toda a tristeza se desterra; \n \no rouco som do mar, a estranha terra, \no esconder do Sol pelos outeiros, \no recolher dos gados derradeiros, \ndas nuvens pelo ar a branda guerra; \n \nenfim, tudo o que a rara natureza \ncom tanta variedade nos oferece, \nse está, se não te vejo, magoando. \n \nSem ti, tudo me enoja e me aborrece; \nsem ti, perpetuamente estou passando, \nnas mores alegrias, mor tristeza. \n \nÉ correto afirmar que, no soneto de Camões,",
    "number": 3,
    "id": "UNICAMP_2021_3",
    "alternatives": [
        "a)  a beleza natural aborrece o eu lírico, uma vez que se \ntransforma em objeto de suas maiores tristezas.",
        "b)  a  variedade  da  paisagem  está  em  harmonia  com  o \nsentimento do eu lírico porque a relação amorosa é \nimperfeita.",
        "c)  a  harmonia  da  natureza  consola  o  eu  lírico  das \nimperfeições da vida e da ausência da pessoa amada.",
        "d)  a  singularidade  da  natureza  entristece  o  eu  lírico \nquando ele está distante da pessoa amada."
    ],
    "associated_images": [],
    "answer": "D",
    "has_associated_images": false,
    "alternatives_type": "string",
    "subject": [
        "portuguese"
    ],
    "TU": true,
    "IU": false,
    "MR": false,
    "ML": false,
    "BK": false,
    "PRK": true
}