{
    "question": "No início da pandemia da Covid-19, houve escassez de \nmáscaras  de  proteção.  Muitas  pessoas  passaram  a \nfabricar  suas  próprias  máscaras  com  tecidos  comuns. \nSeriam essas máscaras caseiras tão eficientes quanto a \nmáscara  recomendada,  a  N95?  Um  estudo  avaliou  a \neficiência de alguns tecidos na filtração de partículas de   \n10  nm  a  10  µm,  faixa  de  tamanho  importante  para  a \ntransmissão  de  vírus  baseada  em  aerossóis,  e  que \ncompreende  a  faixa  do  novo  coronavírus  (20-250  nm). \nAlgumas  informações  obtidas  pelos  pesquisadores \nencontram-se nos gráficos a seguir. \n [IMAGE 0] \n(Adaptado de A. Konda e outros. ACS Nano 14, 2020, 6339-6347.) \nCom  base  nessas  informações,  é  correto  afirmar  que  a \neficiência na filtração de uma máscara caseira é sempre",
    "number": 31,
    "id": "UNICAMP_2021_31",
    "alternatives": [
        "a)  maior para partículas abaixo de 300 nm quando uma \núnica camada de qualquer tecido é usada.",
        "b)  menor para partículas abaixo de 300 nm quando uma \núnica camada de qualquer tecido é usada.",
        "c)  maior que a da N95 para a faixa do novo coronavírus, \ndesde que se use uma camada dupla de diferentes \ntecidos.",
        "d)  menor que a da N95 para a faixa do novo coronavírus, \nmesmo que se use uma camada dupla de diferentes \ntecidos."
    ],
    "associated_images": [
        "imgs/UNICAMP/2021/day2/31/0.png"
    ],
    "answer": "C",
    "has_associated_images": true,
    "alternatives_type": "string",
    "subject": [
        "mathematics"
    ],
    "TU": true,
    "IU": true,
    "MR": true,
    "ML": false,
    "BK": false,
    "PRK": false
}