{
    "question": "Dados:  T/K  =  273  +  t/°C;  desconsiderar  a  variação  no \nvolume  dos  pneus;  o  sensor  de  pressão  não  indica \nvariações menores que 1 psi.\nA pressão insuficiente, em excesso ou desigual entre os \npneus coloca em risco a segurança na condução e afeta o \nrendimento do veículo. Pensando nisso, numa manhã fria \n(10 °C), um motorista efetuou corretamente a calibração \ndos pneus do seu carro para 29 e 31 psi, seguindo a tabela \nde calibragem dos pneus no manual do fabricante, como \nindica  a  figura  a  seguir.  Ao  meio-dia,  chegou  ao  seu \ndestino e, após um período de descanso, carregou o carro \ncom lotação máxima. \n [IMAGE 0] \nConsiderando  que  a  temperatura  ambiente  naquele \nmomento era de 30 °C, o motorista certamente precisaria",
    "number": 33,
    "id": "UNICAMP_2021_33",
    "alternatives": [
        "a)  encher os pneus dianteiros e traseiros.",
        "b)  encher os pneus dianteiros e esvaziar os traseiros.",
        "c)  encher apenas os pneus traseiros.",
        "d)  encher apenas os pneus dianteiros."
    ],
    "associated_images": [
        "imgs/UNICAMP/2021/day2/33/0.jpg"
    ],
    "answer": "C",
    "has_associated_images": true,
    "alternatives_type": "string",
    "subject": [
        "chemistry",
        "physics"
    ],
    "TU": true,
    "IU": false,
    "MR": true,
    "ML": false,
    "BK": false,
    "PRK": true
}