{
    "question": "Dados: 1.000 gramas de etanol combustível apresentam \n940 g de etanol e 60 g de água; massas molares (g mol-1): \nC2H6O = 46; CO2  = 44.\nO  Brasil  é  líder  mundial  na  produção  do  etanol,  que \nsubstitui  grande  parte  da  gasolina.  Um  dos  fatores  a \nconsiderar  nessa  substituição  é  a  geração  de  CO   no \nprocesso global de produção e uso. O impacto na etapa \nfinal de uso pode ser avaliado por um cálculo simplificado. \nPor exemplo, um carro médio consome 1.000 g de etanol \ncombustível ou 700 g de gasolina comercial para percorrer \n10 km. Nessas condições, a queima de 700 g de gasolina \ncomercial leva à formação de 1.962 g de CO . Assim, nas \ncondições apresentadas, a diferença em massa de dióxido \nde carbono emitido na combustão, quando se substitui a \ngasolina  comercial  por  etanol  combustível,  é  de \naproximadamente",
    "number": 36,
    "id": "UNICAMP_2021_36",
    "alternatives": [
        "a)  164 g; a relação estequiométrica C2H6O:O2 é de 1:3,5.",
        "b)  49 g; a relação estequiométrica C2H6O:O2 é de 1:3.",
        "c)  164 g; a relação estequiométrica C2H6O:O2 é de 1:3.",
        "d)  49 g; a relação estequiométrica C2H6O:O2 é de 1:3,5."
    ],
    "associated_images": [],
    "answer": "C",
    "has_associated_images": false,
    "alternatives_type": "string",
    "subject": [
        "chemistry"
    ],
    "TU": true,
    "IU": false,
    "MR": true,
    "ML": false,
    "BK": false,
    "PRK": true
}