{
    "question": "Duas impressoras funcionando simultaneamente imprimem \ncerta  quantidade  de  páginas  em  36  segundos.  Sozinha, \numa delas imprime a mesma quantidade de páginas em 90 \nsegundos. Funcionando sozinha, para imprimir a mesma \nquantidade de páginas, a outra impressora gastaria",
    "number": 37,
    "id": "UNICAMP_2021_37",
    "alternatives": [
        "a)  48 segundos.",
        "b)  54 segundos.",
        "c)  60 segundos.",
        "d)  72 segundos."
    ],
    "associated_images": [],
    "answer": "C",
    "has_associated_images": false,
    "alternatives_type": "string",
    "subject": [
        "mathematics"
    ],
    "TU": true,
    "IU": false,
    "MR": true,
    "ML": false,
    "BK": false,
    "PRK": false
}