{
    "question": "Se θ ∈ (0,π/2), a expressão \n (((cos(θ) + sen(θ))/sen(θ)) + ((cos(θ) - sen(θ))/cos(θ)))/(((cos(θ) + sen(θ))/cos(θ)) + ((cos(θ) - sen(θ))/sen(θ))) \né equivalente a \n",
    "number": 40,
    "id": "UNICAMP_2021_40",
    "alternatives": [
        "a) cos^2(θ) + sen^2(θ).",
        "b) cos(2θ) - sen(2θ).",
        "c) cos(2θ) + sen(2θ).",
        "d) 1."
    ],
    "associated_images": [],
    "answer": "B",
    "has_associated_images": false,
    "alternatives_type": "string",
    "subject": [
        "mathematics"
    ],
    "TU": true,
    "IU": false,
    "MR": true,
    "ML": false,
    "BK": false,
    "PRK": true
}