{
    "question": "Para qual valor de a a equação matricial \n[[a,-1],[a-2,a]] * [[x],[y]] = [[3],[a-4]]\nnão admite solução?",
    "number": 44,
    "id": "UNICAMP_2021_44",
    "alternatives": [
        "a) 1.",
        "b) 0.",
        "c) -1.",
        "d) -2."
    ],
    "associated_images": [],
    "answer": "D",
    "has_associated_images": false,
    "alternatives_type": "string",
    "subject": [
        "mathematics"
    ],
    "TU": true,
    "IU": false,
    "MR": true,
    "ML": false,
    "BK": false,
    "PRK": true
}