{
    "question": "Sabendo  que  10^(0.3) < 2 < 10^(0.31) e que x é tal que \n,√(10^(3x+5)=20, e que o indice da raiz anterior é 2021, então",
    "number": 45,
    "id": "UNICAMP_2021_45",
    "alternatives": [
        "a)  855 <= x < 870.",
        "b)  870 <= x < 885.",
        "c)  885 <= x < 900.",
        "d)  900 <= x < 1005."
    ],
    "associated_images": [],
    "answer": "B",
    "has_associated_images": false,
    "alternatives_type": "string",
    "subject": [
        "mathematics"
    ],
    "TU": true,
    "IU": false,
    "MR": true,
    "ML": false,
    "BK": false,
    "PRK": true
}