{
    "question": "Considere  que  as  medidas  dos  lados  de  um  triângulo \nretângulo  estão  em  progressão  geométrica.  Sendo  a  a \nmedida do menor lado e A a área desse triângulo, é correto \nafirmar que",
    "number": 46,
    "id": "UNICAMP_2021_46",
    "alternatives": [
        "a)  A = a^2 * (√(2√(5) + 2)/4)",
        "b)  A = a^2 * (√(2√(5) - 2)/4)",
        "c)  A = a^2 * (√(2√(5) + 2)/2)",
        "d)  A = a^2 * (√(2√(5) - 2)/2)"
    ],
    "associated_images": [],
    "answer": "A",
    "has_associated_images": false,
    "alternatives_type": "string",
    "subject": [
        "mathematics"
    ],
    "TU": true,
    "IU": false,
    "MR": true,
    "ML": false,
    "BK": false,
    "PRK": true
}