{
    "question": "“ O vento da vida, por mais que cresça, nunca pode chegar \na  ser  bonança;  o  vento  da  fortuna  pode  chegar  a  ser \ntempestade, e tão grande tempestade, que se afogue nela \no mesmo vento da vida.”  \n(Antônio Vieira, “Sermão de quarta-feira de cinza do ano de 1672”, em A Arte de \nMorrer. São Paulo: Nova Alexandria, 1994, p. 56.)   \n \nNo  sermão  proferido  na  Igreja  de  Santo  Antônio  dos \nPortugueses,  em  Roma,  Vieira  recorre  a  uma  metáfora \npara chamar a atenção dos fiéis sobre a morte.  \nAssinale a alternativa que expressa a mensagem veiculada \npela imagem do vento.",
    "number": 5,
    "id": "UNICAMP_2021_5",
    "alternatives": [
        "a)  A vida dos fiéis é comparável à tranquilidade da brisa \nem alto-mar.",
        "b)  A  fortuna  dos  fiéis  é  comparável  à  força  das \nintempéries marítimas.",
        "c)  A fortuna dos fiéis é comparável à felicidade eterna.",
        "d)  A  vida  dos  fiéis  é  comparável  à  ventura  dos \nnavegadores."
    ],
    "associated_images": [],
    "answer": "B",
    "has_associated_images": false,
    "alternatives_type": "string",
    "subject": [
        "portuguese"
    ],
    "TU": true,
    "IU": false,
    "MR": false,
    "ML": false,
    "BK": false,
    "PRK": true
}