{
    "question": "Recentemente,  uma  equipe  internacional  de  cientistas \ndetectou  a  explosão  de  uma  estrela  conhecida  como \nSN2016aps, que teria sido a explosão de supernova mais \nbrilhante já registrada.\nOs cientistas estimam que, no momento da explosão, a \nmassa da supernova SN2016aps era 50 a 100 vezes maior \nque  a  massa  do  Sol.  Se  o  Sol  tivesse  a  massa  dessa \nsupernova, mantendo-se a sua distância da Terra,",
    "number": 50,
    "id": "UNICAMP_2021_50",
    "alternatives": [
        "a)  a velocidade de translação da Terra em torno do Sol \ndeveria aumentar e o período do ano terrestre diminuir.",
        "b)  a velocidade de translação da Terra em torno do Sol \ndeveria diminuir e o período do ano terrestre aumentar.",
        "c)  a velocidade de translação da Terra em torno do Sol e \no período do ano terrestre deveriam diminuir.",
        "d)  a velocidade de translação da Terra em torno do Sol e \no período do ano terrestre deveriam aumentar."
    ],
    "associated_images": [],
    "answer": "A",
    "has_associated_images": false,
    "alternatives_type": "string",
    "subject": [
        "physics"
    ],
    "TU": true,
    "IU": false,
    "MR": true,
    "ML": false,
    "BK": false,
    "PRK": true
}