{
    "question": "Uma  cápsula  destinada  a  levar  astronautas  à  Estação \nEspacial  Internacional  (ISS)  tem  massa  m = 7500 kg, \nincluindo as massas dos próprios astronautas. A cápsula é \nimpulsionada até a órbita da ISS por um foguete lançador e \npor propulsores próprios para os ajustes finais. O aumento \nda energia potencial gravitacional devido ao deslocamento \nda cápsula desde a superfície da Terra até a aproximação \ncom a ISS é dado por  ΔU = 3,0x10^10 J. A velocidade da \n ISS é v ≅ 8000 m/s. A velocidade inicial da cápsula em \nrazão  do  movimento  de  rotação  da  Terra  pode  ser \ndesprezada. Sem levar em conta a energia perdida pelo \natrito com o ar durante o lançamento, pode-se dizer que o \ntrabalho realizado pelo foguete e pelos propulsores sobre a \ncápsula é de",
    "number": 51,
    "id": "UNICAMP_2021_51",
    "alternatives": [
        "a)  2,1x10^11 J.",
        "b)  2,4x10^11 J.",
        "c)  2,7x10^11 J.",
        "d)  5,1x10^11 J."
    ],
    "associated_images": [],
    "answer": "C",
    "has_associated_images": false,
    "alternatives_type": "string",
    "subject": [
        "physics"
    ],
    "TU": true,
    "IU": false,
    "MR": true,
    "ML": false,
    "BK": false,
    "PRK": true
}