{
    "question": "Em  março  de  2020,  a  Unicamp  e  o  Fermi  National \nAccelerator  Laboratory  (Fermilab),  dos  Estados  Unidos, \nassinaram  um  acordo  de  cooperação  científica  com  o \nobjetivo  de  desenvolver  tanques  para  conter  argônio \nlíquido  a  baixíssimas  temperaturas  (criostatos).  Esses \ntanques abrigarão detectores para o estudo dos neutrinos.\nA temperatura do argônio nos tanques é  Tar = -184 °C.\nUsualmente,  a  grandeza  “temperatura”  em  física  é \nexpressa  na  escala  Kelvin  (K).  Sabendo-se  que  as \ntemperaturas aproximadas do ponto de ebulição (Te)  e do \nponto de solidificação (Ts) da água à pressão atmosférica\nsão,  respectivamente,Te = 373K e  Ts = 273K ,  a \ntemperatura do argônio nos tanques será igual a",
    "number": 52,
    "id": "UNICAMP_2021_52",
    "alternatives": [
        "a) 20 K",
        "b) 89 K",
        "c) 189 K",
        "d) 457 K"
    ],
    "associated_images": [],
    "answer": "B",
    "has_associated_images": false,
    "alternatives_type": "string",
    "subject": [
        "mathematics",
        "physics"
    ],
    "TU": true,
    "IU": false,
    "MR": true,
    "ML": false,
    "BK": false,
    "PRK": true
}