{
    "question": "Em  março  de  2020,  a  Unicamp  e  o  Fermi  National \nAccelerator  Laboratory  (Fermilab),  dos  Estados  Unidos, \nassinaram  um  acordo  de  cooperação  científica  com  o \nobjetivo  de  desenvolver  tanques  para  conter  argônio \nlíquido  a  baixíssimas  temperaturas  (criostatos).  Esses \ntanques abrigarão detectores para o estudo dos neutrinos.\nA pressão exercida na base de certo tanque do Fermilab \npela  coluna  de  argônio  líquido  no  seu  interior  é \nP = 5,6x10^4 N/m^2. A  densidade  do  argônio  líquido  no \ntanque é  d  = 1400  kg/m^3. Assim, a altura do tanque será \nde ",
    "number": 53,
    "id": "UNICAMP_2021_53",
    "alternatives": [
        "a) 2,0m",
        "b) 4,0 m.",
        "c) 7,8 m.",
        "d) 25,0 m."
    ],
    "associated_images": [],
    "answer": "B",
    "has_associated_images": false,
    "alternatives_type": "string",
    "subject": [
        "physics"
    ],
    "TU": true,
    "IU": false,
    "MR": true,
    "ML": false,
    "BK": false,
    "PRK": true
}