{
    "question": "Lâmpadas  de  luz  ultravioleta  (UV)  são  indicadas  para \nhigienização  e  esterilização  de  objetos  e  ambientes  em \nrazão do seu potencial germicida.\nConsidere uma lâmpada UV de potência  P 100  W  que \nfuncione  por  Δt = 15  minutos   durante  o  processo  de \nesterilização de um objeto. A energia elétrica consumida \npela lâmpada nesse processo é igual a ",
    "number": 54,
    "id": "UNICAMP_2021_54",
    "alternatives": [
        "a) 0,0066 kWh.",
        "b) 0,015 kWh.",
        "c) 0,025 kWh.",
        "d) 1,5 kWh."
    ],
    "associated_images": [],
    "answer": "C",
    "has_associated_images": false,
    "alternatives_type": "string",
    "subject": [
        "physics"
    ],
    "TU": true,
    "IU": false,
    "MR": true,
    "ML": false,
    "BK": false,
    "PRK": true
}