{
    "question": "Lâmpadas  de  luz  ultravioleta  (UV)  são  indicadas  para \nhigienização  e  esterilização  de  objetos  e  ambientes  em \nrazão do seu potencial germicida.\nEm outro processo de esterilização, uma lâmpada UV de \npotência  P = 60 W   funciona  sob  uma  diferença  de \npotencial elétrico U = 100 V. A potência elétrica pode ser \nexpressa  também  em  kVA,  sendo \n1 kVA = 1000 V x 1 A =1000 W. A  corrente  elétrica  i   do \ncircuito que alimenta a lâmpada é igual a ",
    "number": 55,
    "id": "UNICAMP_2021_55",
    "alternatives": [
        "a) 0,36 A.",
        "b) 0,60 A.",
        "c) 1,6 A.",
        "d) 3,6 A."
    ],
    "associated_images": [],
    "answer": "B",
    "has_associated_images": false,
    "alternatives_type": "string",
    "subject": [
        "physics"
    ],
    "TU": true,
    "IU": false,
    "MR": true,
    "ML": false,
    "BK": false,
    "PRK": true
}