{
    "question": "“─ Reputação! Ora, mamãe, e é a senhora quem me fala \nnisso! \nCamila  estacou,  sem  atinar  com  a  resposta, \ncompreendendo o alcance das palavras do filho. \nA surpresa paralisou-lhe a língua; o sangue arrefeceu-se-\nlhe  nas  veias;  mas,  de  repente,  a  reação  sacudiu-a  e \nentão, num desatino, ferida no coração, ela achou para o \nMário admoestações mais ásperas. Percebeu que a língua \nmais dizia que a sua vontade; mas não poderia contê-la. A \ndor  atirava-a  para  diante,  contra  aquele  filho,  até  então \npoupado.” \n(Júlia Lopes de Almeida, A falência. Campinas: Editora da Unicamp, 2018, p. \n123.)   \nA passagem apresenta a reação de Camila às palavras de \nseu filho. Assinale a alternativa que explica corretamente o \ncomentário de Mário.",
    "number": 6,
    "id": "UNICAMP_2021_6",
    "alternatives": [
        "a)  Mário contrapõe-se à censura materna com sentimento \nde compaixão.",
        "b)  Mário rejeita as reservas maternas com censura moral.",
        "c)  Mário contrapõe-se à censura materna com desdém \npela família.",
        "d)  Mário  rejeita  as  reservas  maternas  com  vergonha \npelas dívidas acumuladas."
    ],
    "associated_images": [],
    "answer": "B",
    "has_associated_images": false,
    "alternatives_type": "string",
    "subject": [
        "portuguese"
    ],
    "TU": true,
    "IU": false,
    "MR": false,
    "ML": false,
    "BK": false,
    "PRK": true
}