{
    "question": "Pode-se  dizer  que  o  fascismo  italiano  foi  a  primeira \nditadura de direita que dominou um país europeu: ele era \numa colagem de diversas ideias políticas e filosóficas. É \npossível  conceber  um  movimento  totalitário  que  consiga \njuntar  monarquia  e  revolução,  exército  real  e  milícia \npessoal de Mussolini, os privilégios concedidos à Igreja e \numa educação estatal que exaltava a violência e o livre \nmercado?  \n(Adaptado de Umberto Eco, “O Fascismo Eterno”, em Cinco Escritos Morais. Rio \nde Janeiro: Record, 2010, p. 29-38.) \n \nA partir da leitura do texto do escritor italiano Umberto Eco \n(1932-2016), é correto afirmar que o fascismo italiano",
    "number": 61,
    "id": "UNICAMP_2021_61",
    "alternatives": [
        "a)  era  marcado  pela  política  de  integração  europeia, \neliminação de fronteiras nacionais e produção regulada \npelo Estado.",
        "b)  resultou da combinação de ideários político-filosóficos \ninicialmente  incompatíveis,  valendo-se  da  violência \ncomo instrumento político.",
        "c)  era uma ditadura de direita que serviu de modelo para \npaíses  como  Espanha,  Portugal,  Brasil  e  Estados \nUnidos.",
        "d)  tinha como centro a figura de Mussolini, um homem \ncarismático que assumia o papel de líder religioso e \npolítico."
    ],
    "associated_images": [],
    "answer": "B",
    "has_associated_images": false,
    "alternatives_type": "string",
    "subject": [
        "history"
    ],
    "TU": true,
    "IU": false,
    "MR": false,
    "ML": false,
    "BK": false,
    "PRK": true
}