{
    "question": "[IMAGE 0] \n [IMAGE 1]\nA  imagem  anterior  circulou  em  1964  e  faz  parte  de  um \nconjunto de propagandas do governo de Mao Tsé-Tung (1893-\n1976). Sobre o cartaz e o contexto, é correto afirmar:",
    "number": 62,
    "id": "UNICAMP_2021_62",
    "alternatives": [
        "a)  A imagem do líder próximo à população camponesa e da \nfartura no campo era recorrente no Partido sob liderança \nde Mao Tsé-Tung e contrastava com a realidade marcada \npela baixa produtividade e pela fome.",
        "b)  A Revolução Cultural na China, liderada por Mao Tsé-\nTung, garantiu a alfabetização da população chinesa e a \nabertura econômica. A imagem retrata o apoio popular ao \nlíder.",
        "c)  A imagem é uma propaganda que buscava valorizar a \ntradição dos saberes do campo, conciliada com o Grande \nSalto para Frente, que visava a transformar a China em \numa potência tecnológica.",
        "d)  A  Revolução  Cultural  deu  início  a  uma  ditadura  que \nfuncionava  sobre  os  princípios  dos  comitês  locais.  Na \npropaganda,  Mao  Tsé-Tung  consulta  um  conselho  do \npovo sobre a produção de arroz."
    ],
    "associated_images": [
        "imgs/UNICAMP/2021/day2/62/1.jpg",
        "imgs/UNICAMP/2021/day2/62/2.jpg"
    ],
    "answer": "A",
    "has_associated_images": true,
    "alternatives_type": "string",
    "subject": [
        "history"
    ],
    "TU": true,
    "IU": false,
    "MR": false,
    "ML": false,
    "BK": false,
    "PRK": true
}