{
    "question": "Mapa da eleição para Presidente. EUA, 2016 \n [IMAGE 0](Fonte:https://www.270towin.com/historical-presidentialelections/timeline/.) \n Nos EUA, a eleição para Presidente é indireta: o eleitor \nvota em um delegado estadual e este, se for eleito, votará \npara  Presidente  em  um  Colégio  Eleitoral.  O  número  de \ndelegados  é  proporcional  à  população  de  cada  Estado, \nmas há um sistema chamado winner-takes-all (o ganhador \nleva tudo) no qual o candidato a Presidente que conseguir \no maior número de delegados de um Estado fica com todos - á exceção do Maine e Nebraska. Observe o mapa e a\n tabela  com  os  resultados  eleitorais  de  2016:  a  segunda \ncolocada  nas  eleições  em  número  de  votos  (227)  por \ncolégio  eleitoral  obteve  um  número  maior  de  votos \nindividuais  (65.845.063),  o  que  leva  a  concluir  que  os \ncolégios eleitorais",
    "number": 65,
    "id": "UNICAMP_2021_65",
    "alternatives": [
        "a)  do primeiro colocado são mais populosos; ele obteve \ngrande concentração de votos na Costa Oeste.",
        "b)  da segunda colocada são mais populosos; ela obteve \ngrande concentração de votos no Golfo do México.",
        "c)  do primeiro colocado são menos populosos; ele obteve \nmaioria absoluta dos votos no Golfo do México.",
        "d)  da  segunda  colocada  são  menos  populosos;  ela \nobteve  a  maioria  absoluta  dos  votos  nos  Grandes \nLagos."
    ],
    "associated_images": [
        "imgs/UNICAMP/2021/day2/65/0.png"
    ],
    "answer": "B",
    "has_associated_images": true,
    "alternatives_type": "string",
    "subject": [
        "geography"
    ],
    "TU": true,
    "IU": true,
    "MR": true,
    "ML": false,
    "BK": false,
    "PRK": true
}