{
    "question": "As  cidades  em  que  vivemos  hoje  são  fechadas  de \nmaneiras  que  refletem  o  que  aconteceu  no  mundo  da \ntecnologia.  Na  imensa  explosão  urbana  que  ocorre \natualmente no Sul Global - na China, na Índia, no Brasil, no \nMéxico, nos países da África Central -, grandes empresas \ndas finanças e da construção estão padronizando a cidade; \nno  momento  em  que  o  avião  aterrissa,  talvez  não \npossamos distinguir Pequim de Nova York. Seja no Norte \nou no Sul, o crescimento das cidades não gerou grandes \nexperimentações  na  forma.  O  complexo  comercial,  o \ncampus  universitário,  a  torre  residencial  erguida  num \nrecanto  de  um  parque  não  são  formas  favoráveis  à \nexperimentação por serem autossuficientes, e não abertas \na influências e interações externas. \n(Adaptado  de  Richard  Sennett,  Construir  e  habitar. Ética  para uma  cidade aberta. Rio de Janeiro: Editora Record,2018 p. 22.)\nDe acordo com a visão do autor, podemos afirmar que:",
    "number": 67,
    "id": "UNICAMP_2021_67",
    "alternatives": [
        "a)  O processo de urbanização é bastante diferenciado no \nmundo  todo,  promovendo  novas  experiências  que \nabrem os espaços à criatividade.",
        "b)  As  formas  urbanas  autossuficientes  não \nhomogeneízam as cidades, pelo contrário, as tornam \nlugar de novas complexidades e interações.",
        "c)  A  cidade  fechada  deriva  de  sua  instrumentalização \npara  a  eficácia,  empobrecendo  experiências  e \ntornando o espaço habitado mais artificial.",
        "d)  A paisagem urbana é, cada vez mais, a expressão de \npotencialidades  locais,  demonstrando  a \ndespadronização das formas construídas."
    ],
    "associated_images": [],
    "answer": "C",
    "has_associated_images": false,
    "alternatives_type": "string",
    "subject": [
        "geography"
    ],
    "TU": true,
    "IU": false,
    "MR": false,
    "ML": false,
    "BK": false,
    "PRK": true
}