{
    "question": "Atmosfera é a camada gasosa que envolve a Terra. Ela \nnão  se  apresenta  de  forma  homogênea  em  toda  a  sua \nextensão, e sua composição varia de acordo com o local, \nmas nela podemos encontrar, além dos gases, partículas \nde pó, cinzas vulcânicas, microrganismos, vapor d' água, \nsais, etc. \n [IMAGE 0] \n(Adaptado  de  Robert  W.  Christoperson,  Geossistemas:  uma  introdução  à \nGeografia Física. Porto Alegre: Bookman, 2012, p. 63.) \n \nAssinale a alternativa que associa corretamente a camada \nda atmosfera a suas respectivas características.",
    "number": 69,
    "id": "UNICAMP_2021_69",
    "alternatives": [
        "a)  Na Termosfera, a grande quantidade de gases faz \ncom que as temperaturas nesta porção da atmosfera \nsejam  elevadas.  Quanto  maior  a  concentração  de \ngases,  maior  a  absorção  da  radiação  solar  e, \nconsequentemente, maiores são as temperaturas.",
        "b)  A Mesosfera é a camada da atmosfera em que há \npresença  do  gás  ozônio.  A  emissão  dos \nclorofluorcarbonetos (CFCs) tem aumentado o buraco \nna camada de ozônio, diminuindo sua função de filtrar \na radiação ultravioleta.",
        "c)  Na  Estratosfera  as  temperaturas  aumentam  com  a \naltitude. É nesta camada que se formam as nuvens, \nconstituídas pelo vapor de água aquecido proveniente \nda superfície terrestre; ao atingirem a Estratopausa, as \nnuvens se condensam ocasionando as precipitações.",
        "d)  A Troposfera, nas suas baixas altitudes, é a camada \nda atmosfera que tem mais calor, mesmo não sendo a \nporção da atmosfera com maior temperatura. Isto se \ndá  pela  maior  concentração  de  gases  próximos  à \nsuperfície, em razão da atração gravitacional."
    ],
    "associated_images": [
        "imgs/UNICAMP/2021/day2/69/0.jpg"
    ],
    "answer": "D",
    "has_associated_images": true,
    "alternatives_type": "string",
    "subject": [
        "geography"
    ],
    "TU": true,
    "IU": false,
    "MR": false,
    "ML": false,
    "BK": false,
    "PRK": true
}