{
    "question": "Imagine  o  espanto  do  navegante  português  João  de \nCastro, vice-rei da Índia, quando, em 1538, viajando pelo \nMar  Arábico,  nas  proximidades  de  Bombaim,  tendo \natracado em uma pequena ilha, colocou sua bússola sobre \no rochedo e verificou que a agulha se inverteu: apontava \npara o sul em vez de apontar para o norte! \nA  única  coisa  que  o  bravo  navegador  poderia  fazer era \nanotar  o  incidente  em  seu  diário  de  bordo  e, \nprovavelmente, trocar de bússola. \n(Adaptado de Samuel M. Branco e Fábio C. Branco, A deriva dos continentes. \nSão Paulo: Moderna, 2004, p. 58.) \n \n \n \nA bússola é um instrumento de orientação na superfície \nterrestre que permite a localização a partir da posição dos \npolos magnéticos da Terra.  \n \nConsiderando o exposto, assinale a alternativa que explica \na inversão da agulha da bússola relatada no texto.",
    "number": 71,
    "id": "UNICAMP_2021_71",
    "alternatives": [
        "a)  A bússola teve um problema de fabricação, o que fez \ncom que a agulha fosse desmagnetizada, gerando um \nmovimento oposto ao esperado.",
        "b)  A agulha da bússola se inverteu, pois o rochedo foi \nformado  em  um  momento  em  que  os  pólos \nmagnéticos da Terra estavam invertidos.",
        "c)  A  bússola  não  é  um  mecanismo  confiável  de \nlocalização, tanto que, na atualidade, foi substituída \npelo GPS, instrumento preciso.",
        "d)  A bússola é um meio de orientação exclusivo para os \nnavios. O seu uso nos continentes sofre influência dos \nmateriais metálicos."
    ],
    "associated_images": [],
    "answer": "B",
    "has_associated_images": false,
    "alternatives_type": "string",
    "subject": [
        "geography"
    ],
    "TU": true,
    "IU": false,
    "MR": false,
    "ML": false,
    "BK": false,
    "PRK": true
}