{
    "question": "Como justificar que somos uma humanidade, se mais \nde 70% estão totalmente alienados do mínimo exercício \nde ser? A modernização jogou essa gente do campo e \nda floresta para viver em favelas e em periferias, para \nvirar mão de obra em centros urbanos. Essas pessoas \nforam arrancadas de seus coletivos, de seus lugares de \norigem,  e  jogadas  nesse  liquidificador  chamado \nhumanidade.  Se  as  pessoas  não  tiverem  vínculos \nprofundos  com  sua  memória  ancestral,  com  as \nreferências que dão sustentação a uma identidade, vão \nficar loucas neste mundo maluco que compartilhamos. \n(Adaptado de Ailton Krenak, Ideias para adiar o fim do mundo. Apple Books, \n2018, p. 10.) \n \nCom base no texto e em seus conhecimentos, assinale \na alternativa que apresenta corretamente os conceitos \nde “alienação” e “identidade”, respectivamente.",
    "number": 72,
    "id": "UNICAMP_2021_72",
    "alternatives": [
        "a)  dissociação dos seres humanos de algum aspecto \nessencial  de  sua  natureza;  interações  coletivas \nconstruídas  sobre  heranças  espaciais  e \ntemporalidades vividas.",
        "b)  associação  dos  seres  humanos  com  a  natureza \nfundamental  das  sociedades;  enraizamentos  em \nespaços e temporalidades herdados que constroem \nnexos coletivos.",
        "c)  falta  de  controle  sobre  processos  sociais  capitais \npara a vida das pessoas; apagamento dos tempos e \ntemporalidades precedentes como forma de vínculo \ncoletivo.",
        "d)  consciência  e  controle  plenos  das  transformações \nnas  relações  sociais;  estranhamento  com  relação \naos  espaços  herdados  e  projetos  de  futuro  das \ncoletividades."
    ],
    "associated_images": [],
    "answer": "A",
    "has_associated_images": false,
    "alternatives_type": "string",
    "subject": [
        "geography"
    ],
    "TU": true,
    "IU": false,
    "MR": false,
    "ML": false,
    "BK": false,
    "PRK": true
}