{
    "question": "A Amazônia em chamas, a censura voltando, a economia \nestagnada, e a pessoa quer falar de quê? Dos cafonas. Do \nimpério da cafonice que nos domina. O cafona fala alto e \nse orgulha de ser grosseiro e sem compostura. Acha que \npode tudo. Não há ética que caiba a ele. Enganar é ok. \nAgredir  é  ok.  Gentileza,  educação,  delicadeza,  para  um \nconvicto  e  ruidoso  cafona,  é  tudo  coisa  de  maricas.  O \ncafona fura filas, canta pneus e passa sermões. Despreza \na ciência, porque ninguém pode ser mais sabido que ele. O \ncafona  quer  ser  autoridade,  para  poder  dar  carteiradas. \nQuer bajular o poderoso e debochar do necessitado. Quer \nandar armado. Quer tirar vantagem em tudo. Unidos, os \ncafonas  fazem  passeatas  de  apoio  e  protestos  a  favor. \nAtacam como hienas e se escondem como ratos. Existe \nalgo  mais  brega  do  que  um  rico  roubando?  Algo  mais \nchique  do  que  um  pobre  honesto?  É  sobre  isso  que  a \npessoa quer falar, apesar de tudo que está acontecendo. \nPorque só o bom gosto pode salvar este país. \n(Adaptado  de  Fernanda  Young,  Bando  de  cafonas.  Publicado  em  https: \n//oglobo.globo.com/cultura/em-sua-ultima-coluna-fernanda-young-sent  encia-\ncafonice-detesta-arte-23903168. Acessado em 27/05/2020.)\nEm relação aos recursos de coesão usados na construção \ndo texto, é correto afirmar que:",
    "number": 9,
    "id": "UNICAMP_2021_9",
    "alternatives": [
        "a)  a  “economia  estagnada”  é  retomada  no  uso  da \nexpressão “dar carteiradas”.",
        "b)  o uso de “isso”, no final do texto, retoma as ideias de \ncafonice e honestidade.",
        "c)  “apesar de tudo”, na penúltima linha, retoma o que a \nautora denomina “império da cafonice”.",
        "d)  o “porque”, na última linha, explica que o país precisa \ndo bom gosto dos cafonas."
    ],
    "associated_images": [],
    "answer": "B",
    "has_associated_images": false,
    "alternatives_type": "string",
    "subject": [
        "portuguese"
    ],
    "TU": true,
    "IU": false,
    "MR": false,
    "ML": false,
    "BK": false,
    "PRK": true
}