{
    "question": "Texto 1\n[IMAGE 0]\n(MARZ, Marília. Folha de São Paulo, 4 jun. 2022, p. A2.)\nTexto 2\nCracolândia vive 30 anos de eterno retorno\nRepressão à droga não faz mais do que dispersar usuários; especia-\nlistas cobram articulação de políticas\nEla surgiu na Santa Efigênia, nos cruzamentos da rua dos Gus-\nmões com as pequenas ruas dos Protestantes e do Triunfo, logo \natrás da Estação Ferroviária da Luz, no centro de São Paulo. E há \nquase 30 anos, migra de um quarteirão para outro, em modo \nconstante, se esparramando pelos bairros vizinhos.\nA itinerância da maior cena aberta de uso de crack e outras dro-\ngas do país, batizada de cracolândia nos anos 1990, é fruto ora \nde um jogo de esconde-esconde, a partir do mando do crime \norganizado, ora do empurra-empurra das operações policiais \nque incidem sobre ela, onde quer que esteja.\n(Adaptado de MENA, Fernanda, Cracolândia vive 30 anos de eterno retorno. Folha de \nSão Paulo, 4 jun. 2022, p. B4.)\nIndique a alternativa que apresenta palavras ou termos do Tex-\nto 2 diretamente relacionados a elementos representados na \ncharge (Texto 1).",
    "number": 1,
    "id": "UNICAMP_2023_1",
    "alternatives": [
        "a)  “articulação de políticas” e “esconde-esconde”",
        "b)  “empurra-empurra” e “eterno retorno”",
        "c)  “itinerância” e “crime organizado”",
        "d)  “repressão à droga” e “bairros vizinhos”"
    ],
    "associated_images": [
        "imgs/UNICAMP/2023/1/0.jpg"
    ],
    "answer": "B",
    "has_associated_images": true,
    "alternatives_type": "string",
    "DS": false,
    "TU": true,
    "IU": true,
    "MR": false,
    "ML": false,
    "BK": false,
    "subject": [
        "portuguese"
    ]
}