{
    "question": "“Ciclo\nManhã. Sangue em delírio, verde gomo, \nPromessa ardente, berço e liminar:\nA árvore pulsa, no primeiro assomo\nDa vida, inchando a seiva ao sol... Sonhar!\nDia. A flor, — o noivado e o beijo, como\nEm perfumes um tálamo e um altar:\nA árvore abre-se em riso, espera o pomo,\nE canta à voz dos pássaros... Amar!\nTarde. Messe e esplendor, glória e tributo;\nA árvore maternal levanta o fruto,\nA hóstia da ideia em perfeição... Pensar!\nNoite. Oh! saudade!...A dolorosa rama\nDa árvore a aflita pelo chão derrama\nAs folhas, como lágrimas... Lembrar!” \n(BILAC, Olavo. Tarde. 1.ed. Rio de Janeiro; São Paulo; Belo Horizonte: Libraria Francisco \nAlves, p. 12-13, 1919.)\nNo soneto “Ciclo”,",
    "number": 11,
    "id": "UNICAMP_2023_11",
    "alternatives": [
        "a)  a reiteração de um mesmo tipo de frase no final de cada \nestrofe acentua o idealismo e a rememoração.",
        "b)  a metáfora da árvore faz uso de um vocabulário botânico, \nque evoca o cientificismo da época.",
        "c)  as frases nominais do início das estrofes contradizem os sen-\ntidos de cada estrofe anterior.",
        "d)  o paralelismo estrutural entre as estrofes de “Ciclo” evoca o \ndesgaste dos recursos do poeta."
    ],
    "associated_images": [],
    "answer": "A",
    "has_associated_images": false,
    "alternatives_type": "string",
    "DS": false,
    "TU": true,
    "IU": false,
    "MR": false,
    "ML": false,
    "BK": false,
    "subject": [
        "portuguese"
    ]
}