{
    "question": "Papo Preto: Vamos falar sobre transfeminismo?\nNeste episódio do podcast Papo Preto, o apresentador Yago Ro-\ndrigues e a cinegrafista Débora Oliveira recebem Jarda Maria, \nque se tornou símbolo da luta pelos direitos das transexuais em \nRecife após ingressar na Universidade Federal de Pernambuco. \nEla fala sobre os desafios de ocupar e se manter no ambiente \nacadêmico e da importância de compreender o que é o trans-\nfeminismo.\nJarda explica que o conceito de transfeminismo ou feminismo \ntrans surge nos EUA quando foi percebido que as pautas dis-\ncutidas no feminismo não abarcavam a situação das mulheres \ntrans e travestis. Ela diz que há muita cobrança em cima da \ncomunidade de transexuais e travestis sobre os motivos e as \ncausas da violência que sofrem todos os dias, mas as respostas \ndevem partir da sociedade, que deve praticar a não violência e \ndar exemplos.\n“Nós já estamos preocupadas em pensar esses meios de sobre-\nvivência, que as pessoas que movimentam a transfobia pensem \nos movimentos de enfrentamento. A transfobia e a travestifobia \nsão problemáticas cisgêneras e não nossa. Nós somos vítimas \ndesse processo”, afirma Jarda.\n(PAPO PRETO 69: Vamos falar sobre transfeminismo? [Locução de] Yago Rodrigues. \nS. I. Ecoa Produções, 09/03/2020. Podcast. Disponível em https://uol.com.br/ecoa/vi-\ndeos/2022/03/09/papo-preto-69-vamos-falar-sobre-transfeminism0.htm.  Acesso  em \n20/10/2022.) \nSobre as ocorrências do item trans no texto, podemos afirmar \nque",
    "number": 2,
    "id": "UNICAMP_2023_2",
    "alternatives": [
        "a)  introduzem termos como transfeminismo e transfobia, que \nservem para conceituar tipos de violência contra mulheres \ntrans.",
        "b)  o seu emprego em transfeminismo indica que a pauta fe-\nminista já se estende às mulheres trans, mas ainda exclui as \ntravestis.",
        "c)  é empregado como antônimo do prefixo cis- para indicar \nque a transfobia e a travestifobia devem preocupar apenas \nas pessoas cisgêneras.",
        "d)  remete a transexuais e travestis no termo feminismo trans, \nque é sinônimo de transfeminismo e abrange grupos não \nincluídos na pauta feminista."
    ],
    "associated_images": [],
    "answer": "D",
    "has_associated_images": false,
    "alternatives_type": "string",
    "DS": false,
    "TU": true,
    "IU": false,
    "MR": false,
    "ML": false,
    "BK": false,
    "subject": [
        "portuguese"
    ]
}