{
    "question": "Leia o texto a seguir para responder à questão.\nQuebrando o silêncio dos hospícios\nStella do Patrocínio, apesar de ser reconhecida postumamente \ncomo poeta, nunca se definiu assim e não escreveu nenhuma \ndas linhas que estão no livro Reino dos bichos e dos animais é o \nmeu nome, pelo qual ficou conhecida.  A potência de suas pa-\nlavras se encontra no seu falatório (como chamava suas falas), \nque foi preservado em fitas de áudio pela artista plástica Carla \nGuagliardi. As conversas entre as duas foram gravadas durante \noficinas de arte para pacientes psiquiátricos, entre 1986 e 1988, \ne o livro, publicado muitos anos depois da morte de Patrocínio, \né um recorte de frases dela, transcritas desses diálogos.\nAs falas de Patrocínio são de uma mulher negra e pobre que foi \nlevada à força pela polícia e internada, no Centro Pedro 2º e de-\npois na Colônia Juliano Moreira, no Rio de Janeiro, onde ficou \npor trinta anos; quando morreu, foi enterrada como indigente. \nA história de Patrocínio é a história de milhares de vítimas que \nforam encarceradas nos hospícios brasileiros por serem conside-\nradas “desajustadas”. Em sua maioria negras. Ali, elas sofreram \nabusos, violências e torturas, além de serem abandonadas pelo \nEstado. \n(Adaptado de: Quebrando o silêncio dos hospícios. Quatro cinco um, 05/2022, p. 27.)\nCom base ainda no texto, “falatório” pode ser considerado \ncomo",
    "number": 4,
    "id": "UNICAMP_2023_4",
    "alternatives": [
        "a)  a modalidade declamada dos poemas de Stella do Patrocí-\nnio.",
        "b)  uma prática discursiva oral nomeada por Stella do Patrocí-\nnio.",
        "c)  a denominação, usada no manicômio, para conversas tera-\npêuticas.",
        "d)  um gênero de poesia transcrita produzida por Stella do Pa-\ntrocínio."
    ],
    "associated_images": [],
    "answer": "B",
    "has_associated_images": false,
    "alternatives_type": "string",
    "DS": false,
    "TU": true,
    "IU": false,
    "MR": false,
    "ML": false,
    "BK": false,
    "subject": [
        "portuguese"
    ]
}