{
    "question": "[IMAGE 0]\n(Fonte: Twitter. https://twitter.com/_paulo_bruno/status/1513855458456616969. Aces-\nso em 03/06/2022.)\nO texto apresenta a reprodução de uma postagem em Twitter \ndo ilustrador e quadrinista Paulo Bruno. Considerando o texto \ne as duas imagens do tuíte, assinale a alternativa que melhor \ndescreve o sentido de “interpretação” nesse contexto particular \nde uso.",
    "number": 5,
    "id": "UNICAMP_2023_5",
    "alternatives": [
        "a)  A imaginação, em desenho, do ponto de vista da selfie que \né tematizada na foto.",
        "b)  A adulteração, no desenho, do significado da foto pela mu-\ndança de perspectiva.",
        "c)  A cópia, em ilustração, de uma fotografia que mostra a pro-\ndução de uma selfie.",
        "d)  A recriação, em fotografia, da ilustração que simula uma \nselfie em grupo."
    ],
    "associated_images": [
        "imgs/UNICAMP/2023/5/0.jpg"
    ],
    "answer": "A",
    "has_associated_images": true,
    "alternatives_type": "string",
    "DS": false,
    "TU": true,
    "IU": true,
    "MR": false,
    "ML": false,
    "BK": false,
    "subject": [
        "portuguese"
    ]
}