{
    "question": "Você provavelmente já encontrou pelas redes sociais o famige-\nrado #sqn, aquele jeito telegráfico de dizer que tal coisa é mui-\nto legal, “só que não”. Agora, imagine uma língua diferente \ndo português que tenha incorporado um conceito parecido na \nprópria estrutura das palavras, criando o que foi apelidado de \n“sufixo frustrativo”. Bom, é assim no kotiria, um idioma da fa-\nmília linguística tukano falado por indígenas do Alto Rio Negro, \nna fronteira do Brasil com a Colômbia. Para exprimir a função \n“frustrativa”, o kotiria usa um sufixo com a forma -ma. Você \nquer dizer que foi até um lugar sem conseguir o que queria \nindo até lá? Basta pegar o verbo ir, que é wa’a em kotiria, e \nacrescentar o sufixo: wa’ama, “ir em vão”.  \n(Adaptado de: LOPES, R. J. L. A sofisticação das línguas indígenas. Superinteressante, \n18/11/2021.)\nO  excerto,  retirado  de  uma  revista  de  jornalismo  científico, \nexemplifica um processo de formação de palavras na língua \nindígena kotiria e o compara com o uso da hashtag #sqn. É \ncorreto afirmar que essa comparação",
    "number": 6,
    "id": "UNICAMP_2023_6",
    "alternatives": [
        "a)  cria uma falsa equivalência, pois os processos morfológicos \nem kotiria e em português são diferentes.",
        "b)  enfatiza a construção de efeitos de sentido parecidos por \nmeio de processos distintos em kotiria e no português de \ninternet.",
        "c)  permite compreender processos idênticos de formação de \npalavras nas línguas portuguesa e kotiria.",
        "d)  ressalta as diferenças no uso dos sufixos –ma, em kotiria, e \n#sqn, no português usado na internet."
    ],
    "associated_images": [],
    "answer": "B",
    "has_associated_images": false,
    "alternatives_type": "string",
    "DS": false,
    "TU": true,
    "IU": false,
    "MR": false,
    "ML": false,
    "BK": false,
    "subject": [
        "portuguese"
    ]
}