{
    "question": "Na última crônica da série “Bons dias!”, de 29 de agosto de \n1889, série na qual um tema são as questões gerais em torno \ndo curandeirismo, o narrador enuncia:\n“Hão de fazer-me esta justiça, ainda os meus mais ferrenhos \ninimigos; é que não sou curandeiro, eu não tenho parente \ncurandeiro, não conheço curandeiro, e nunca vi cara, foto-\ngrafia ou relíquia, sequer, de curandeiro. Quando adoeço, \nnão é de espinhela caída*, — coisa que podia aconselhar-me \na curanderia; é sempre de moléstias latinas ou gregas. Estou \nna regra; pago impostos, sou jurado, não me podem arguir \na menor quebra de dever público.” \n(ASSIS, Machado de. Bons dias! Campinas: Editora da UNICAMP, p. 295, 2008.)\n*espinhela caída: designação popular para doenças caracteri-\nzadas por dores pelo corpo (peito, costas e pernas), além de \ncansaço físico.  \nNa “profissão de fé”, feita pelo narrador da crônica no parágra-\nfo citado, percebe-se",
    "number": 7,
    "id": "UNICAMP_2023_7",
    "alternatives": [
        "a)  a distinção do narrador como uma figura avessa ao curan-\ndeirismo, por crença na ciência dos filósofos e pensadores \ngregos e latinos, o que marca o tom crítico da série.",
        "b)  a caracterização do narrador como uma figura superior à \npopulação em geral, o que ecoa o tom analítico das crônicas \ndessa série.",
        "c)  a repetição exagerada da palavra “curandeiro” (e “curan-\nderia”) no trecho, como marca estilística da simplicidade \nlinguística das crônicas dessa série.",
        "d)  a personificação gerada por “quando adoeço (...) é sempre \nde moléstias latinas ou gregas”, como marca do estilo em-\npolado do narrador nessa série de crônicas."
    ],
    "associated_images": [],
    "answer": "B",
    "has_associated_images": false,
    "alternatives_type": "string",
    "DS": false,
    "TU": true,
    "IU": false,
    "MR": false,
    "ML": false,
    "BK": true,
    "subject": [
        "portuguese"
    ]
}