{
    "question": "Conheço um povo sem poligamia:  o povo macua.  Este \npovo deixou as suas raízes e apoligamou-se por influência \nda religião. Islamizou-se. (...) Conheço um povo de tradi-\nção poligâmica:  o meu,  do  sul  do  meu  país. Inspirado \nno papa, nos padres e nos santos, disse não  à  poligamia. \nCristianizou-se. Jurou deixar os costumes bárbaros de casar \ncom muitas mulheres para tornar-se monógamo ou celibatá-\nrio. (...) Um dia dizem não aos costumes, sim ao cristianismo \ne à lei. No momento seguinte, dizem não onde disseram sim, \nou sim onde disseram não.\n(CHIZIANE, Paulina. Niketche. Uma história de poligamia. São Paulo: Companhia das \nLetras, 2004, p. 92.)\nBaseando-se no excerto e na leitura da obra, é correto afirmar \nque",
    "number": 8,
    "id": "UNICAMP_2023_8",
    "alternatives": [
        "a)  a organização familiar é fruto da vida religiosa dos povos, \ncabendo assim a monogamia aos povos cristãos e a poliga-\nmia aos povos islâmicos.",
        "b)  os costumes culturais no modo de organizar os arranjos fa-\nmiliares são colocados em xeque por novas estruturas de \npoder, as quais transmitem outros valores.",
        "c)  a monogamia aparece como evolução natural aos costumes \nsupostamente bárbaros de os homens se casarem com mui-\ntas mulheres em determinadas culturas africanas.",
        "d)  o povo macua tornou-se monogâmico depois de abraçar a \nfé cristã trazida pelo papa e padres, o que pode ser conside-\nrado um aprimoramento social."
    ],
    "associated_images": [],
    "answer": "B",
    "has_associated_images": false,
    "alternatives_type": "string",
    "DS": false,
    "TU": true,
    "IU": false,
    "MR": false,
    "ML": false,
    "BK": false,
    "subject": [
        "portuguese"
    ]
}