{
    "question": "Texto 1\n“Parece-me gente de tal inocência que, se nós os entendês-\nsemos e eles a nós, seriam logo cristãos porque eles não têm \nnem conhecem nenhuma crença. E, portanto, se os degre-\ndados que aqui hão de ficar aprenderem bem a sua fala e os \nentenderem, não duvido que eles, segundo a santa intenção \nde Vossa Alteza, se tornem  cristãos e passem a crer em \nnossa santa fé, à qual praza a Nosso Senhor que os traga. \nPorque certamente  esta gente é boa e de boa simplicidade, \ne imprimir-se-á ligeiramente neles qualquer cunho que lhes \nquiserem dar. E, pois, Nosso Senhor, que lhes deu bons cor-\npos e bons rostos, como a bons homens, se  aqui nos trouxe, \ncreio que não foi sem um motivo.”\n(CAMINHA, Pero Vaz de. Carta de Achamento do Brasil. Campinas: Editora da UNICAMP, \n2001, p. 108.)\nTexto 2\n“As molas do homem primitivo podem ser postas em ação \npelo exemplo, educação e benefícios (...). Newton, se hou-\nvesse nascido entre os guaranis, seria mais um bípede, que \npisara sobre a superfície da Terra; mas um guarani criado por \nNewton talvez ocupasse o seu lugar. Quem ler o diálogo que \ntraz Léry na sua viagem ao Brasil entre um francês e um ve-\nlho carijó conhecerá que não falta aos índios bravos o lume \nnatural da razão.” \n(ANDRADA E SILVA, José Bonifácio de. Projetos para o Brasil. São Paulo: Companhia das \nLetras, 2000, p. 50.)\nA partir dos dois textos, escritos em momentos emblemáticos \nda história do Brasil (o “achamento” em 1500 e o debate de \nideias para a criação de uma constituição em 1823), seria corre-\nto afirmar que os povos originários são",
    "number": 9,
    "id": "UNICAMP_2023_9",
    "alternatives": [
        "a)  definidos como díspares entre si, pois Caminha os vê como \ningênuos, crédulos, enquanto Bonifácio alerta para o perigo \ndos indígenas bravos.",
        "b)  considerados uma página em branco e maleáveis, tanto no \ntexto do cronista quinhentista quanto naquele do publicista \noitocentista.",
        "c)  apontados como benignos, com a intenção de preservar os \nindígenas distantes da degradação dos costumes europeus.",
        "d)  tributários de uma imutabilidade cultural, tanto na crônica \nde Caminha quanto no discurso de José Bonifácio."
    ],
    "associated_images": [],
    "answer": "B",
    "has_associated_images": false,
    "alternatives_type": "string",
    "DS": false,
    "TU": true,
    "IU": false,
    "MR": false,
    "ML": false,
    "BK": false,
    "subject": [
        "portuguese",
        "history"
    ]
}