{
    "question": "Texto I \n [IMAGE 0] \n(André Vallias, 2020. Disponível em: https://gramho.com/media/241201996 \n8340930281. Acessado em 20/06/2021.) \n \nTexto II \n [IMAGE 1] \n(Hélio  Oiticica,  Bandeira-poema  [Seja  marginal,  seja  herói],  1968. \nDisponível  em:  https://enciclopedia.itaucultural.org.br/obra2638/bandeira-\npoema. Acessado em 24/08/2021.)  \n \n \nConsidere o diálogo intertextual entre os dois poemas e \nassinale a alternativa correta.",
    "number": 10,
    "id": "UNICAMP_2022_10",
    "alternatives": [
        "a)   O  texto  II  parodia  o  texto  I  ao  deslocar  o  tema  da \nconectividade  no  meio  digital  para  o  elogio  da \nmarginalidade como ato heroico.",
        "b)   O texto I parafraseia o texto II ao chamar atenção para \na posição marginal imposta a quem resiste à pressão \nde viver conectado às redes.",
        "c)   O texto II alude ao texto I para reforçar a equivalência \nentre as condições de ficar “off-line” e ser “marginal” \nem cada contexto.",
        "d)   O texto I parodia o texto II para situar como heroico e \ntransgressivo  o  ato  de  se  desconectar  das  redes \nsociais no contexto atual."
    ],
    "associated_images": [
        "imgs/UNICAMP/2022/10/0.jpg",
        "imgs/UNICAMP/2022/10/1.jpg"
    ],
    "answer": "D",
    "has_associated_images": true,
    "alternatives_type": "string",
    "subject": [
        "portuguese"
    ],
    "DS": false,
    "TU": false,
    "IU": true,
    "MR": false,
    "ML": false,
    "BK": false
}