{
    "question": "No conjunto de seus diferentes usos, a palavra “cultura” pode \nsignificar um valor individual do sujeito que “tem cultura”; um \nvalor coletivo de povos, etnias e grupos sociais que produzem \nbens culturais que podem tornar-se propriedade de alguns; um \nvalor de produto comercializado, como um livro, um quadro, \numa peça teatral. O controle da circulação de bens começa \ncom  a  invenção  da  imprensa  no  século  XV,  seguida  da \nregulação  dos  direitos  autorais  e  de  reprodução.  Hoje,  a \nexpansão da tecnologia digital, o compartilhamento nas redes \ne  seu  monopólio  resultam  em  condições  ainda  mais \ncomplexas de produção, circulação e comercialização de bens \nculturais. Além disso, tradições milenares no Extremo Oriente \ne em alguns povos originários da América Latina mostram que \no mundo não é só o que chamamos de Ocidente e que as \nnoções de cópia, original, livre e coletivo diferem entre culturas \ndiversas. Nesse contexto, pergunta o autor, como defender \numa cultura livre? \n(Adaptado de Leonardo Foleto, Introdução ao livro A cultura é livre: uma \nhistória  da  resistência  antipropriedade.  Disponível  em  https:// \noutraspalavras.net/alemdamercadoria/cultura-seus-tres-significados-e-sua-\nlibertacao/ . Acessado em 10/04/2021.) \n \nCom base no que afirma o autor, a defesa de uma cultura \nlivre dependeria",
    "number": 11,
    "id": "UNICAMP_2022_11",
    "alternatives": [
        "a)  da produção e circulação de bens culturais por grupos \nsociais.",
        "b)  da atenção dada aos valores individuais e aos direitos \nautorais.",
        "c)  da consideração de experiências e valores de outras \nculturas.",
        "d)  do compartilhamento de bens culturais via tecnologia \ndigital."
    ],
    "associated_images": [],
    "answer": "C",
    "has_associated_images": false,
    "alternatives_type": "string",
    "subject": [
        "portuguese"
    ],
    "DS": false,
    "TU": true,
    "IU": false,
    "MR": false,
    "ML": false,
    "BK": false
}