{
    "question": "Certo país adquiriu 5.000.000 de doses das vacinas Alfa, \nBeta e Gama, pagando um preço de $40.000.000,00 pelo \ntotal. Cada dose das vacinas Alfa, Beta e Gama custou \n$5,00, $10,00 e $20,00, respectivamente. Sabendo que o \nnúmero de doses adquiridas da vacina Beta é o triplo do \nnúmero de doses adquiridas da vacina Gama, o número de \ndoses adquiridas da vacina Alfa foi de:",
    "number": 13,
    "id": "UNICAMP_2022_13",
    "alternatives": [
        "a)  1.500.000.",
        "b)  2.000.000.",
        "c)  2.500.000.",
        "d)  3.000.000."
    ],
    "associated_images": [],
    "answer": "D",
    "has_associated_images": false,
    "alternatives_type": "string",
    "subject": [
        "mathematics"
    ],
    "DS": false,
    "TU": true,
    "IU": false,
    "MR": true,
    "ML": false,
    "BK": false
}