{
    "question": "Certo modelo de carro é vendido em duas versões: uma a \ngasolina e outra híbrida. Essa última versão conta com um \nmotor  elétrico  para  funcionar  em  baixas  velocidades, \nreduzindo, assim, o consumo de combustível e também os \níndices de poluição. \n \nA  versão  a  gasolina  custa  R$  150.000,00  e  a  versão \nhíbrida  custa  R$  180.000,00.  A  tabela  a seguir  indica  o \nconsumo de combustível de cada uma das versões: \n Uso na cidade  Uso na estrada \n Versão a gasolina  12 km/l  14 km/l \nVersão híbrida  18 km/l  16 km/l \n \nNote que a versão híbrida é mais econômica, porém custa \nmais caro. \n \nUm motorista faz diariamente um percurso de 36 km na \ncidade e de 56 km na estrada. Considerando que cada litro \nde gasolina custa R$ 5,00 e que, ao longo do tempo, esse \npreço será constante e o percurso não se alterará, quantos \nanos de uso serão necessários para que a economia no \nabastecimento  compense  o  preço  mais  alto  pago \ninicialmente pelo carro híbrido?",
    "number": 14,
    "id": "UNICAMP_2022_14",
    "alternatives": [
        "a)  Mais que 8 e menos que 10 anos.",
        "b)  Mais que 10 e menos que 12 anos.",
        "c)  Mais que 12 e menos que 14 anos.",
        "d)  Mais que 14 e menos que 16 anos."
    ],
    "associated_images": [],
    "answer": "B",
    "has_associated_images": false,
    "alternatives_type": "string",
    "subject": [
        "mathematics"
    ],
    "DS": false,
    "TU": true,
    "IU": false,
    "MR": true,
    "ML": false,
    "BK": false
}