{
    "question": "As  figuras  abaixo  ilustram,  respectivamente,  os  gráficos \ndas funções y=f(x) e y=g(x). \n [IMAGE 0] \n [IMAGE 1] \n Então f(g(-1)) - g(f(1)) vale:",
    "number": 15,
    "id": "UNICAMP_2022_15",
    "alternatives": [
        "a)  1",
        "b)  2",
        "c)  3",
        "d)  4"
    ],
    "associated_images": [
        "imgs/UNICAMP/2022/15/1.jpg",
        "imgs/UNICAMP/2022/15/2.jpg"
    ],
    "answer": "D",
    "has_associated_images": true,
    "alternatives_type": "string",
    "subject": [
        "mathematics"
    ],
    "DS": false,
    "TU": false,
    "IU": false,
    "MR": true,
    "ML": false,
    "BK": false
}