{
    "question": "USE  O  TEXTO  A  SEGUIR  PARA  RESPONDER  À \nQUESTÃO.\nPara  conter  uma  certa  epidemia  viral,  uma  vacina  será \naplicada a uma população. Sabe-se que: \n•  a efetividade de uma vacina pode ser entendida como \nsendo  a  porcentagem  dos  indivíduos  vacinados  que \nestarão imunes à doença; e \n•  para controlar a epidemia, a porcentagem mínima de \numa  dada  população  a  ser  imunizada  é  dada  pela \nfórmula I(R0) = 100(R0 -1)/R0 , em que R0 > 1 é um \nvalor associado às características da epidemia. \nAssume-se, ainda, que uma eventual imunização somente \né adquirida por meio da vacina.\nEm relação à epidemia e à vacinação, é correto afirmar \nque",
    "number": 17,
    "id": "UNICAMP_2022_17",
    "alternatives": [
        "a)  a  porcentagem  mínima  da  população  que  deve  ser \nvacinada  para  controlar  a  epidemia  é  sempre  maior \nque 50%.",
        "b)  para  uma  vacina,  quanto  maior  ,  menor  a \nporcentagem  mínima  da  população  que  deve  ser \nvacinada para controlar a epidemia.  R0",
        "c)  para  uma  vacina,  quanto  maior  ,  maior  a \nporcentagem  mínima  da  população  que  deve  ser \nvacinada para controlar a epidemia.  R0",
        "d)  para  um  dado  ,  quanto  maior  a  efetividade  da \nvacina,  maior  a  porcentagem  mínima  da  população \nque deve ser vaciRn0ada para controlar a epidemia."
    ],
    "associated_images": [],
    "answer": "C",
    "has_associated_images": false,
    "alternatives_type": "string",
    "subject": [
        "mathematics"
    ],
    "DS": false,
    "TU": true,
    "IU": false,
    "MR": true,
    "ML": false,
    "BK": false
}