{
    "question": "USE  O  TEXTO  A  SEGUIR  PARA  RESPONDER  À \nQUESTÃO.\nPara  conter  uma  certa  epidemia  viral,  uma  vacina  será \naplicada a uma população. Sabe-se que: \n•  a efetividade de uma vacina pode ser entendida como \nsendo  a  porcentagem  dos  indivíduos  vacinados  que \nestarão imunes à doença; e \n•  para controlar a epidemia, a porcentagem mínima de \numa  dada  população  a  ser  imunizada  é  dada  pela \nfórmula I(R0) = 100(R0 -1)/R0 , em que R0 > 1 é um \nvalor associado às características da epidemia. \nAssume-se, ainda, que uma eventual imunização somente \né adquirida por meio da vacina.\nAssuma que R0=2  Sabendo que uma dada vacina tem \n80% de efetividade, em qual dos intervalos se encontra a \nporcentagem minima da população que deve ser vacinada \npara controlar a epidemia?",
    "number": 18,
    "id": "UNICAMP_2022_18",
    "alternatives": [
        "a)  Entre 46% e 55%.",
        "b)  Entre 56% e 65%.",
        "c)  Entre 66% e 75%.",
        "d)  Entre 76% e 85%."
    ],
    "associated_images": [],
    "answer": "B",
    "has_associated_images": false,
    "alternatives_type": "string",
    "subject": [
        "mathematics"
    ],
    "DS": false,
    "TU": true,
    "IU": false,
    "MR": true,
    "ML": false,
    "BK": false
}