{
    "question": "Tenho horror a de aqui a pouco vos ter já dito o que vos \nvou dizer. As minhas palavras presentes, mal eu as diga, \npertencerão logo ao passado, ficarão fora de mim, não sei \nonde,  rígidas  e  fatais...  Falo,  e  penso  nisto  na  minha \ngarganta, e as minhas palavras parecem-me gente... \n(Fernando Pessoa, O marinheiro. Campinas: Editora da Unicamp, 2020, p. \n51.) \n \nO que eu era outrora já não se lembra de quem sou... Às \nvezes,  à  beira  dos  lagos,  debruçava-me  e  fitava-me... \nQuando eu sorria, os  meus dentes eram  misteriosos na \nágua...  Tinham  um  sorriso  só  deles,  independentes  do \nmeu... \n(Idem, p. 52.) \n \nNos excertos acima, dois fenômenos são apresentados ao \nleitor e constituem o principal problema dramático da peça \nde Fernando Pessoa. Assinale a alternativa que identifica e \nexplica corretamente esses fenômenos.",
    "number": 2,
    "id": "UNICAMP_2022_2",
    "alternatives": [
        "a)  As palavras e as imagens tornam-se independentes da \npessoa humana. Isso significa a cisão entre o sujeito e \no  mundo  ou,  ainda,  a  crise  de  identidade  pessoal \nreiterada nos diálogos.",
        "b)  Proferir um discurso e ver-se refletido em um lago são \nsituações dramáticas que sugerem a unidade entre ser \ne existir. A questão central, quem eu sou, é resolvida \nno desfecho da peça.",
        "c)  Lembrar e esquecer são dois aspectos inseparáveis da \nestrutura dramática da peça. Se a imagem refletida no \nlago não se assemelha à pessoa que a contempla, as \npalavras, por sua vez, garantem a conexão entre o eu \ne a realidade exterior.",
        "d)  O  horror  e  o  mistério  das  coisas  são  elementos \nbásicos  desse  drama.  Eles  produzem,  nas \npersonagens,  a  convicção  de  que  é  útil  narrar  as \nexperiências do passado porque assim se revela o seu \nverdadeiro significado."
    ],
    "associated_images": [],
    "answer": "A",
    "has_associated_images": false,
    "alternatives_type": "string",
    "subject": [
        "portuguese"
    ],
    "DS": true,
    "TU": true,
    "IU": false,
    "MR": false,
    "ML": false,
    "BK": false
}