{
    "question": "Considere a matriz \n  A=[[1,k],[3,k^2]] e \ne seja B= A + A^T , onde A^T é a transposta da matriz A.\n Sobre o sistema \n B*[[x],[y]]=[[2021],[2022]]\n é correto afirmar que",
    "number": 20,
    "id": "UNICAMP_2022_20",
    "alternatives": [
        "a)  se k=0, o sistema não tem solução.",
        "b)  se k = -1, o sistema tem infinitas soluções.",
        "c)  se k = -1, o sistema não tem solução.",
        "d)  se k = 3, o sistema tem infinitas soluções."
    ],
    "associated_images": [],
    "answer": "C",
    "has_associated_images": false,
    "alternatives_type": "string",
    "subject": [
        "mathematics"
    ],
    "DS": true,
    "TU": false,
    "IU": false,
    "MR": true,
    "ML": false,
    "BK": false
}