{
    "question": "A parábola  y = -x^2 + bx + c intercepta o eixo x nos pontos (p,0) e (q,0).\nSabe-se que ela intercepta uma única vez \ncada uma das retas dadas pelas equações y=2x+1 e y=1 - x/2. o valor de p + q é",
    "number": 22,
    "id": "UNICAMP_2022_22",
    "alternatives": [
        "a)  2/3.",
        "b)  3/4.",
        "c)  4/3.",
        "d)  3/2."
    ],
    "associated_images": [],
    "answer": "B",
    "has_associated_images": false,
    "alternatives_type": "string",
    "subject": [
        "mathematics"
    ],
    "DS": true,
    "TU": true,
    "IU": false,
    "MR": true,
    "ML": false,
    "BK": false
}