{
    "question": "O  polinômio p(x) = 2x^3 + ax^2 + bx + c é  divisível  por 2x^2 - x + 4. O valor de c + 2b - a  é:",
    "number": 23,
    "id": "UNICAMP_2022_23",
    "alternatives": [
        "a)  9.",
        "b)  15.",
        "c)  21.",
        "d)  25."
    ],
    "associated_images": [],
    "answer": "A",
    "has_associated_images": false,
    "alternatives_type": "string",
    "subject": [
        "mathematics"
    ],
    "DS": true,
    "TU": true,
    "IU": false,
    "MR": true,
    "ML": false,
    "BK": false
}