{
    "question": "A palavra “cringe” viralizou nas redes sociais no Brasil em \n2021. Observe sua definição, em português, apontada pelo \n“Dicionário Informal” on-line: \n \nVergonha alheia;  \n \nExemplo de uso da palavra cringe: \nA cena que presenciamos ontem foi muito cringe. \nÉ cada situação cringe que presenciamos. \nNão consigo nem ver, de tão cringe. \n \nVeja,  agora,  a  definição  da  mesma  palavra  pelo \n“Cambridge Dictionary”, também em versão on-line: \n \nto suddenly move away from someone or \nsomething because you are frightened \n  \nto feel very embarrassed: \n•  I cringed at the sight of my dad dancing. \n \n(Disponível em: https://www.dicionarioinformal.com.br/diferenca-entre/crin \nge/inglês/;  https://dictionary.cambridge.org/us/dictionary/english/cringe. \nAcessado em 05/07/2021.) \n \nCom base nessas duas definições, pode-se dizer que, em \nportuguês, a palavra “cringe”",
    "number": 25,
    "id": "UNICAMP_2022_25",
    "alternatives": [
        "a)  é  empregada  numa  classe  gramatical  diferente  da \nempregada em inglês, apesar de os sentidos serem \nsemelhantes nas duas línguas.",
        "b)  figura no mesmo tempo verbal que figura em inglês, \napesar  de  assumir  sentidos  diferentes  nas  duas \nlínguas.",
        "c)  é empregada na mesma classe gramatical em que é \nempregada  em  inglês,  apesar  de  assumir  sentidos \ndiferentes nas duas línguas.",
        "d)  figura em um gênero textual diferente do gênero em \nque  figura  em  inglês,  apesar  de  os  sentidos  serem \nsemelhantes nas duas línguas."
    ],
    "associated_images": [],
    "answer": "A",
    "has_associated_images": false,
    "alternatives_type": "string",
    "subject": [
        "english"
    ],
    "DS": false,
    "TU": true,
    "IU": false,
    "MR": false,
    "ML": true,
    "BK": false
}