{
    "question": "Em artigo publicado em 14 de junho de 2020, o jornal The \nStraits Times, de Singapura, apresentou os resultados de \numa  pesquisa  sobre  a  percepção  dos  respondentes  a \nrespeito  das  profissões  mais  essenciais  durante  a \npandemia. A imagem a seguir revela algumas estatísticas \nobtidas com base nessas respostas. \n [IMAGE 0]\nEm  um  post  em  sua  rede  social,  o  comediante  Rishi \nBudhrani comentou esses resultados: \n [IMAGE 1] \n(Disponível em https://creativefolk.co.uk/artists-topping-poll-as-non-essenti \nal-sparks-outrage/. Acessado em 09/06/2021.) \n \nPode-se dizer que Budhrani",
    "number": 26,
    "id": "UNICAMP_2022_26",
    "alternatives": [
        "a)  critica  a  baixa  representatividade  da  amostra,  e \napresenta  uma  série  de  recomendações  que  podem \nvalorizar a profissão de artistas.",
        "b)  questiona a ausência de muitos pontos que poderiam \nter  sido  discutidos  na  pesquisa,  e  sugere  várias \nmedidas para aumentar o debate em torno da arte.",
        "c)  levanta  uma  série  de  dúvidas  quanto  à  validade  da \npesquisa, e indica medidas que podem contribuir para \numa depreciação da arte.",
        "d)  problematiza  os  dados  revelados  pela  pesquisa,  e \nrecomenda algumas ações cujos resultados ratificam a \nrelevância da profissão de artistas."
    ],
    "associated_images": [
        "imgs/UNICAMP/2022/26/1.jpg",
        "imgs/UNICAMP/2022/26/2.png"
    ],
    "answer": "D",
    "has_associated_images": true,
    "alternatives_type": "string",
    "subject": [
        "english"
    ],
    "DS": false,
    "TU": true,
    "IU": true,
    "MR": false,
    "ML": true,
    "BK": false
}