{
    "question": "There is no evidence that hydroxychloroquine helps \nCovid-19 patients. So why is Congress still discussing it? \n \nBy Ashish Jha \nDean of the Brown University School of Public Health \nNov 24, 2020 \n \nLast week, in the United States Senate, the conversation was \nall  about  the  drug  hydroxychloroquine.  There  has  been  no \nevidence  that  hydroxychloroquine  improves  outcomes  for \nCovid-19  patients; some studies have  found that  it  causes \nmore harm than good. The hearing and the theater around it \nreflect  the  disinformation  campaigns  that  have  undermined \nbelief in science. Neither Ron Johnson, the Wisconsin senator \nwho  is  the  chairman  of  the  committee,  nor  his  chosen \nwitnesses showed more than a passing interest in evidence. \nIntuition  and  the  personal  experiences  of  individual  doctors \nwere the guiding principles. Early in the pandemic, President \nTrump referred to hydroxychloroquine as a “game changer”; “I \nfeel good about it”, he said. \nThat’s not how we practice medicine. We have to protect lives \nthrough  public  health  measures  while  we  await  widespread \nvaccinations.  By  endorsing  unfounded  therapies,  we  risk \njeopardizing  a  century’s  work  of  medical  progress.  Do  we \nreally want to go back to not using the best evidence to decide \nwhich treatments work? Do we want to let politicians prescribe \nour medications? Science and evidence are the tools we use \nto  know  what  is  true.  They  are  the  foundation  of  modern \nmedicine and public health.  \n(Adaptado  de  https://www.nytimes.com/2020/11/24/opinion/hydroxychloro \nquine-covid.html. Acessado em 06/06/2021.) \n \nCom base no texto, assinale a alternativa que responde à \npergunta apresentada no título do artigo.",
    "number": 29,
    "id": "UNICAMP_2022_29",
    "alternatives": [
        "a)  Porque a propagação de notícias falsas confunde os \nespecialistas  e  fomenta  discussões  prejudiciais  ao \navanço da medicina moderna.",
        "b)  Porque a grande mídia se sobrepõe às evidências da \nciência,  o  que  leva  a  tomada  de  decisões  para  um \nâmbito político.",
        "c)  Porque faltam estudos que comprovem a ineficácia da \nhidroxicloroquina  como  tratamento  para  Covid-19,  o \nque demanda novas pesquisas.",
        "d)  Porque  algumas  discussões  no  âmbito  político  e \nadministrativo são pautadas por aspectos subjetivos e \nnão por dados empíricos."
    ],
    "associated_images": [],
    "answer": "D",
    "has_associated_images": false,
    "alternatives_type": "string",
    "subject": [
        "english"
    ],
    "DS": false,
    "TU": true,
    "IU": false,
    "MR": false,
    "ML": true,
    "BK": false
}