{
    "question": "\nArdentia: s.f. fosforescência sobre as ondas do mar, à noite.  \nGolconda: s. f. (fig.) mina de riquezas.  \nNereida: s.f. cada uma das ninfas do mar, filhas de Nereu.  \n(Disponíveis em www.aulete.com.br/ Acessado em 30/07/2021.)\nAs Ondas \nEntre as trêmulas mornas ardentias, \nA noite no alto-mar anima as ondas. \nSobem das fundas úmidas Golcondas, \nPérolas vivas, as nereidas frias: \n \nEntrelaçam-se, correm fugidias, \nVoltam, cruzando-se; e, em lascivas rondas, \nVestem as formas alvas e redondas \nDe algas roxas e glaucas pedrarias. \n \nCoxas de vago ônix, ventres polidos \nDe alabastro, quadris de argêntea espuma, \nSeios de dúbia opala ardem na treva; \n \nE bocas verdes, cheias de gemidos, \nQue o fósforo incendeia e o âmbar perfuma, \nSoluçam beijos vãos que o vento leva... \n(Olavo Bilac, Tarde. Rio de Janeiro: Francisco Alves, 1919, p.48) \n \nEm relação ao soneto de Olavo Bilac (no contexto de sua \népoca), é correto afirmar que a seleção lexical favorece a",
    "number": 3,
    "id": "UNICAMP_2022_3",
    "alternatives": [
        "a)  descrição  objetiva  que  o  eu  lírico  faz  da  fantasia \namorosa recorrendo à riqueza mineral dos oceanos.",
        "b)  representação estética que o eu lírico faz do desejo \namoroso associado a fenômenos naturais.",
        "c)  descrição  científica  que  o  eu  lírico  faz  do  corpo \nfeminino recorrendo a fenômenos da natureza.",
        "d)  representação natural que o eu lírico faz do jogo de \nsensualidade associado à mitologia grega."
    ],
    "associated_images": [],
    "answer": "B",
    "has_associated_images": false,
    "alternatives_type": "string",
    "subject": [
        "portuguese"
    ],
    "DS": true,
    "TU": true,
    "IU": false,
    "MR": false,
    "ML": false,
    "BK": false
}