{
    "question": "O trecho a seguir pertence ao romance “The Bell Jar” (A \nRedoma de Vidro), da escritora estadunidense Sylvia Plath.  \n \n“From the tip of every branch, like a fat purple fig, a wonderful \nfuture beckoned and winked. One fig was a husband and a \nhappy home and children, and another fig was a famous poet \nand another fig was a brilliant professor, (…) and beyond and \nabove these figs were many more figs I couldn't quite make \nout. (…) I wanted each and every one of them, but choosing \none meant losing all the rest, and, as I sat there, unable to \ndecide, the figs began to wrinkle and go black, and, one by \none, they plopped to the ground at my feet.” \n(Disponível em https://www.ted.com/talks/iseult_gillespie_why_should_you \n_ read_sylvia _plath. Acessado em 20/07/2021.) \n \n \nQual das imagens representa melhor a reflexão principal \ndo excerto?",
    "number": 30,
    "id": "UNICAMP_2022_30",
    "alternatives": [
        "a)[IMAGE 2]",
        "b)[IMAGE 3]",
        "c)[IMAGE 1]",
        "d)[IMAGE 0]"
    ],
    "associated_images": [
        "imgs/UNICAMP/2022/30/4.jpg",
        "imgs/UNICAMP/2022/30/3.jpg",
        "imgs/UNICAMP/2022/30/5.jpg",
        "imgs/UNICAMP/2022/30/2.jpg"
    ],
    "answer": "C",
    "has_associated_images": true,
    "alternatives_type": "images",
    "subject": [
        "english"
    ],
    "DS": false,
    "TU": true,
    "IU": true,
    "MR": false,
    "ML": true,
    "BK": false
}