{
    "question": "[IMAGE 0]\nGaslighting  is  a  form  of \npsychological abuse where \na  person  or  group  makes \nsomeone  question  their \nsanity, perception of reality, \nor  memories.  People \nexperiencing  gaslighting \noften  feel  confused,  anxious,  and  unable  to  trust \nthemselves.  The  term  gaslighting  derives  from  the  1938 \nplay  and  1944  film “Gaslight”,  in  which  a  husband \nmanipulates his wife into thinking she has a mental illness \nby  dimming  their  gas-fueled  lights  and  telling  her  she  is \nhallucinating. While anyone can experience gaslighting, it is \nespecially common in intimate relationships and in social \ninteractions  where  there  is  an  imbalance  of  power.  A \nperson  who  is  on  the  receiving  end  of  this  behavior  is \nexperiencing abuse. \n(Disponível em https://www.medicalnewstoday.com/articles/signs-of-gaslig \nhting. Acessado em 02/06/2021.)  \n \nAssinale  o  depoimento  feminino  que  ilustra  a  prática \ndiscutida no texto.",
    "number": 31,
    "id": "UNICAMP_2022_31",
    "alternatives": [
        "a)  “Ele  discutia  sobre  tudo,  até  coisas  que  não  têm \ndiscussão,  como  meu  estado  de  espírito  ou  meus \nsentimentos.  Tudo  era  um  exagero  meu,  uma \ninvenção. Tudo estava na minha cabeça.”",
        "b)  “Os homens explicam coisas para mim, e para outras \nmulheres, quer saibam ou não do que estão falando. \nUm desconhecido na farmácia já quis me explicar o \nque era um AVC. Eu sou médica”.",
        "c)  “Um amigo me perguntou qual era a diferença entre \nfeminismo radical e liberal. Eu tentei explicar e toda \nvez que eu avançava um pouco, ele me interrompia \npra falar que já sabia ou para complementar alguma \ncoisa\".",
        "d)  “É algo que acontece muito em reuniões, quando um \nhomem expressa uma opinião anteriormente dada por \numa  mulher  e,  ao  contrário  da  primeira,  é  ouvido  e \naplaudido”. \n"
    ],
    "associated_images": [
        "imgs/UNICAMP/2022/31/1.jpg"
    ],
    "answer": "A",
    "has_associated_images": true,
    "alternatives_type": "string",
    "subject": [
        "english"
    ],
    "DS": false,
    "TU": true,
    "IU": false,
    "MR": false,
    "ML": true,
    "BK": false
}