{
    "question": "A  poeta  e  ativista  palestina  Rafeef  Ziadah  estava \nparticipando  da  cobertura  jornalística  do  massacre  em \nGaza quando um jornalista não-palestino perguntou-lhe se \nas coisas não seriam melhores se os palestinos parassem \nde ensinar o ódio às suas crianças. Em resposta a essa \npergunta,  Ziadah  compôs  o  poema  “We  teach  life,  sir”, \ntranscrito a seguir: \n \nToday, my body was a TV’d massacre \nthat had to fit into sound-bites and word limits. \nAnd I perfected my English and I learned my UN resolutions. \nBut  still,  he  asked  me,  Ms.  Ziadah,  don’t  you  think  that \neverything would be resolved \nif  you  would  just  stop  teaching  so  much  hatred  to  your \nchildren? \nPause. \nI look inside of me for strength to be patient \nbut patience is not at the tip of my tongue as the bombs drop \nover Gaza.  \nToday, my body was a TV’d massacre made to fit into sound-\nbites and word limits \nand move those that are desensitized to terrorist blood. \nAnd these are not two equal sides: occupier and occupied. \nAnd a hundred dead, two hundred dead, and a thousand dead. \nAnd between that, war crime, and massacre, \nI vent out words and smile “not exotic”, “not terrorist”.  \nNo sound-bite will fix this. \nWe teach life, sir. \n(Adaptado de https://blissonature.wordpress.com/2011/11/17/rafeef-ziadah-\nwe-teach-life-sir-text-transcription-lyrics-words-of-poem/. Acessado em 01/ \n07/2021.)   \n \nA partir da leitura do texto, depreende-se que",
    "number": 32,
    "id": "UNICAMP_2022_32",
    "alternatives": [
        "a)  a violência contra palestinos chega ao mundo reduzida \na pequenas frases e a um certo limite de palavras.",
        "b)  os  bombardeamentos  em  Gaza  são  motivados  por \nimagens estereotipadas da população na televisão.",
        "c)  o ensino dos conflitos históricos em Gaza é baseado \nem sentimentos como o ódio e a insensibilidade.",
        "d)  o aprendizado de inglês e das resoluções da ONU está \nassociado ao fim da violência na Palestina."
    ],
    "associated_images": [],
    "answer": "A",
    "has_associated_images": false,
    "alternatives_type": "string",
    "subject": [
        "english"
    ],
    "DS": false,
    "TU": true,
    "IU": false,
    "MR": false,
    "ML": true,
    "BK": false
}