{
    "question": "Usando um modelo típico da termodinâmica, os autores de \num trabalho científico fazem previsões sobre a exposição \nde  pessoas  a  vapores  de  substâncias  adsorvidas  em \nmaterial  sólido  particulado  (MP)  ou  a  vapores  de  MP \nsemivolátil. O estudo se refere a exposições aos vapores \n(gases) no interior climatizado (20-25oC) de residências e \nescritórios  em  países  industrializados,  já  que  essas \npessoas passam 90% de seu tempo nesses ambientes. O \nestudo  considerou  também  as  condições  climáticas  do \nambiente  interno  e  externo.  Levando-se  em  conta  as \ninformações dadas, pode-se concluir que os lados A e B da \nfigura a seguir, correspondem, respectivamente, a\n [IMAGE 0]",
    "number": 35,
    "id": "UNICAMP_2022_35",
    "alternatives": [
        "a)  inverno  e  verão,  e  que  a dessorção  dos  gases  que \nocorre  nos  MPs  e  a  sublimação  dos  MPs  são \nprocessos endotérmicos.",
        "b)  inverno  e  verão,  e  que  a dessorção  dos  gases  que \nocorre  nos  MPs  e  a  sublimação  dos  MPs  são \nprocessos exotérmicos.",
        "c)  verão  e  inverno,  e  que  a dessorção  dos  gases  que \nocorre nos MPs é um processo exotérmico, ao passo \nque a sublimação dos MPs é endotérmica.",
        "d)  verão  e  inverno,  e  que  a dessorção  dos  gases  que \nocorre nos MPs é um processo endotérmico, ao passo \nque a sublimação dos MPs é exotérmica."
    ],
    "associated_images": [
        "imgs/UNICAMP/2022/35/2.jpg"
    ],
    "answer": "A",
    "has_associated_images": true,
    "alternatives_type": "string",
    "subject": [
        "chemistry"
    ],
    "DS": true,
    "TU": true,
    "IU": true,
    "MR": false,
    "ML": false,
    "BK": false
}