{
    "question": "USE  O  TEXTO  A  SEGUIR  PARA  RESPONDER  À \nQUESTÃO.  \n \nResíduos de papel contribuem para que o clima mude mais \ndo que a maioria das pessoas pensam. A Blue Planet Ink \nanunciou que sua tinta de impressora autoapagável Paper \nSaver®  agora  está  disponível  em  cartuchos \nremanufaturados  para  uso  em  impressoras  de  uma \ndeterminada marca. A tinta autoapagável (economizadora \nde papel) é uma tinta roxa de base aquosa, que pode ser \nimpressa  em  papel  sulfite  normal.  Um  cartucho  rende  a \nimpressão de até 4000 folhas. Com a exposição ao ar, ao \nabsorver  dióxido  de  carbono  e  vapor  de  água,  o \ncomponente  ativo  (corante)  da  tinta  perde  sua  cor,  a \nimpressão  torna-se  não  visível  e  o  papel  fica  branco, \ntornando possível sua reutilização.\nSabe-se que o componente ativo da tinta Paper Saver® é o \nindicador o-cresolftaleína. As formas estruturais A e B, a \nseguir, representam o componente ativo quando se mostra \nincolor  e  quando  se  mostra  roxo,  não  necessariamente \nnessa sequência. \n (A) [IMAGE 0]\n (B) [IMAGE 1] \n Dessa forma, pode-se afirmar que na mudança da cor roxa \npara incolor ocorreu um",
    "number": 36,
    "id": "UNICAMP_2022_36",
    "alternatives": [
        "a)   abaixamento  do  pH,  e  a  maioria  das  moléculas  do \nindicador que estava no cartucho mudou da forma B \npara a forma A.",
        "b)   aumento  do  pH,  e  a  maioria  das  moléculas  do \nindicador que estava no cartucho mudou da forma B \npara a forma A.",
        "c)   abaixamento  do  pH,  e  a  maioria  das  moléculas  do \nindicador que estava no cartucho mudou da forma A \npara a forma B.",
        "d)   aumento  do  pH,  e  a  maioria  das  moléculas  do \nindicador que estava no cartucho mudou da forma A \npara a forma B."
    ],
    "associated_images": [
        "imgs/UNICAMP/2022/36/1.jpg",
        "imgs/UNICAMP/2022/36/2.jpg"
    ],
    "answer": "C",
    "has_associated_images": true,
    "alternatives_type": "string",
    "subject": [
        "chemistry"
    ],
    "DS": true,
    "TU": true,
    "IU": true,
    "MR": false,
    "ML": false,
    "BK": false
}