{
    "question": "USE  O  TEXTO  A  SEGUIR  PARA  RESPONDER  À \nQUESTÃO.  \n \nResíduos de papel contribuem para que o clima mude mais \ndo que a maioria das pessoas pensam. A Blue Planet Ink \nanunciou que sua tinta de impressora autoapagável Paper \nSaver®  agora  está  disponível  em  cartuchos \nremanufaturados  para  uso  em  impressoras  de  uma \ndeterminada marca. A tinta autoapagável (economizadora \nde papel) é uma tinta roxa de base aquosa, que pode ser \nimpressa  em  papel  sulfite  normal.  Um  cartucho  rende  a \nimpressão de até 4000 folhas. Com a exposição ao ar, ao \nabsorver  dióxido  de  carbono  e  vapor  de  água,  o \ncomponente  ativo  (corante)  da  tinta  perde  sua  cor,  a \nimpressão  torna-se  não  visível  e  o  papel  fica  branco, \ntornando possível sua reutilização.\nA \"pegada de carbono\" isto é, a quantidade de carbono \ngerada na produção, transporte e descarte – de 120 folhas \nde papel é a mesma de um carro a gasolina que se move \npor  16  km.  O  Regulamento  sobre  Automóveis  de \nPassageiros  da  Comissão  Europeia  estabeleceu  como \nmeta  que  as  emissões  dos  veículos  leves  não  poderão \nultrapassar  95  g  CO2/km  a  partir  de  2020.  Levando  em \nconta  a  combustão  completa  da  gasolina  (considere  a \ngasolina como sendo constituída unicamente por C8H18) e nas  informações  do  texto  de  referência,  o  uso  de  um \ncartucho  da  tinta  Paper  Saver®,  nas  condições \nestabelecidas pela Comissão Europeia,considerando Massas molares em g.mol^-1: H = 1, C = 12, O = 16, permitiria reduzir a \nemissão de aproximadamente:",
    "number": 37,
    "id": "UNICAMP_2022_37",
    "alternatives": [
        "a)  1,5  kg  de  CO2 ,  que  é  uma  massa  maior  do  que  a massa de gasolina que foi queimada.",
        "b)  50  kg  de  CO2 ,  que  é  uma  massa  menor  do  que  a massa de gasolina que foi queimada.",
        "c)  1,5 kg de CO2 , que é uma massa menor do que a massa de gasolina que foi queimada.",
        "d)  50  kg  de  CO2 ,  que  é  uma  massa  maior  do  que  a massa de gasolina que foi queimada."
    ],
    "associated_images": [],
    "answer": "D",
    "has_associated_images": false,
    "alternatives_type": "string",
    "subject": [
        "chemistry"
    ],
    "DS": false,
    "TU": true,
    "IU": false,
    "MR": true,
    "ML": false,
    "BK": false
}