{
    "question": "O  crescente  interesse  em  combustíveis  renováveis, \nderivados  tanto  da  cana  de  açúcar  quanto  da  cana  de \nenergia, tem impulsionado estudos no sentido de permitir o \nmaior  aproveitamento  desses  dois  tipos  de  cana  na \nprodução  de  bioetanol  de  primeira  e  segunda  geração, \nsendo este último um biocombustível produzido a partir de \nfibras presentes na cana. Em um simpósio brasileiro sobre \nbioetanol  e  biorrefino,  realizado  em  2017,  foram \napresentados dados relativos à produção de bioetanol a \npartir de cana de açúcar e cana de energia. Um pequeno \nextrato desses dados encontra-se na tabela a seguir. \n Característica - Cana de açúcar - Cana de energia  \nTeor de fibra (%) - 14 - 25 \nMassa de fibra (t/ha) - 11 - 45 \nTeor de açúcar (%) - 14 - 8 \nMassa de açúcar (t/ha) - 11 - 14\nComparando-se  os  dados,  pode-se  concluir  que  a \nvantagem da cana de energia em relação à cana de açúcar \nreside em uma maior produção de bioetanol de",
    "number": 38,
    "id": "UNICAMP_2022_38",
    "alternatives": [
        "a)  primeira e de segunda geração; o aumento maior se dá \nna produção de bioetanol de segunda geração, tendo \ncomo base a produtividade por hectare.",
        "b)  segunda  geração,  produção  essa  que  compensa  a \ndiminuição  na  produção  de  bioetanol  de  primeira \ngeração, tendo como base a produtividade por hectare.",
        "c)  primeira  geração,  produção  essa  que  compensa  a \ndiminuição  na  produção  de  bioetanol  de  segunda \ngeração, tendo como base os teores indicados.",
        "d)  primeira e de segunda geração; o aumento maior se dá \nna produção de bioetanol de primeira geração, tendo \ncomo base os teores indicados."
    ],
    "associated_images": [],
    "answer": "A",
    "has_associated_images": false,
    "alternatives_type": "string",
    "subject": [
        "chemistry"
    ],
    "DS": false,
    "TU": true,
    "IU": false,
    "MR": true,
    "ML": false,
    "BK": false
}