{
    "question": "Os benefícios da reciclagem são consideráveis e se situam \npara além de uma sensação de realização pessoal, advinda \nde  uma  responsável  deposição  de  embalagens  e  demais \nprodutos plásticos separados do restante do lixo. A figura a \nseguir registra o consumo e o destino de materiais plásticos \nnos Estados Unidos da América, o que não é muito diferente \nde outros locais ao redor do mundo. \n[IMAGE 0]\nDe acordo com essa figura, o consumo de plásticos vem \naumentando,",
    "number": 39,
    "id": "UNICAMP_2022_39",
    "alternatives": [
        "a)  mas o percentual de plásticos que vai para os aterros \nsanitários vem diminuindo assim como os percentuais \nda reciclagem e da queima.",
        "b)  assim como o percentual de plásticos que vai para os \naterros  sanitários,  pois  há  um  aumento  menor  dos \npercentuais de reciclagem e de queima.",
        "c)  mas a quantidade de plásticos que vai para os aterros \nsanitários  vem  diminuindo  devido  ao  aumento  maior \ndos percentuais de reciclagem e de queima.",
        "d)  assim como a quantidade de plásticos que vai para os \naterros  sanitários,  mesmo  com  o  aumento  dos \npercentuais de reciclagem e de queima."
    ],
    "associated_images": [
        "imgs/UNICAMP/2022/39/0.jpg"
    ],
    "answer": "D",
    "has_associated_images": true,
    "alternatives_type": "string",
    "subject": [
        "mathematics"
    ],
    "DS": false,
    "TU": false,
    "IU": true,
    "MR": true,
    "ML": false,
    "BK": false
}