{
    "question": "O  sistema  PSA  (Pressure  Swing  Adsorption)  é  uma \nalternativa  à  produção  de  oxigênio  para  hospitais  ou \nindústrias  distantes  de  fornecedores.  Esse  sistema  é \ntambém uma opção para os casos em que a produção por \ndestilação  criogênica  não  supre  a  demanda.  O \nfuncionamento do PSA se baseia na adsorção seletiva do \n \noxigênio ou do nitrogênio. O ar pressurizado é forçado a \npassar  por  colunas  contendo  substâncias  sólidas.  Tais \nsubstâncias  adsorvem  seletivamente  ou  o  oxigênio ou o \nnitrogênio. Quando o sólido fica saturado, promove-se uma \ndespressurização do sistema e então o gás se dessorve do \nsólido. Dessa forma, os dois principais gases do ar são \nseparados um do outro. A figura A esquematiza o sistema \nde funcionamento do PSA e os gráficos 1 e 2 representam \nisotermas  de  adsorção  (estudo  do  equilíbrio  a  uma \ntemperatura constante) de N2  e O2 para dois adsorventes\ndistintos. O gráfico 1 diz respeito a um complexo do metal \ncobalto  denominado  CoBTTri,  enquanto  o  gráfico  2  diz \nrespeito a um zeólito representado pela fórmula NaX. \n [IMAGE 0] \nConsiderando as figuras, é correto afirmar que a separação \na que se refere o texto seria possível utilizando-se",
    "number": 40,
    "id": "UNICAMP_2022_40",
    "alternatives": [
        "a)  apenas  o  material  NaX.  O  oxigênio  seria  obtido  na \npressurização do sistema.",
        "b)  qualquer  um  dos  dois  materiais.  O  oxigênio  seria \nobtido  na  despressurização  do  sistema  apenas  no \ncaso do CoBTTri.",
        "c)  apenas o material CoBTTri. O oxigênio seria obtido na \npressurização do sistema.",
        "d)  qualquer  um  dos  dois  materiais.  O  oxigênio  seria \nobtido  na  despressurização  do  sistema  apenas  no \ncaso do NaX."
    ],
    "associated_images": [
        "imgs/UNICAMP/2022/40/1.png"
    ],
    "answer": "B",
    "has_associated_images": true,
    "alternatives_type": "string",
    "subject": [
        "chemistry"
    ],
    "DS": true,
    "TU": true,
    "IU": true,
    "MR": false,
    "ML": false,
    "BK": false
}