{
    "question": "O mapa a seguir apresenta países com mais de 5 milhões \nde  habitantes  vivendo  em  favelas  (ou  outras  formas  de \nhabitação precária). \n [IMAGE 0] \n(Adaptado de: https://espace-mondial-atlas.sciencespo.fr. Acessado em \n02/07/2021.) \n \nCom  base  nas  informações  do  mapa  e  em  seu \nconhecimento  sobre  a  população  urbana  que  vive  em \nhabitações  precárias  e  favelas,  assinale  a  alternativa \ncorreta.",
    "number": 45,
    "id": "UNICAMP_2022_45",
    "alternatives": [
        "a)  Em grande parte dos países da África Subsaariana, \nmais de 60% da população urbana vive em favelas ou \nhabitações precárias, um problema social decorrente, \nentre  outros  fatores,  da  inserção  do  continente  na \ndivisão internacional do trabalho.",
        "b)  Na  América  Latina,  entre  5%  e  20%  da  população \nurbana vive hoje em favelas ou habitações precárias, o \nque deixou de ser um problema social por conta da \nindustrialização  da  região  no  século  XX  e  da \ndisseminação de políticas públicas.",
        "c)  A forte desaceleração da urbanização na China e na \nÍndia nesta década, associada a políticas públicas, tem \nlevado à diminuição das habitações precárias nesses \npaíses, ainda que os números absolutos de moradores \nem condições precárias continuem elevados.",
        "d)  A habitação precária não se coloca como uma questão \nsocial importante nos países do Oriente Médio, uma \nvez  que  há  volumosos  investimentos  em  políticas \npúblicas para o setor da habitação, financiados com \nrecursos obtidos da exploração do petróleo."
    ],
    "associated_images": [
        "imgs/UNICAMP/2022/45/1.jpg"
    ],
    "answer": "A",
    "has_associated_images": true,
    "alternatives_type": "string",
    "subject": [
        "geography"
    ],
    "DS": true,
    "TU": false,
    "IU": true,
    "MR": true,
    "ML": false,
    "BK": false
}