{
    "question": "Pouco a pouco a noção de “governança” toma o lugar da \ncategoria “soberania”, tornada antiquada e desvalorizada \nsegundo  os  princípios  da  disciplina  neoliberal  da \nglobalização  econômica.  Para  os  defensores  da \ngovernança, um Estado não deve mais ser julgado por sua \ncapacidade  de  assegurar  soberania  sobre  um  território, \nmas  pelo  respeito  às  injunções  de  organismos \ninternacionais  que  representam  grandes  interesses \ncomerciais e financeiros globais. \n(Adaptado de Pierre Dardot e Christian Laval, A nova razão do mundo: \nensaio sobre a sociedade neoliberal. São Paulo: Boitempo, 2016, p. 276.) \n \nSobre  os  conceitos  de  “governança”  e  “soberania”, \npodemos afirmar que",
    "number": 48,
    "id": "UNICAMP_2022_48",
    "alternatives": [
        "a)  são sinônimos, pois fazem referência à melhor forma \nde ajustar a condução das empresas e dos Estados ao \ncontrole democrático das populações.",
        "b)  as legislações indiretas que beneficiam determinados \ninteresses  em  detrimento  do  interesse  público  são \ndeclinantes, daí a menor importância das privatizações \nhoje.",
        "c)  os dois termos são contraditórios, na medida em que \nrepresentam  interesses  opostos:  de  um  lado  os \ninteresses públicos nacionais; de outro, as exigências \nda globalização.",
        "d)  implicam cogovernanças privado-públicas das políticas \neconômicas,  levando  à  produção  de  medidas  e \ndispositivos favoráveis às soberanias nacionais."
    ],
    "associated_images": [],
    "answer": "C",
    "has_associated_images": false,
    "alternatives_type": "string",
    "subject": [
        "geography",
        "history"
    ],
    "DS": true,
    "TU": true,
    "IU": false,
    "MR": false,
    "ML": false,
    "BK": false
}