{
    "question": "[IMAGE 0]\nGiacomo Borlone de Buschis, O triunfo da morte a reunião dos três vivos e \ndos três mortos. Parte superior de afresco na cidade de Clusone (Itália), \nséculo XV. \n \nNa  Europa  medieval  cristã,  prevalecia  a  ideia  de  que  a \nmorte era a transição para uma vida espiritual plena. Os \nritos  fúnebres  buscavam  assegurar  uma  passagem \norganizada  para  esse  outro  plano  e  evita-se  mostrar  o \nprocesso  de  decomposição  dos  corpos.  A  chegada  da \npeste negra rompeu com essa concepção. De acordo com \na historiadora Juliana Schmitt, a doença deixava marcas no \ncorpo, as pessoas morriam de repente, algumas em locais \npúblicos.  A  ideia  apaziguadora  da  morte,  na  concepção \ncristã, foi substituída pela ideia de morte caótica, causada \npela peste. As imagens cotidianas relacionadas ao surto da \ndoença  passaram  a  ser  reapresentadas  no  campo  das \nimagens  e  na  literatura,  no  que  hoje  se  conhece  como \n“estética macabra”. O que caracteriza as obras macabras é \na ênfase dada aos processos de decomposição do corpo. \nA  estética  é  anterior  ao  período  medieval,  mas  foi \nimpulsionada pela peste negra.  \n(Adaptado  de  Christina  Queiroz,  Pandemia  como  alegoria.  Revista \nPesquisa Fapesp. Edição 294. ago. 2020.) \n \nCom base na imagem e no excerto, assinale a alternativa \ncorreta:",
    "number": 49,
    "id": "UNICAMP_2022_49",
    "alternatives": [
        "a)  A peste negra, enfrentada pela Europa do século XIV, \nafetou as representações da morte nas artes visuais, \npropondo  reflexões  sobre  o  potencial  das  ciências \nmodernas para a resolução da peste à época.",
        "b)  A  estética  do  macabro,  criada  na  Idade  Média,  é \nacionada  pelas  artes  visuais  como  elemento \nvalorizador da vida, gerando a negação dos contextos \nsanitários marcados pela peste e pela morte.",
        "c)  A estética do macabro declinou no período medieval, \nficando  restrita  a  um  ambiente  religioso,  católico  e \ntemente ao juízo final, como apresenta a obra através \ndas figuras dos reis e das autoridades religiosas.",
        "d)  A peste negra tornou-se uma referência presente na \nestética  do  macabro,  que  faz  alusão  a  caveiras  e \ncadáveres  entre  os  vivos,  compondo  um  ambiente \nfestivo e aterrador."
    ],
    "associated_images": [
        "imgs/UNICAMP/2022/49/0.jpg"
    ],
    "answer": "D",
    "has_associated_images": true,
    "alternatives_type": "string",
    "subject": [
        "history"
    ],
    "DS": true,
    "TU": true,
    "IU": true,
    "MR": false,
    "ML": false,
    "BK": false
}