{
    "question": "(...) eu sou um pobre relojoeiro que, cansado de ver que os \nrelógios deste mundo não marcam a mesma hora, descri \ndo ofício. (...) Um exemplo. O Partido Liberal, segundo li, \nestava encasacado e pronto para sair, com o relógio na \nmão, porque a hora pingava. Faltava-lhe só o chapéu, que \nseria o chapéu Dantas, ou o chapéu Saraiva (ambos da \nchapelaria  Aristocrata);  era  só  pô-lo  na  cabeça,  e  sair. \nNisto  passa  o  carro  do  paço  com  outra  pessoa,  e  ele \ndescobre que ou o seu relógio está adiantado, ou o de Sua \nAlteza é que se atrasara. Quem os porá de acordo? \n(Machado de Assis, Bons dias. Introdução e notas John Gledson. 3. ed. \nCampinas: Editora da Unicamp, 2008, p. 79.)  \n \nCom relação ao excerto da crônica de Machado de Assis, \npublicada em 05 de abril de 1888 na Gazeta de Notícias, é \ncorreto afirmar que a metáfora mecânica faz referência à \npassagem do tempo, aludindo à expectativa de mudança \nde",
    "number": 5,
    "id": "UNICAMP_2022_5",
    "alternatives": [
        "a)  regime a partir de discordâncias políticas que levaram \nà eleição do governo imperial.",
        "b)  século,  marcada  pela  perspectiva  da  chegada  do \nmeteorito de Bendegó na corte imperial.",
        "c)  mentalidade escravagista, com um pacto político para \nsuspensão de costumes imperiais.",
        "d)  legislação,  com  a  alternância  entre  partidos  para  a \nformação de um novo ministério do governo imperial."
    ],
    "associated_images": [],
    "answer": "D",
    "has_associated_images": false,
    "alternatives_type": "string",
    "subject": [
        "portuguese"
    ],
    "DS": true,
    "TU": true,
    "IU": false,
    "MR": false,
    "ML": false,
    "BK": false
}