{
    "question": "A sociedade é uma benção, mas o governo, mesmo em \nseu melhor estado, é apenas um mal necessário. No seu \npior estado, é um mal intolerável, pois quando sofremos ou \nficamos expostos, por causa de um governo, às mesmas \ndesgraças  que  poderíamos  esperar  em  um  país  sem \ngoverno,  nossa  calamidade  pesa  ainda  mais  ao \nconsiderarmos que somos nós que fornecemos os meios \npelos  quais  sofremos.  Há  algo  de  muito  ridículo  na \ncomposição da monarquia; primeiro ela exclui um homem \ndos meios de informação, mas lhe permite agir em casos \nque  requerem  capacidade  superior  de  julgamento.  A \nposição  de  um  rei  o  aparta  do  mundo;  no  entanto,  a \natividade de um rei exige que ele conheça perfeitamente o \nmundo.  Com  isso,  as  diferentes  partes,  opondo-se  de \nforma antinatural e destruindo uma à outra, provam que \nessa figura é absurda e inútil.  \n(Adaptado de Thomas Paine, Senso comum e os direitos do homem. \nL&PM Pocket. Edição do Kindle - posição 32 a 138.) \nO trecho acima foi retirado do panfleto O Senso comum e \nOs direitos do homem, publicado de forma anônima, em \n1776. Com autoria assumida por  Thomas Paine, a obra \ncausou  grande  reação  pública.  A  partir  do  texto  e  das \ninformações fornecidas, é correto dizer que o autor",
    "number": 52,
    "id": "UNICAMP_2022_52",
    "alternatives": [
        "a)  apresenta a Monarquia como um mal necessário e a \nfigura do rei absolutista como absurda e inútil, contudo \ninquestionável.  Paine  tornou-se  o  principal  nome \ncontrário à Revolução Americana.",
        "b)  estabelece uma relação direta entre a sociedade e o \ngoverno, abrindo espaço para debates acerca do mau \ngoverno. O panfleto escrito por Paine tornou-se uma \nbase teórica para a Revolução Americana.",
        "c)  demonstra  como  regimes  autoritários  favorecem  os \nmeios de informação, para que os homens exerçam \nsuas capacidades de julgamento. Paine usou jornais \npara combater a Revolução Americana.",
        "d)  considera que sociedades com e sem governos têm os \nmesmos  benefícios,  desenvolvendo-se  de  formas \nsemelhantes. Paine desencorajou o engajamento dos \ncolonos ingleses na Revolução Americana."
    ],
    "associated_images": [],
    "answer": "B",
    "has_associated_images": false,
    "alternatives_type": "string",
    "subject": [
        "geography",
        "history"
    ],
    "DS": true,
    "TU": true,
    "IU": false,
    "MR": false,
    "ML": false,
    "BK": false
}