{
    "question": "No início da década de 1920, o Brasil se preparou para \ncelebrar os cem anos de sua independência na Exposição \nInternacional  do  Centenário  da  Independência  do  Brasil, \num  de  seus  momentos  simbólicos  mais  significativos. \nOcorrido na cidade do Rio de Janeiro, entre 7 de setembro \nde 1922 e 2 de julho de 1923, o evento mobilizou grandes \nrecursos financeiros e foi responsável pela reordenação do \nespaço  urbano.  O  Estado,  por  meio  da  comissão \norganizadora  do  evento,  incentivou  pela  primeira  vez  a \nrealização de documentários fílmicos.  \n(Adaptado  de  Eduardo  Morettin,  Um  apóstolo  do  modernismo  na \nExposição  Internacional  do  Centenário:  Armando  Pamplona  e  a \nIndependência. Film. Significação, 2012, n. 37, p. 77.) \n \nA  partir  do  texto,  assinale  a  alternativa  correta  sobre  o \nevento do centenário da independência.",
    "number": 54,
    "id": "UNICAMP_2022_54",
    "alternatives": [
        "a)  Este evento apostou no cinema e na exposição para \nexibir  de  modo  tradicional,  aos  brasileiros,  um  país \nibérico, associado às navegações modernas.",
        "b)  Esta política de celebração de centenários datava do \nséculo XIX, envolvendo esporadicamente os serviços \ndiplomáticos do ocidente.",
        "c)  A  política  de  associar  o  cinema  à  exposição  do \ncentenário  da  independência  evidencia  uma  vontade \ndo Estado em propagandear um país moderno.",
        "d)  O cinema e a exposição eram veículos de propaganda \npolítica,  continuando  um  projeto  de  tornar  o  Rio  de \nJaneiro o cartão postal da monarquia brasileira."
    ],
    "associated_images": [],
    "answer": "C",
    "has_associated_images": false,
    "alternatives_type": "string",
    "subject": [
        "history"
    ],
    "DS": true,
    "TU": true,
    "IU": false,
    "MR": false,
    "ML": false,
    "BK": true
}