{
    "question": "No Brasil, um exemplo de história que precisa ser narrada \né  a  dos  movimentos  em  defesa  dos  direitos  que  hoje \nreconhecemos  como  movimentos  LGBTQIA+.  Tais \nmovimentos  eclodiram  como  um  ato  de  resistência  em \nplena ditadura civil-militar, marcada pela repressão e por \nideais  conservadores.  Naquele  contexto,  a  busca  por \nvisibilidade  passou  a  ser  compreendida  como  um  dos \nelementos  fundamentais  para  a  conquista  da  cidadania. \nEntre outras coisas, os ativistas defendiam que os direitos \npolíticos,  sociais  e  civis  tornam-se  socialmente  legítimos \npara os cidadãos quando envolvem o direito aos meios de \ncomunicação e à livre expressão.  \n(Baseado em Vinicius Ferreira e Igor Sacramento, Editorial: Movimento \nLGBT no Brasil: violências, memórias e lutas. Reciis – Rev Eletron Comun \nInf Inov Saúde. 2019 abr.-jun.13(2): p. 234-239.) \n \nA partir da leitura do texto, assinale a alternativa correta \nacerca  da  historicidade  dos  movimentos  políticos \nidentitários e suas estratégias políticas de ação.",
    "number": 56,
    "id": "UNICAMP_2022_56",
    "alternatives": [
        "a)  Esses movimentos eclodiram na segunda metade do \nséculo  XX,  foram  perseguidos  e  silenciados  pela \nditadura  militar  e  retornaram  à  cena  pública  após  a \ninstauração de um regime democrático.",
        "b)  Por sua capacidade de obter alcance social, desde a \ndécada  de  1970,  as  mídias  são  ferramentas  para  a \nconstrução de uma cidadania plena, sendo a busca por \nvisibilidade, portanto, uma das estratégias de ação do \nmovimento LGBTQIA+.",
        "c)  O  Brasil  do  século  XX  construiu-se  como  uma \ndemocracia  racial,  o  que  garantiu  aos  movimentos \npolíticos e identitários nacionais o acesso aos direitos \ncivis, políticos e sociais, esvaziando as agendas dos \nmilitantes LGBTQIA+.",
        "d)  Na  atualidade,  a  onda  de  crimes  de  homofobia  e \ntransfobia estimulam o movimento LGBTQIA+ a rever \na  pauta  da  visibilidade  dos  sujeitos,  tornando  a \nmilitância  mais  discreta  e  voltada  para  o  espaço \nprivado da ação dos indivíduos."
    ],
    "associated_images": [],
    "answer": "B",
    "has_associated_images": false,
    "alternatives_type": "string",
    "subject": [
        "history"
    ],
    "DS": true,
    "TU": true,
    "IU": false,
    "MR": false,
    "ML": false,
    "BK": true
}