{
    "question": "Sempre que necessário aproxime π = 3. \n USE  O  TEXTO  A  SEGUIR  PARA  RESPONDER  À \nQUESTÃO \n \nEm  2018,  a  NASA  lançou  a  sonda  Solar  Parker  com  o \nobjetivo  de  estudar  o  Sol.  Para  isso,  ao  longo  de  suas \nórbitas, a sonda se aproximará gradativamente da estrela, \ncoletando dados a cada passagem. Em abril de 2021, a \nSolar  Parker  fez  sua  oitava  aproximação,  atingindo  dois \nnovos recordes de artefatos realizados pelo homem: maior \nvelocidade e máxima aproximação do Sol.\nUma sonda viaja a uma velocidade de módulo constante \nigual  a  v = 5x10^5km/h  (aproximadamente  a  velocidade \natingida  pela  sonda  em  abril  de  2021),  tangenciando  a \nsuperfície da Terra ao longo da Linha do Equador. Em uma \nhora,  aproximadamente  quantas  voltas  a  sonda  dá  em \ntorno da Terra? \n \nDado:  Raio da Terra R = 6,0x10^3km.",
    "number": 57,
    "id": "UNICAMP_2022_57",
    "alternatives": [
        "a) 83",
        "b) 30",
        "c) 14",
        "d) 0"
    ],
    "associated_images": [],
    "answer": "C",
    "has_associated_images": false,
    "alternatives_type": "string",
    "subject": [
        "physics"
    ],
    "DS": true,
    "TU": true,
    "IU": false,
    "MR": true,
    "ML": false,
    "BK": false
}