{
    "question": "Sempre que necessário aproxime π = 3. \n USE  O  TEXTO  A  SEGUIR  PARA  RESPONDER  À \nQUESTÃO \n \nEm  2018,  a  NASA  lançou  a  sonda  Solar  Parker  com  o \nobjetivo  de  estudar  o  Sol.  Para  isso,  ao  longo  de  suas \nórbitas, a sonda se aproximará gradativamente da estrela, \ncoletando dados a cada passagem. Em abril de 2021, a \nSolar  Parker  fez  sua  oitava  aproximação,  atingindo  dois \nnovos recordes de artefatos realizados pelo homem: maior \nvelocidade e máxima aproximação do Sol.\nA força gravitacional exercida pelo Sol sobre a sonda Solar \nParker  tem  módulo  dado  por  F =GMm/r^2,  sendo \nSol\nG 6,7x10^(-11)N⋅m^2/kg^2   a  constante  gravitacional \nuniversal,  M = 2,0x10^30 kg a massa do Sol,  m a massa \nda sonda, e r  a distância entre a sonda e o centro do Sol. \nSendo  r =1,0x10^7 km  (aproximadamente  a  distância \natingida pela sonda em abril de 2021), qual é o módulo da \naceleração gravitacional do Sol na referida posição?",
    "number": 58,
    "id": "UNICAMP_2022_58",
    "alternatives": [
        "a)  6,7x10^-29 m/s^2.",
        "b)  1,34 m/s^2.",
        "c)  9,8 m/s^2.",
        "d)  2,0x10^10 m/s^2."
    ],
    "associated_images": [],
    "answer": "B",
    "has_associated_images": false,
    "alternatives_type": "string",
    "subject": [
        "physics"
    ],
    "DS": true,
    "TU": true,
    "IU": false,
    "MR": true,
    "ML": false,
    "BK": false
}