{
    "question": "USE  O  TEXTO  A  SEGUIR  PARA  RESPONDER  À QUESTÃO \nEm  abril  de  2021  faleceu  o  astronauta  norte-americano \nMichael Collins, integrante da missão Apolo 11, que levou \no  primeiro  homem  à  Lua.  Enquanto  os  dois  outros \nastronautas  da  missão,  Neil  Armstrong  e  Buzz  Aldrin, \ndesceram até a superfície lunar, Collins permaneceu em \nórbita lunar pilotando o Módulo de Comando Columbia.\nA órbita do Columbia era aproximadamente circular, e o \nmódulo  da  aceleração  gravitacional  na  órbita  era \ng_orb =1,4m/s^2.  A  força  resultante  centrípeta  é desempenhada pela força gravitacional exercida pela Lua, \nou seja,  F_cp = m_columbia g_orb . Sendo o módulo da velocidade do Columbia v =1600m/s,qual  foi  aproximadamente  o \nperíodo T da órbita?",
    "number": 59,
    "id": "UNICAMP_2022_59",
    "alternatives": [
        "a)  T = 20 min.",
        "b)  T = 2,0 h.",
        "c)  T = 3,0 h.",
        "d)  T = 4,0 h."
    ],
    "associated_images": [],
    "answer": "B",
    "has_associated_images": false,
    "alternatives_type": "string",
    "subject": [
        "physics"
    ],
    "DS": true,
    "TU": true,
    "IU": false,
    "MR": true,
    "ML": false,
    "BK": false
}