{
    "question": "No ano seguinte, o Ateneu revelou-se-me noutro aspecto. \nConhecera-o  interessante,  com  as  seduções  do  que  é \nnovo,  com  as  projeções  obscuras  de  perspectiva, \ndesafiando  curiosidade  e  receio;  conhecera-o  insípido  e \nbanal  como  os  mistérios  resolvidos,  caiado  de  tédio; \nconhecia-o agora intolerável como um cárcere, murado de \ndesejos e privações.  \n(Raul Pompeia, O Ateneu. 7ª. ed. São Paulo: Ática, 1980, p. 98.) \n \nCom base no excerto que inicia o capítulo VIII do romance \nde Raul Pompéia e no seu subtítulo – crônica de saudades \n–, é correto afirmar que a obra é",
    "number": 6,
    "id": "UNICAMP_2022_6",
    "alternatives": [
        "a)  um  relato,  em  primeira  pessoa,  de  experiências \ncoletivas  e  íntimas,  no  qual  o  protagonista  mostra \naspectos  da  realidade  social,  valorizando  o  sistema \nescolar e prisional.",
        "b)  um  romance  de  formação,  no  qual  o  protagonista \nrevela condutas e intrigas no ambiente escolar, com \nelogios à pedagogia corretiva e aos valores morais da \nburguesia.",
        "c)  uma  narrativa  memorialista  de  experiências  vividas \nnum internato, na qual o protagonista revela aspectos \ndo  sistema  educacional  da  época,  com  críticas  à \nhipocrisia burguesa.",
        "d)  um  relato  saudosista  de  experiências  vividas  no \ninternato, no qual o protagonista mostra o poder de \nsedução  e  corrupção  das  amizades,  com  críticas  à \nfalsidade da burguesia."
    ],
    "associated_images": [],
    "answer": "C",
    "has_associated_images": false,
    "alternatives_type": "string",
    "subject": [
        "portuguese"
    ],
    "DS": true,
    "TU": true,
    "IU": false,
    "MR": false,
    "ML": false,
    "BK": false
}