{
    "question": "USE  O  TEXTO  A  SEGUIR  PARA  RESPONDER  À QUESTÃO \nEm  abril  de  2021  faleceu  o  astronauta  norte-americano \nMichael Collins, integrante da missão Apolo 11, que levou \no  primeiro  homem  à  Lua.  Enquanto  os  dois  outros \nastronautas  da  missão,  Neil  Armstrong  e  Buzz  Aldrin, \ndesceram até a superfície lunar, Collins permaneceu em \nórbita lunar pilotando o Módulo de Comando Columbia.\nA viagem desde o Columbia até a superfície da Lua foi \nrealizada  no  Módulo  Lunar  Eagle,  formado  por  dois \nestágios:  um  usado  na  descida  e  outro,  na  subida.  A \nmassa seca do estágio de subida, ou seja, sem contar a \nmassa  do  combustível  (quase  totalmente  consumido  na \nviagem  de  volta),  era  m = 2500 kg.  Considere  que  o \nmódulo da aceleração gravitacional seja aproximadamente \nconstante  e  dado  por  g = g_orb =1,4 m/s^2   desde  a \nsuperfície lunar até a órbita do Columbia, que se situava a \numa altitude  h =110 km. Qual é a variação da energia \npotencial gravitacional do estágio de subida (massa seca \nque reencontra o Columbia) na viagem de volta?",
    "number": 60,
    "id": "UNICAMP_2022_60",
    "alternatives": [
        "a)  3,85x10^5 J.",
        "b)  2,75x10^8 J.",
        "c)  3,85x10^8 J.",
        "d)  2,75x10^9 J."
    ],
    "associated_images": [],
    "answer": "C",
    "has_associated_images": false,
    "alternatives_type": "string",
    "subject": [
        "physics"
    ],
    "DS": true,
    "TU": true,
    "IU": false,
    "MR": true,
    "ML": false,
    "BK": false
}