{
    "question": "A autoclave, um equipamento de esterilização de objetos \npor meio de vapor de água em alta temperatura e pressão, \nfoi inventada por Charles Chamberland, a pedido de Louis \nPasteur.  A  figura  a  seguir  mostra  a  curva  da  pressão \nmáxima de vapor da água em função da temperatura. Para \ntemperaturas  e  pressões  do  lado  esquerdo  da  curva,  a \nágua encontra-se na fase líquida; do lado direito, a água \nestá na fase de vapor. Nos pontos sobre a curva, as fases \nlíquida e de vapor coexistem. A pressão de funcionamento \nde uma determinada autoclave é  p = 3,0 atm. Se toda a \nágua está na fase de vapor, o que se pode dizer sobre a \nsua temperatura θ? \n \nDado: 1,0atm =100 kPa.\n[IMAGE 0]",
    "number": 62,
    "id": "UNICAMP_2022_62",
    "alternatives": [
        "a)  θ pode ter qualquer valor maior que 100 °C.",
        "b)  θ pode ter qualquer valor maior que 100 °C e menor \nque 133 °C.",
        "c)  θ  pode  ter  qualquer  valor  menor  que  100 °C  ou \nmaior que 133 °C.",
        "d)  θ pode ter qualquer valor maior que 133 °C."
    ],
    "associated_images": [
        "imgs/UNICAMP/2022/62/2.jpg"
    ],
    "answer": "D",
    "has_associated_images": true,
    "alternatives_type": "string",
    "subject": [
        "physics"
    ],
    "DS": true,
    "TU": true,
    "IU": true,
    "MR": true,
    "ML": false,
    "BK": false
}