{
    "question": "[IMAGE 0]\nUma  imagem  capturada \nrecentemente  pela  sonda \nPerseverance na superfície de \nMarte  mostrou  o  que  parece \nser  um  arco-íris  no  céu \ndaquele planeta. Na Terra, um \narco-íris surge como resultado \nda  decomposição  da  luz \nbranca do Sol por refração nas \ngotículas  quase  esféricas  de  água,  suspensas  na \natmosfera. Em Marte, contudo, não há chuva. Portanto, a \norigem  do  arco-íris  ainda  é  controversa.  Em  relação  ao \nfenômeno de formação do arco-íris na Terra, quando a luz \nsolar incide em uma gotícula de água, é correto afirmar que",
    "number": 64,
    "id": "UNICAMP_2022_64",
    "alternatives": [
        "a)  o índice de refração da água para as diferentes cores \nda  luz  branca  é  menor  do  que  o  do  ar;  assim,  no \ninterior das gotículas, os raios de luz das diferentes \ncores se aproximam mais da reta normal à interface \nentre os meios de refração, quanto maior for o índice \nde refração corresponde àquela cor, na água.",
        "b)  o índice de refração da água para as diferentes cores \nda luz branca é menor do que o do ar; assim, os raios \nde luz das diferentes cores, no interior das gotículas, \nse afastam mais da reta normal à interface entre os \nmeios  de  refração,  quanto  maior  for  o  índice  de \nrefração corresponde àquela cor, na água.",
        "c)  o índice de refração da água para as diferentes cores \nda luz branca é maior do que o do ar; assim, os raios \nde luz das diferentes cores, no interior das gotículas, \nse aproximam mais da reta normal à interface entre os \nmeios  de  refração,  quanto  maior  for  o  índice  de \nrefração corresponde àquela cor, na água.",
        "d)  o índice de refração da água para as diferentes cores \nda luz branca é maior do que o do ar; assim, os raios \nde luz das diferentes cores, no interior das gotículas, \nse afastam mais da reta normal à interface entre os \nmeios  de  refração,  quanto  maior  for  o  índice  de \nrefração corresponde àquela cor, na água."
    ],
    "associated_images": [
        "imgs/UNICAMP/2022/64/1.jpg"
    ],
    "answer": "C",
    "has_associated_images": true,
    "alternatives_type": "string",
    "subject": [
        "physics"
    ],
    "DS": true,
    "TU": true,
    "IU": false,
    "MR": false,
    "ML": false,
    "BK": false
}