{
    "question": "O  Programa  Mundial  de  Alimentos  da  Organização  das \nNações  Unidas  (PMA-ONU)  foi  agraciado  com  o  prêmio \nNobel  da  Paz  em  2020.  No  Brasil,  um  dos  maiores \nprodutores  de  alimentos  do  mundo,  quatro  em  cada  10 \nfamílias não tiveram acesso diário, regular, e permanente à \nquantidade suficiente de comida em 2017 e 2018. A fome é \ndeclarada quando a desnutrição é generalizada e quando \nas  pessoas  começam  a  morrer  por  falta  de  alimentos \nnutritivos  e  suficientes.  A  diversidade  dos  alimentos \ningeridos garante nutrientes para o desempenho ideal das \nfunções do organismo. \n(Fonte: UNITED NATIONS [UN]. World Food Program. What is famine? \nDisponível  em  https://www.wfp.org/stories/what-is-famine.  Acessado  em \n08/06/ 2021.) \n \nAssinale  a  alternativa  correta  sobre  os  nutrientes  e  sua \nimportância para a saúde humana.",
    "number": 65,
    "id": "UNICAMP_2022_65",
    "alternatives": [
        "a)  A  hidrólise  dos  carboidratos  essenciais  fornece \naminoácidos para a formação das proteínas, as quais \ntêm função construtora de diferentes tecidos.",
        "b)  Os  lipídios  contêm  desoxirriboses  e  ácidos  graxos, \nconstituem as membranas plasmáticas e participam da \nsíntese de colesterol no organismo.",
        "c)  Os  sais  minerais  são  substâncias  inorgânicas \nessenciais para diversas funções do organismo, como \na síntese de glicogênio, de proteínas e de vitaminas.",
        "d)  As  vitaminas  atuam  como  antioxidantes  e  são \nsubstâncias energéticas cuja composição fornece ao \norganismo glicídios utilizados na respiração celular."
    ],
    "associated_images": [],
    "answer": "C",
    "has_associated_images": false,
    "alternatives_type": "string",
    "subject": [
        "biology"
    ],
    "DS": true,
    "TU": true,
    "IU": false,
    "MR": false,
    "ML": false,
    "BK": false
}