{
    "question": "Após  a  transformação  do  meristema  vegetativo  em \nmeristema  floral,  há  o  surgimento  da  flor.  De  forma \ngenérica, uma flor é constituída por verticilos florais, que \nsão:  o  cálice  (constituído  pelas  sépalas),  a  corola \n(constituída  pelas  pétalas),  o  androceu  e  o  gineceu. \nSegundo  o  modelo  de  determinação  genética  ABC,  a \nidentidade dos verticilos é definida pela interação de pelo \nmenos  três  genes.  A  atividade  do  gene  A  é  necessária \npara a formação do perianto (verticilos não reprodutivos). A \natividade  do  gene  C  é  necessária  para  a  formação  dos \nverticilos  reprodutivos.  A  atividade  do  gene  B  está \nenvolvida na diferenciação entre pétalas (onde o gene B \nestá ativo) e sépalas (onde o gene B está inativo), assim \ncomo na diferenciação entre estames (onde o gene B está \nativo) e carpelos (onde o gene B está inativo). \nUma  flor  completa  de  angiosperma  e  duas  flores \nhipotéticas (Flor I e Flor II) são apresentadas a seguir. \n [IMAGE 0] \nAssinale a alternativa que apresenta os genes ativos nas \nflores I e II.",
    "number": 66,
    "id": "UNICAMP_2022_66",
    "alternatives": [
        "a)  flor I: A e B; flor II: B e C.",
        "b)  flor I: B e C; flor II: A e B.",
        "c)  flor I: A e B; flor II: A e C.",
        "d)  flor I: A e C; flor II: B e C."
    ],
    "associated_images": [
        "imgs/UNICAMP/2022/66/0.jpg"
    ],
    "answer": "C",
    "has_associated_images": true,
    "alternatives_type": "string",
    "subject": [
        "biology"
    ],
    "DS": true,
    "TU": true,
    "IU": true,
    "MR": false,
    "ML": false,
    "BK": false
}