{
    "question": "A  estiagem  prolongada  no  Pantanal,  devido  às  fracas \ntemporadas de chuvas em 2019 e 2020, criou condições \npara a manutenção e propagação do fogo, e para o menor \nnível de inundação do Pantanal dos últimos 50 anos.  \n(Adaptado de Marcos Pivetta, Pesquisa Fapesp, São Paulo, v. 297, nov. \n2020, p. 31-35.) \n \n \nConsiderando  as  informações  fornecidas  e  seu \nconhecimento sobre os biomas, é correto afirmar que",
    "number": 68,
    "id": "UNICAMP_2022_68",
    "alternatives": [
        "a)  a pluviosidade sobre os rios da bacia do rio Paraguai é \ndeterminante  para  as  inundações  do  Pantanal,  um \nbioma com misto de vegetações de floresta, cerrado e \ncampo. A produtividade primária do bioma, devido à \nconversão  de  luz  solar  em  energia  e  biomassa,  dá \nsuporte para os demais níveis tróficos.",
        "b)  a pluviosidade sobre os rios da bacia do rio Cuiabá é \ndeterminante  para  as  inundações  do  Pantanal,  um \nbioma com misto de vegetações de floresta, cerrado e \ncaatinga. A produtividade primária do bioma, devido à \nconversão de luz solar em energia e matéria orgânica, \ndá suporte aos animais endêmicos.",
        "c)  as chuvas sobre os rios da bacia do rio Paraguai são \nimportantes para o ciclo de alagamento do Pantanal, \num  bioma  com  misto  de  vegetações  de  floresta, \ncerrado  e  caatinga.  A  produtividade  secundária  do \nbioma,  com  a  conversão  de  luz  solar  em  energia  e \nbiomassa, dá suporte para os demais níveis tróficos.",
        "d)  as chuvas sobre os rios da bacia do rio Cuiabá são \nimportantes para o ciclo de alagamento do Pantanal, \num  bioma  com  misto  de  vegetações  de  floresta, \ncerrado  e  campo.  A  produtividade  secundária  do \nbioma,  com  a  conversão  de  luz  solar  em  energia  e \nmatéria orgânica, dá suporte aos animais endêmicos."
    ],
    "associated_images": [],
    "answer": "A",
    "has_associated_images": false,
    "alternatives_type": "string",
    "subject": [
        "geography"
    ],
    "DS": true,
    "TU": true,
    "IU": false,
    "MR": false,
    "ML": false,
    "BK": true
}