{
    "question": "Teorias sobre como o novo coronavírus (SARS-CoV-2) que \npassou  a  infectar  os  humanos  surgiram  em  2019.  Foi \naventada  a  possibilidade  de  transmissão  zoonótica.  Um \nestudo filogenético, com mais de 2 mil genomas únicos de \ncoronavírus,  apresentou  a  provável  descendência  de \nalguns  coronavírus  e  alertou  sobre  a  importância  de \ninvestigar  os  vírus,  como  estratégia  global  de \nmonitoramento de endemias, e não apenas em situações \nde emergência sanitária.  \n(Adaptado de Denis Jacob Machado e outros. Cladistics, Londres, v. 37, \nout. 2021, p. 461-488.) \n \n \nO cladograma a seguir apresenta as relações filogenéticas \nentre os diversos vírus do gênero Betacoronavirus (Beta-\nCoV), incluindo seus respectivos hospedeiros. \n [IMAGE 0] \n [IMAGE 1] \n(Adaptado de https://www1.folha.uol.com.br/ciencia/2021/05/maior-estudo-\nevolutivo-de-coronavirus [...]. Acessado em 15/06/2021.) \n \nA  partir  do  cladograma,  é  correto  afirmar  que  os \nbetacoronavírus de",
    "number": 69,
    "id": "UNICAMP_2022_69",
    "alternatives": [
        "a)  artiodáctilos são os grupos irmãos dos HCoV-4408 e \nSARS-CoV-2 de humanos,  por meio de hospedeiros \nintermediários.",
        "b)  morcegos são os grupos irmãos dos SARS-CoV-2 e \nHCoV-OC43  de  humanos,  por  meio  de  hospedeiros \nintermediários.",
        "c)  artiodáctilos  são  os  grupos  irmãos  dos  SARS-CoV, \nSARS-CoV-2 e MERS-CoV de humanos.",
        "d)  morcegos  são  os  grupos  irmãos  dos  SARS-CoV, \nSARS-CoV-2 e MERS-CoV de humanos."
    ],
    "associated_images": [
        "imgs/UNICAMP/2022/69/0.jpg",
        "imgs/UNICAMP/2022/69/1.jpg"
    ],
    "answer": "D",
    "has_associated_images": true,
    "alternatives_type": "string",
    "subject": [
        "biology"
    ],
    "DS": true,
    "TU": true,
    "IU": true,
    "MR": false,
    "ML": false,
    "BK": false
}