{
    "question": "Dezenas de espécies de fungos bioluminescentes já foram \ndescritas, sendo 12 encontradas no Brasil. As estruturas \nfúngicas são capazes de bioluminescer, capacidade esta \nque tem significância ecológica uma vez que pode atrair \ndispersores de esporos, repelir fungívoros fotofóbicos ou \nindicar toxicidade do fungo. O processo de emissão de luz \nenvolve as enzimas redutase e luciferase. Sabe-se que a \nemissão de luz depende da presença das duas proteínas e \nas reações são apresentadas a seguir. \n [IMAGE 0] \n(Adaptado de Anderson Garbuglio Oliveira e outros. Química Nova, São \nPaulo, v. 36, 2013, p. 314-319.) \n \n \nConsiderando as estruturas dos fungos e o processo de \nemissão de luz descrito, assinale a alternativa correta.",
    "number": 70,
    "id": "UNICAMP_2022_70",
    "alternatives": [
        "a)  Corpos  de  frutificação  são  estruturas  de  fixação  do \nfungo ao substrato; a emissão de luz nessas estruturas \ndepende da presença de oxigênio.",
        "b)  Micélios são as estruturas reprodutivas dos fungos; a \nemissão de luz nessas estruturas dá-se no momento \nem que a luciferina é reduzida.",
        "c)  Hifas são filamentos ricos em quitina que permitem aos \nfungos obterem nutrientes; a emissão de luz nessas \nestruturas depende da presença de luciferina reduzida.",
        "d)  Esporos diploides são produzidos pelos gametângios; \na  emissão  de  luz  nessas  estruturas  dá-se  com  a \noxidação da oxiluciferina."
    ],
    "associated_images": [
        "imgs/UNICAMP/2022/70/1.jpg"
    ],
    "answer": "C",
    "has_associated_images": true,
    "alternatives_type": "string",
    "subject": [
        "biology"
    ],
    "DS": true,
    "TU": true,
    "IU": true,
    "MR": false,
    "ML": false,
    "BK": false
}