{
    "question": "USE  OS  TEXTOS  I  e  II  PARA  RESPONDER  À \nQUESTÃO.  \n \nTexto I \n [IMAGE 0] \n(Denilson Baniwa, Repovoamento da memória de uma cidade-floresta, \n2021,  Mural  Lambe-lambe,  3,80m  x  12m.  Disponível  em \nhttps://www.premiopipa.com/wp-content/uploads/2019/03/23-Denilson-\nBaniwa.jpeg .Acessado em 05/07/2021.)  \n \nTexto II \nPara  que  as  memórias  e  tradições  permaneçam  vivas,  o \nMuseu  da  Pessoa,  a  Rádio  Yandê  e  Ailton  Krenak  vão \nrealizar uma formação virtual em memória e mídias para que \njovens das comunidades originárias registrem as histórias de \nvida de seus anciãos e anciãs.  \nO ditado “Cada ancião que morre é uma biblioteca que se \nqueima” é válido para os povos indígenas, portanto nosso \nlema é “Cada ancião que se preserva é uma biblioteca que \nse  salva”.  Na  tradição  dos  povos  indígenas,  todo \nconhecimento de plantas, de cura, de mitos e narrativas é \nproduzido de maneira oral. “A gente não sabe até quando \nque  vão  ter  esse  conhecimento  completo.  A  gente  vai \nmorrendo  e  vai  se  apagando  tudo.  A  gente  não  é  igual \nvocês,  que  fica  tudo  guardado  em  algum  lugar  (...)” \n(Awapataku Waura, ancião e pajé do povo Waura). \n(Adaptado de “Projeto Vidas Indígenas”, vídeo institucional do Museu da \nPessoa,  sobre  registro  de  narrativas  orais  indígenas.  Disponível  em: \nhttps://benfeitoria.com/vidasindigenas. Acessado em 04/04/2021.)\nNo  texto  II  (Projeto  Vidas  Indígenas),  é  utilizada  uma \nmetáfora que relaciona “ancião” e “biblioteca”. As citações \na  seguir  tratam  da  importância  de  anciãos  e  anciãs \nindígenas para a transmissão do conhecimento. Assinale \naquela que também faz uso de uma metáfora.",
    "number": 8,
    "id": "UNICAMP_2022_8",
    "alternatives": [
        "a)  “Perder um ancião é  o mesmo que fechar um livro. Ou \nmesmo queimar um livro” (Comissão Pró-Índio, Twitter, \nvia @g1).",
        "b)  “Morte de anciãos indígenas na pandemia pode fazer \nlínguas  inteiras  desaparecerem”  (manchete  da  BBC \nBrasil News).",
        "c)  “A morte de uma anciã ou um ancião é tratada como \nse  uma  biblioteca  fosse  perdida”  (site  “Racismo \nAmbiental”).",
        "d)  “Nikaiti  Mekranotire  é  mais  uma  vítima  do  covid-19. \nPerdemos  uma  enciclopédia”  (Mayalú  Txucarramãe, \nTwitter)."
    ],
    "associated_images": [
        "imgs/UNICAMP/2022/7_8/1.jpg"
    ],
    "answer": "D",
    "has_associated_images": true,
    "alternatives_type": "string",
    "subject": [
        "portuguese"
    ],
    "DS": true,
    "TU": true,
    "IU": false,
    "MR": false,
    "ML": false,
    "BK": false
}