{
    "question": "[IMAGE 0] (Disponível em https://www.facebook.com/SeboItinerante/photos/. Acessado em\n28/05/2018.)\n“Acho que só devemos ler a espécie de livros que nos\nferem e trespassam. Um livro tem que ser como um\nmachado para quebrar o mar de gelo do bom senso e do\nsenso comum.\"\n(Adaptado de “Franz Kafka, carta a Oscar Pollak, 1904.” Disponível em\nhttps://laboratoriode sensibilidades.wordpress.com. Acessado em 28/05/2018.)\nAssinale o excerto que confirma os dois textos anteriores.\nExcertos adaptados de:\nMarisa Lajolo, A formação do leitor no Brasil. São Paulo: Ática, 1996,\np. 28.\nAntonio Candido, Vários escritos. São Paulo: Duas cidades, 2004,\np.187.\nGilberto Gil, Discurso no lançamento do Ano Ibero-Americano da\nLeitura, 2004.\nFernando Pessoa, Páginas íntimas e de Auto-Interpretação. São\nPaulo: Ática, 1966, p. 23.\n",
    "number": 1,
    "id": "UNICAMP_2019_1",
    "alternatives": [
        "a) A leitura é, fundamentalmente, processo político.\nAqueles que formam leitores – professores,\nbibliotecários – desempenham um papel político.\n(Marisa Lajolo)",
        "b) Pelo que sabemos, quando há um esforço real de\nigualitarização, há aumento sensível do hábito de\nleitura, e portanto difusão crescente das obras.\n(Antonio Candido)",
        "c) Ler é abrir janelas, construir pontes que ligam o que\nsomos com o que tantos outros imaginaram,\npensaram, escreveram; ler é fazer-nos expandidos.\n(Gilberto Gil)",
        "d) A leitura é uma forma servil de sonhar. Se tenho de\nsonhar, por que não sonhar os meus próprios sonhos?\n(Fernando Pessoa)"
    ],
    "associated_images": [
        "imgs/UNICAMP/2019/1/0.jpg"
    ],
    "answer": "C",
    "has_associated_images": true,
    "alternatives_type": "string",
    "subject": [
        "portuguese"
    ],
    "DS": false,
    "TU": true,
    "IU": true,
    "MR": false,
    "ML": false,
    "BK": false
}