{
    "question": "(...)\nEu tenho uma ideia.\nEu não tenho a menor ideia.\nUma frase em cada linha. Um golpe de exercício.\nMemórias de Copacabana. Santa Clara às três da tarde.\nAutobiografia. Não, biografia.\nMulher.\nPapai Noel e os marcianos.\nBilly the Kid versus Drácula.\nDrácula versus Billy the Kid.\nMuito sentimental.\nAgora pouco sentimental.\nPensa no seu amor de hoje que sempre dura menos que o\nseu]\namor de ontem.\nGertrude: estas são ideias bem comuns.\nApresenta a jazz-band.\nNão, toca blues com ela.\nEsta é a minha vida.\nAtravessa a ponte.\n(...)\nEsse trecho do poema de abertura de A teus pés, de Ana\nCristina Cesar,",
    "number": 10,
    "id": "UNICAMP_2019_10",
    "alternatives": [
        "a) expressa nostalgia do passado, visto que mobiliza\nreferências à cultura pop dos anos 1970.",
        "b) requisita a participação do leitor, já que as referências\nbiográficas são fragmentárias.",
        "c) exclui a dimensão biográfica, pois se refere a\npersonagens imaginários e de ficção.",
        "d) tematiza a descrença na poesia, uma vez que a poeta\nse contradiz continuamente."
    ],
    "associated_images": [],
    "answer": "B",
    "has_associated_images": false,
    "alternatives_type": "string",
    "subject": [
        "portuguese"
    ],
    "DS": false,
    "TU": true,
    "IU": false,
    "MR": false,
    "ML": false,
    "BK": false
}