{
    "question": "Sobre as representações históricas da morte no Ocidente,\nPhilippe Ariès e Alcir Pécora comentam:\n“O moribundo está deitado, cercado por seus amigos e\nfamiliares. Está prestes a executar os ritos que bem\nconhecemos. (...) Seres sobrenaturais invadiram o quarto e se\ncomprimem na cabeceira do ‘jacente’. A grande reunião que\nnos séculos XII e XIII tinha lugar no final dos tempos se faz,\nentão, a partir do século XV, no quarto do enfermo.”\n(Philippe Ariès, História da morte no Ocidente: da Idade Média aos nossos dias.\nRio de Janeiro: Nova Fronteira, 2012, p. 53.)\n“(...) essa espécie de arte de morrer de Vieira se opõe à\ntradição das artes moriendi fundadas na preparação para a\n‘última prova’ que acontece apenas no quarto do moribundo.\nNão é mais lá que se decide a salvação ou a condenação do\ncristão, mas no exato momento de suas escolhas e ações ao\nlongo da vida, vale dizer, na resolução adequada a ser tomada\nhic et nunc (aqui e agora).”\n(Alcir Pécora, A arte de morrer, segundo Vieira, em Antonio Vieira, Sermões de\nquarta-feira de cinza. Campinas, SP: Editora da Unicamp, 2016. p.51.)\nCom base nos excertos anteriores e na leitura dos três\nSermões de Quarta-feira de Cinza, assinale a alternativa\ncorreta.",
    "number": 12,
    "id": "UNICAMP_2019_12",
    "alternatives": [
        "a) Em Ariès, a salvação ou danação ocorre no quarto do\nmoribundo, mas nos sermões de Vieira é a atenção ao\nmomento presente e a decisão correta que importam\npara o cristão.",
        "b) A afirmação de Alcir Pécora é válida somente para o\nprimeiro sermão, pois os dois últimos sermões\nretomam o tema do fim dos tempos e da agonia do\nmoribundo para a fé cristã.",
        "c) Segundo Ariès, o drama da salvação se dá na imagem\ndo quarto do moribundo. Essa imagem é decisiva para\na compreensão do terceiro sermão.",
        "d) Para Alcir Pécora, o que distingue os sermões de\nVieira dos discursos sobre a morte nesse período é a\nênfase do padre jesuíta na ação futura."
    ],
    "associated_images": [],
    "answer": "A",
    "has_associated_images": false,
    "alternatives_type": "string",
    "subject": [
        "portuguese"
    ],
    "DS": true,
    "TU": true,
    "IU": false,
    "MR": false,
    "ML": false,
    "BK": false
}