{
    "question": "“Picado pelo ciúme, abriu o ourives seu peito à órfã,\nofereceu-lhe a mão, e uma pulseira de brilhantes nela, com\na condição de me esquecer.\nLeontina disse que sim, cuidando que mentia; mas\npassados oito dias admirou-se de ter dito a verdade. Nunca\nmais soube de mim, nem eu dela; até que, um ano depois,\na criada, que a servia, me contou que a menina casara\ncom o padrinho e que as enteadas, coagidas pelo pai, se\ntinham ido para o recolhimento do Grilo com uma pequena\nmesada e a esperança de ficarem pobres. Não sei mais\nnada a respeito da primeira das sete mulheres que amei,\nem Lisboa.”\n(Camilo Castelo Branco, Coração, cabeça e estômago, p. 4. Disponível em\nwww.dominiopublico.gov.br. Acessado em 20/05/2018.)\nO excerto anterior apresenta uma síntese acerca do\nprimeiro dos setes amores da personagem Silvestre da\nSilva. Considere essa experiência amorosa no contexto da\nprimeira parte da narrativa e assinale a alternativa correta.",
    "number": 13,
    "id": "UNICAMP_2019_13",
    "alternatives": [
        "a) A mulher é idealizada em cada caso relatado, não\nhavendo espaço para uma ótica realista.",
        "b) A experiência amorosa recebe tratamento solene e\nsublime por parte das personagens.",
        "c) A personagem masculina se caracteriza pelo interesse\nsexual; a feminina, pela devoção ao marido.",
        "d) O protagonista da narrativa se frustra em sua crença\namorosa a cada vez que se apaixona."
    ],
    "associated_images": [],
    "answer": "D",
    "has_associated_images": false,
    "alternatives_type": "string",
    "subject": [
        "portuguese"
    ],
    "DS": true,
    "TU": true,
    "IU": false,
    "MR": false,
    "ML": false,
    "BK": false
}