{
    "question": "O refluxo gastroesofágico é o retorno do conteúdo do\nestômago para o esôfago, em direção à boca, podendo\ncausar dor e inflamação. A pHmetria esofágica de longa\nduração é um dos exames que permitem avaliar essa\ndoença, baseando-se em um resultado como o que é\nmostrado a seguir.\n[IMAGE 0]\nDados: O pH normal no esôfago mantém-se em torno de 4\ne o pH da saliva entre 6,8-7,2.\nAssim, episódios de refluxo gastroesofágico acontecem\nquando o valor de pH medido é",
    "number": 17,
    "id": "UNICAMP_2019_17",
    "alternatives": [
        "a) menor que 4; no exemplo dado eles ocorreram com\nmaior frequência durante o dia.",
        "b) maior que 4; no exemplo dado eles ocorreram com\nmaior frequência à noite.",
        "c) menor que 4; no exemplo eles não ocorreram nem\ndurante o dia nem à noite.",
        "d) maior que 4; no exemplo eles ocorreram durante o\nperíodo do exame."
    ],
    "associated_images": [
        "imgs/UNICAMP/2019/17/1.jpg"
    ],
    "answer": "A",
    "has_associated_images": true,
    "alternatives_type": "string",
    "subject": [
        "biology",
        "mathematics"
    ],
    "DS": false,
    "TU": false,
    "IU": true,
    "MR": true,
    "ML": false,
    "BK": false
}