{
    "question": "Há dois tipos de palavras: as proparoxítonas e o resto.\nAs proparoxítonas são o ápice da cadeia alimentar do\nléxico.\nAs palavras mais pernósticas são sempre proparoxítonas.\nPara pronunciá-las, há que ter ânimo, falar com ímpeto - e,\ndespóticas, ainda exigem acento na sílaba tônica!\nSob qualquer ângulo, a proparoxítona tem mais crédito.\nÉ inequívoca a diferença entre o arruaceiro e o vândalo.\nUma coisa é estar na ponta – outra, no vértice.\nSer artesão não é nada, perto de ser artífice.\nLegal ser eleito Papa, mas bom mesmo é ser Pontífice.\n(Adaptado de Eduardo Affonso, “Há dois tipos de palavras: as proparoxítonas e\no resto”. Disponível em www.facebook.com/eduardo22affonso/.)\nSegundo o texto, as proparoxítonas são palavras que",
    "number": 2,
    "id": "UNICAMP_2019_2",
    "alternatives": [
        "a) garantem sua pronúncia graças à exigência de uma\nsílaba tônica.",
        "b) conferem nobreza ao léxico da língua graças à\nfacilidade de sua pronúncia.",
        "c) revelam mais prestígio em função de seu pouco uso e\nde sua dupla acentuação.",
        "d) exibem sempre sua prepotência, além de imporem a\nobrigatoriedade da acentuação."
    ],
    "associated_images": [],
    "answer": "D",
    "has_associated_images": false,
    "alternatives_type": "string",
    "subject": [
        "portuguese"
    ],
    "DS": true,
    "TU": true,
    "IU": false,
    "MR": false,
    "ML": false,
    "BK": false
}