{
    "question": "A adição de biodiesel ao diesel tradicional é uma medida\nvoltada para a diminuição das emissões de gases\npoluentes. Segundo um estudo da FIPE, graças a um\naumento no uso de biodiesel no Brasil, entre 2008 e 2011,\nevitou-se a emissão de 11 milhões de toneladas de CO₂\n(gás carbônico).\n(Adaptado de Guilherme Profeta, “Da cozinha para o seu carro: cúrcuma\nutilizada como aditivo de biodiesel”. Cruzeiro do Sul, 10/04/2018.)\nDados de massas molares em g·mol⁻¹: H=1, C=12, O=16.\nConsiderando as informações dadas e levando em conta\nque o diesel pode ser caracterizado pela fórmula mínima\n(C_nH_2n), é correto afirmar que entre 2008 e 2011 o biodiesel\nsubstituiu aproximadamente",
    "number": 21,
    "id": "UNICAMP_2019_21",
    "alternatives": [
        "a) 3,5 milhões de toneladas de diesel.",
        "b) 11 milhões de toneladas de diesel.",
        "c) 22 milhões de toneladas de diesel.",
        "d) 35 milhões de toneladas de diesel."
    ],
    "associated_images": [],
    "answer": "A",
    "has_associated_images": false,
    "alternatives_type": "string",
    "subject": [
        "chemistry"
    ],
    "DS": true,
    "TU": false,
    "IU": false,
    "MR": true,
    "ML": false,
    "BK": false
}