{
    "question": "Em um estudo científico, uma fina camada de um novo\nfiltro protetor solar foi exposta previamente à radiação UVA\ne UVB durante diferentes intervalos de tempo, testando-se\nem seguida a sua eficiência em barrar essa mesma\nradiação. A figura a seguir mostra apenas dois dos\nresultados obtidos no experimento, sendo uma das curvas\nreferente a uma exposição por 10 minutos e, a outra, a\numa exposição de 30 minutos.\n [IMAGE 0]\nDe acordo com essa figura, na faixa de 300 a 320 nm, ao\ntriplicar o tempo de exposição prévia, o protetor apresentou\numa eficiência",
    "number": 22,
    "id": "UNICAMP_2019_22",
    "alternatives": [
        "a) menor, e a curva A diz respeito aos 30 minutos de\nexposição prévia.",
        "b) menor, e a curva A diz respeito aos 10 minutos de\nexposição prévia.",
        "c) menor, e a curva B diz respeito aos 10 minutos de\nexposição prévia.",
        "d) maior, e a curva B diz respeito aos 30 minutos de\nexposição prévia."
    ],
    "associated_images": [
        "imgs/UNICAMP/2019/22/1.jpg"
    ],
    "answer": "B",
    "has_associated_images": true,
    "alternatives_type": "string",
    "subject": [
        "chemistry"
    ],
    "DS": false,
    "TU": false,
    "IU": true,
    "MR": true,
    "ML": false,
    "BK": false
}