{
    "question": "Episódios recentes de erupções vulcânicas têm trazido\nconsequências trágicas para a sociedade e para o meio\nambiente. Ativo desde 1983, o Vulcão Kilauea apresentou,\nem 2018, a sua maior erupção já registrada. Quase ao\nmesmo tempo, foi a vez do Vulcão Fuego da Guatemala\nmostrar sua força. No Kilauea não houve explosões, ao\ncontrário do que ocorreu no Fuego. Os especialistas\nafirmam que a ocorrência de uma erupção explosiva\ndepende da concentração e do tipo de gases dissolvidos\nno magma, como SO₂, HF e HCl, além de vapor de água e\nCO₂ aprisionados. A figura a seguir dá informações sobre a\nrelação entre quantidades (em mol) de SO₂, HF e HCl no\nmagma de três vulcões distintos.\n[IMAGE 0]\nDe acordo com a figura, em relação às quantidades de\ngases dissolvidos no magma, é correto afirmar que as\nconcentrações de SO₂ são maiores que as de HF e de HCl",
    "number": 23,
    "id": "UNICAMP_2019_23",
    "alternatives": [
        "a) nos três vulcões e, neles, HF e HCl são\naproximadamente iguais.",
        "b) em apenas dois vulcões e, neles, HF e HCl são\naproximadamente iguais.",
        "c) nos três vulcões, mas em apenas dois deles HF e HCl\nsão aproximadamente iguais.",
        "d) em apenas dois vulcões, mas nos três vulcões HF e\nHCl são aproximadamente iguais."
    ],
    "associated_images": [
        "imgs/UNICAMP/2019/23/1.jpg"
    ],
    "answer": "C",
    "has_associated_images": true,
    "alternatives_type": "string",
    "subject": [
        "chemistry"
    ],
    "DS": true,
    "TU": true,
    "IU": false,
    "MR": true,
    "ML": false,
    "BK": false
}