{
    "question": "A figura a seguir retrata a variação latitudinal dos padrões\nespaciais de distribuição dos principais biomas terrestres.\n[IMAGE 0]\n(Fonte: James F. Petersen, Dorothy Sack e Robert E. Glabler, Fundamentos de\nGeografia Física. São Paulo: Cengage, 2015, p. 158.)\nConsidere a figura anterior e assinale a alternativa correta.",
    "number": 28,
    "id": "UNICAMP_2019_28",
    "alternatives": [
        "a) As florestas têm um aumento na diversidade de suas\nespécies à medida que a precipitação aumenta e as\ntemperaturas apresentam declínio.",
        "b) Os desertos e as savanas ocorrem em todos os\ncontinentes, em áreas com temperaturas elevadas e\nbaixo volume de precipitação.",
        "c) A taiga apresenta espécies arbóreas de maior porte\nem razão da umidade proveniente das baixas pressões\nde médias latitudes do Hemisfério Norte.",
        "d) As savanas e as florestas de monções dependem da\nsazonalidade climática: invernos frios e chuvosos,\nverões quentes e secos."
    ],
    "associated_images": [
        "imgs/UNICAMP/2019/28/0.jpg"
    ],
    "answer": "C",
    "has_associated_images": true,
    "alternatives_type": "string",
    "subject": [
        "geography"
    ],
    "DS": true,
    "TU": false,
    "IU": true,
    "MR": false,
    "ML": false,
    "BK": false
}