{
    "question": "Na década de 1950, quando iniciava seu governo,\nJuscelino Kubitschek prometeu “50 anos em 5”. Na\ncampanha do atual governo o slogan ficou assim: “O Brasil\nvoltou, 20 anos em dois”. A ‘tradução’ não tinha como dar\ncerto; era como comparar vinho com água. E mais: havia\numa vírgula no meio do caminho. Na propaganda, apenas\numa vírgula impede que a leitura, ao invés de ser positiva e\nassociada ao progressismo de Juscelino, se transforme\nnuma mensagem de retrocesso: o Brasil de fato ‘voltou’\nmuito nesses últimos dois anos; para trás.\n(Adaptado de Lilia Schwarcz, Havia uma vírgula no meio do caminho. Nexo\nJornal, 21/05/2018.)\nConsiderando o gênero propaganda institucional e o\nparalelo histórico traçado pela autora, é correto afirmar que\no slogan do atual governo fracassou porque",
    "number": 3,
    "id": "UNICAMP_2019_3",
    "alternatives": [
        "a) o uso da vírgula provocou uma leitura negativa do\ntrecho que alude ao slogan da década de 1950.",
        "b) a mensagem projetada pelo slogan anterior era mais\nclara, direta, e não exigia o uso da vírgula.",
        "c) a alusão ao slogan anterior afasta o público jovem e\nprovoca a perda de seu poder persuasivo.",
        "d) o duplo sentido do verbo “voltar” gerou uma\nmensagem que se afasta daquela projetada pelo\nslogan anterior."
    ],
    "associated_images": [],
    "answer": "D",
    "has_associated_images": false,
    "alternatives_type": "string",
    "subject": [
        "portuguese",
        "history"
    ],
    "DS": true,
    "TU": true,
    "IU": false,
    "MR": false,
    "ML": false,
    "BK": true
}