{
    "question": "[IMAGE 0](Adaptado de Atlas escolar IBGE. Disponível em atlasescolar.ibge.gov.br)\nRecentemente, em Mianmar, a minoria étnica Rohingya foi\nvítima de graves massacres e assassinatos praticados por\ngrupos extremistas da maioria étnico-religiosa do país.\nEntre 2017 e 2018, os atos de violência provocaram\ndeslocamentos forçados de aproximadamente 650 mil\nRohingyas principalmente para um dos países vizinhos.\nCom a ajuda do mapa anterior, assinale a alternativa que\nindica, respectivamente, o principal país para onde se\ndeslocam os Rohingyas e as correntes religiosas seguidas\npor essa minoria étnica e pela maioria da população de\nMianmar.",
    "number": 31,
    "id": "UNICAMP_2019_31",
    "alternatives": [
        "a) Bangladesh; mulçumana e budista.",
        "b) Índia; católica e hindu.",
        "c) Tailândia; católica e mulçumana.",
        "d) China; hindu e budista."
    ],
    "associated_images": [
        "imgs/UNICAMP/2019/31/1.jpg"
    ],
    "answer": "A",
    "has_associated_images": true,
    "alternatives_type": "string",
    "subject": [
        "geography",
        "history"
    ],
    "DS": true,
    "TU": true,
    "IU": true,
    "MR": false,
    "ML": false,
    "BK": false
}