{
    "question": "O mapa a seguir registra parte do processo de substituição\ndos domínios vegetais do continente europeu pela\nagricultura sedentarizada ao longo dos últimos 10 mil anos.\n[IMAGE 0]\n(Adaptado de W. F. Rudmann, A Terra Transformada. Porto Alegre: Bookman,\n2015, p. 53 e 59.)\nA análise do mapa permite concluir que:",
    "number": 33,
    "id": "UNICAMP_2019_33",
    "alternatives": [
        "a) As pastagens e as estepes foram os domínios mais\ndevastados pela implantação da agricultura, em função\nda fertilidade do seu solo em épocas de degelo, o que\nfavoreceu a produtividade de grande escala.",
        "b) Não é possível identificar grandes transformações nas\ncondições naturais dos domínios de vegetação\neuropeus em função do processo de sedentarização\ndas sociedades humanas.",
        "c) O desenvolvimento de lavouras na Europa durante o\nNeolítico foi base para a transformação de domínios\nvegetais naturais, o que significa que o desmatamento\né uma prática milenar.",
        "d) As áreas que hoje correspondem aos países da\nPenínsula Ibérica, ao Reino Unido e à Irlanda foram as\npioneiras no desenvolvimento de práticas agrícolas\nsedentarizadas."
    ],
    "associated_images": [
        "imgs/UNICAMP/2019/33/0.jpg"
    ],
    "answer": "C",
    "has_associated_images": true,
    "alternatives_type": "string",
    "subject": [
        "geography"
    ],
    "DS": true,
    "TU": false,
    "IU": true,
    "MR": false,
    "ML": false,
    "BK": false
}