{
    "question": "Como regime social, o fascismo social pode coexistir com a\ndemocracia política liberal. Em vez de sacrificar a\ndemocracia às exigências do capitalismo global, trivializa a\ndemocracia até o ponto de não ser necessário sacrificá-l a\npara promover o capitalismo. Trata-se, pois, de um\nfascismo pluralista e, por isso, de uma forma de fascism o\nque nunca existiu. Podemos estar entrando num per íodo\nem que as sociedades são politicamente democr áticas e\nsocialmente fascistas.\n(Adaptado de Boaventura de Sousa Santos, Epistemologias do Sul. São Paulo:\nCortez, 2010, p. 47.)\nDe acordo com o texto e os conhecimentos sobre o\nassunto, a coexistência entre fascismo e democracia é",
    "number": 34,
    "id": "UNICAMP_2019_34",
    "alternatives": [
        "a) facilitada por processos eleitorais que dão\ncontinuidade a fascismos que sempre existiram.",
        "b) promovida pela aceitação social que banaliza a\ndemocracia em favor do capitalismo global.",
        "c) dificultada por processos eleitorais que renovam a\ndemocracia, inviabilizando os fascismos.",
        "d) possibilitada pela aceitação social de sociedades\npoliticamente fascistas e socialmente democráticas."
    ],
    "associated_images": [],
    "answer": "B",
    "has_associated_images": false,
    "alternatives_type": "string",
    "subject": [
        "history"
    ],
    "DS": true,
    "TU": true,
    "IU": false,
    "MR": false,
    "ML": false,
    "BK": false
}