{
    "question": "Indigenous people in Brazil seek out cities, end\nup in slums\nRIO DE JANEIRO – The dancers shake seed-filled maracas\nand raise their voices in song, conjuring an ancient spirit that\nvibrates above the traffic roaring from a nearby expressway\nand the beat of funk music blasting from a neighbor's\nloudspeaker.\nIn this Brazilian favela, the indigenous people are struggling\nto keep some of their traditions alive that, besides providing a\nsense of community, helps them endure the discrimination\nthey face in the city. Forced out of their native lands by\ndeforestation, miners and farmers, nearly one in four Brazilian\nIndians nowadays live in urban areas and an estimated\n22,000 of them now call the crowded favelas their home.\nLife in the slums, despite its difficulties, has its advantages.\n\"The slums are the one place in the city where you have the\nkind of solidarity we Indians have in the villages.\" said a\nPataxó woman who lives in Rio de Janeiro’s Maré Complex.\n(Adaptado de Associated Press, Indigenous people in Brazil seek out cities, end up\nin slums, Dailymail, 16/09/2014. )\nAssinale a alternativa que indica corretamente os\nfenômenos geográficos mencionados no texto a respeito\nd as populações indígenas.",
    "number": 35,
    "id": "UNICAMP_2019_35",
    "alternatives": [
        "a) Migração urbano-rural, segregação socioespacial\nurbana, preservação socioambiental.",
        "b) Segregação socioespacial urbana, migração rural-\nurbana, impacto socioambiental.",
        "c) Inclusão socioespacial urbana, impacto socioambiental,\nmigração urbano-rural.",
        "d) Preservação socioambiental, inclusão socioespacial\nurbana, migração rural-urbana."
    ],
    "associated_images": [],
    "answer": "B",
    "has_associated_images": false,
    "alternatives_type": "string",
    "subject": [
        "geography",
        "english"
    ],
    "DS": false,
    "TU": true,
    "IU": false,
    "MR": false,
    "ML": true,
    "BK": false
}