{
    "question": "Alguns pesquisadores falam sobre a necessidade de um\n“letramento racial”, para “reeducar o indivíduo em uma\nperspectiva antirracista”, baseado em fundamentos como o\nreconhecimento de privilégios, do racismo como um\nproblema social atual, não apenas legado histórico, e a\ncapacidade de interpretar as práticas racializadas. Ouvir é\nsempre a primeira orientação dada por qualquer\nespecialista ou ativista: uma escuta atenta, sincera e\nempática. Luciana Alves, educadora da Unifesp, afirma que\n\"Uma das principais coisas é atenção à linguagem. A gente\ntem uma linguagem sexista, racista, homofóbica, que\npassa pelas piadas e pelo uso de termos que a gente já\nnaturalizou. ‘A coisa tá preta’, ‘denegrir’, ‘serviço de preto’...\nSó o fato de você prestar atenção na linguagem já anuncia\numa postura de reconstrução. Se o outro diz que tem uma\ncarga negativa e ofensiva, acredite”.\n(Adaptado de Gente branca: o que os brancos de um país racista podem fazer\npela igualdade além de não serem racistas. UOL, 21/05/2018)\nSegundo Luciana Alves, para combater o racismo e mudar\nde postura em relação a ele, é fundamental",
    "number": 4,
    "id": "UNICAMP_2019_4",
    "alternatives": [
        "a) ouvir com atenção os discursos e orientações de\nespecialistas e ativistas.",
        "b) reconhecer expressões racistas existentes em práticas\nnaturalizadas.",
        "c) passar por um “letramento racial” que dispense o\nlegado histórico.",
        "d) prestar atenção às práticas históricas e às orientações\nda educadora."
    ],
    "associated_images": [],
    "answer": "B",
    "has_associated_images": false,
    "alternatives_type": "string",
    "subject": [
        "portuguese"
    ],
    "DS": false,
    "TU": true,
    "IU": false,
    "MR": false,
    "ML": false,
    "BK": true
}