{
    "question": "\nTexto comum às questões 40, 41 e 42\nDrones vêm sendo utilizados por empresas americanas\npara monitorar o ambiente subaquático. Esses drones\npodem substituir mergulhadores, sendo capazes de\nrealizar mergulhos de até cinquenta metros de\nprofundidade e operar por até duas horas e meia.\nFrequentemente esses drones são usados para medir a\ntemperatura da água (T ) em função da profundidade (d ),\na partir da superfície (d = 0 ), como no caso ilustrado no\ngráfico a seguir (dados adaptados).\n[IMAGE 0]\nConsidere que a densidade da água é ρ =1000 kg/m³ e\nconstante para todas as profundidades medidas pelo\ndrone. Qual é a diferença de pressão hidrostática entre a\nsuperfície e uma profundidade para a qual a temperatura\nda água é T =19°C?",
    "number": 41,
    "id": "UNICAMP_2019_41",
    "alternatives": [
        "a) 1,4 x 10³ Pa.",
        "b) 2,0 x 10⁴ Pa.",
        "c) 4,0 x 10⁴ Pa.",
        "d) 7,0 x 10⁴ Pa."
    ],
    "associated_images": [
        "imgs/UNICAMP/2019/41/1.jpg"
    ],
    "answer": "D",
    "has_associated_images": true,
    "alternatives_type": "string",
    "subject": [
        "physics"
    ],
    "DS": true,
    "TU": false,
    "IU": true,
    "MR": true,
    "ML": false,
    "BK": false
}