{
    "question": "\nTexto comum às questões 40, 41 e 42\nDrones vêm sendo utilizados por empresas americanas\npara monitorar o ambiente subaquático. Esses drones\npodem substituir mergulhadores, sendo capazes de\nrealizar mergulhos de até cinquenta metros de\nprofundidade e operar por até duas horas e meia.\nLeve em conta ainda os dados mostrados no gráfico da\nquestão anterior, referentes à temperatura da água (T) em\nfunção da profundidade (d). Considere um volume\ncilíndrico de água cuja base tem área A= 2 m², a face\nsuperior está na superfície a uma temperatura constante\nT_A e a face inferior está a uma profundidade d a uma\ntemperatura constante T_B, como mostra a figura a seguir.\nNa situação estacionária, nas proximidades da superfície, a\ntemperatura da água decai linearmente em função de d ,\nde forma que a taxa de transferência de calor por unidade\nde tempo (Φ), por condução da face superior para a face\ninferior, é aproximadamente constante e dada por\nΦ =(κA(T_A - T_B))/d , em que κ=(0,6W)/(mx°C) é a condutividade\ntérmica da água. Assim, a razão (T_A-T_B)/d é constante para\ntodos os pontos da região de queda linear da temperatura\nda água mostrados no gráfico apresentado.\nUtilizando as temperaturas da água na superfície e na\nprofundidade d do gráfico e a fórmula fornecida, conclui-\nse que, na região de queda linear da temperatura da água\nem função de d, Φ é igual a\n[IMAGE 0]",
    "number": 42,
    "id": "UNICAMP_2019_42",
    "alternatives": [
        "a) 0,03 W.",
        "b) 0,05 W.",
        "c) 0,40 W.",
        "d) 1,20 W."
    ],
    "associated_images": [
        "imgs/UNICAMP/2019/42/0.png"
    ],
    "answer": "A",
    "has_associated_images": true,
    "alternatives_type": "string",
    "subject": [
        "physics"
    ],
    "DS": true,
    "TU": false,
    "IU": false,
    "MR": true,
    "ML": false,
    "BK": false
}