{
    "question": "\nTexto comum às questões 43, 44 e 45\nA depilação a laser é um procedimento de eliminação\ndos pelos que tem se tornado bastante popular na\nindústria de beleza e no mundo dos esportes. O número\nde sessões do procedimento depende, entre outros\nfatores, da coloração da pele, da área a ser tratada e da\nquantidade de pelos nessa área.\nUma sessão de depilação a laser utiliza pulsos de alta\npotência e curta duração. O tempo total da sessão\ndepende da área tratada. Considere certa situação em que\na luz do laser incide perpendicularmente em uma área\nA= 2 mm² com uma intensidade média igual a\nI = 2,0×10⁴ W/m². A energia luminosa que incide nessa\nárea durante um intervalo de tempo ∆t =3 ms é igual a",
    "number": 43,
    "id": "UNICAMP_2019_43",
    "alternatives": [
        "a) 1,3 x 10^-1 J.",
        "b) 1,2 x 10^-4 J.",
        "c) 3,0 x 10^7 J.",
        "d) 3,0 X 10^-13 J."
    ],
    "associated_images": [],
    "answer": "B",
    "has_associated_images": false,
    "alternatives_type": "string",
    "subject": [
        "physics"
    ],
    "DS": true,
    "TU": false,
    "IU": false,
    "MR": true,
    "ML": false,
    "BK": false
}