{
    "question": "\nTexto comum às questões 43, 44 e 45\nA depilação a laser é um procedimento de eliminação\ndos pelos que tem se tornado bastante popular na\nindústria de beleza e no mundo dos esportes. O número\nde sessões do procedimento depende, entre outros\nfatores, da coloração da pele, da área a ser tratada e da\nquantidade de pelos nessa área.\nNa depilação, o laser age no interior da pele, produzindo\numa lesão térmica que queima a raiz do pelo. Considere\numa raiz de pelo de massa m = 2,0×10^−10 kg inicialmente\na uma temperatura T_i =36°C que é aquecida pelo laser a\numa temperatura final T_f =46°C. Se o calor específico da\nraiz é igual a c =3000 J/(kg °C), o calor absorvido pela\nraiz do pelo durante o aquecimento é igual a",
    "number": 44,
    "id": "UNICAMP_2019_44",
    "alternatives": [
        "a) 6,0 x 10^-6 J.",
        "b) 6,0 x 10^-8 J.",
        "c) 1,3 x 10^-12 J.",
        "d) 6,0 x 10^-13 J."
    ],
    "associated_images": [],
    "answer": "A",
    "has_associated_images": false,
    "alternatives_type": "string",
    "subject": [
        "physics"
    ],
    "DS": true,
    "TU": false,
    "IU": false,
    "MR": true,
    "ML": false,
    "BK": false
}