{
    "question": "\nTexto comum às questões 43, 44 e 45\nA depilação a laser é um procedimento de eliminação\ndos pelos que tem se tornado bastante popular na\nindústria de beleza e no mundo dos esportes. O número\nde sessões do procedimento depende, entre outros\nfatores, da coloração da pele, da área a ser tratada e da\nquantidade de pelos nessa área.\nTrês tipos de laser comumente utilizados para depilação\ntêm comprimentos de onda λ_1 ≈ 760 nm, λ_2 ≈ 800 nm e\nλ_3 ≈1060 nm, respectivamente. Se a velocidade da luz\nvale c = 3,0 ×10^8 m/s, o laser de maior frequência tem uma\nfrequência de aproximadamente",
    "number": 45,
    "id": "UNICAMP_2019_45",
    "alternatives": [
        "a) 3,9 x 10^14 Hz.",
        "b) 2,8 x 10^5 Hz.",
        "c) 2,5 x 10^15 Hz.",
        "d) 3,7 x 10^12 Hz ."
    ],
    "associated_images": [],
    "answer": "A",
    "has_associated_images": false,
    "alternatives_type": "string",
    "subject": [
        "physics"
    ],
    "DS": true,
    "TU": false,
    "IU": false,
    "MR": true,
    "ML": false,
    "BK": false
}