{
    "question": "Nos quadrinhos a seguir, o personagem Garfield questiona\na relevância ecológica do animal representado à direita.\n[IMAGE 1]\n[IMAGE 0]\n(Disponível em http://www.aprendendocomopenomato.wordpress.com/.)\nAssinale a alternativa que descreve corretamente aspectos\nzoológicos e ecológicos referentes a esse animal.",
    "number": 47,
    "id": "UNICAMP_2019_47",
    "alternatives": [
        "a) As minhocas são invertebrados do filo dos anelídeos,\npossuem corpo celomado e segmentado, convertem\ndetritos ingeridos em matéria orgânica e melhoram o\narejamento do solo.",
        "b) As cobras-cegas são vertebrados do filo dos\nanelídeos, possuem corpo pseudocelomado e\nreprodução sexuada, são predadoras de pragas\nagrícolas e melhoram o arejamento do solo.",
        "c) As cobras-cegas são invertebrados do filo dos\ncordados, possuem corpo celomado e não\nsegmentado e são capazes de controlar ervas\ndaninhas, pois consomem suas raízes.",
        "d) As minhocas são invertebrados do filo dos anelídeos,\npossuem pseudoceloma e reprodução assexuada, são\npredadoras de pragas agrícolas e melhoram o\narejamento do solo."
    ],
    "associated_images": [
        "imgs/UNICAMP/2019/47/2.jpg",
        "imgs/UNICAMP/2019/47/1.jpg"
    ],
    "answer": "A",
    "has_associated_images": true,
    "alternatives_type": "string",
    "subject": [
        "biology"
    ],
    "DS": true,
    "TU": false,
    "IU": true,
    "MR": false,
    "ML": false,
    "BK": false
}