{
    "question": "A produção de celulose a partir da madeira vem crescendo\nno Brasil, tendo atingido um volume recorde em 2017, com\nexportações de 19,5 milhões de toneladas. As paredes das\ncélulas da madeira contêm celulose e lignina, sendo que a\nprimeira é o principal composto de interesse industrial,\nenquanto a segunda é um composto indesejável, que\nprecisa ser removido. Geralmente, a remoção da lignina\nenvolve digestão química com H_2S, um reagente altamente\npoluente.\nAs imagens apresentadas a seguir são fotos de\nmicroscopia eletrônica, em mesma escala, do tecido\nvegetal de dois tipos de madeira, que diferem com relação\nà parede celular.\n[IMAGE 0]\nCada tipo (I ou II) tem ainda dois subtipos, a ou b. O\ngráfico a seguir mostra dados sobre esses subtipos de\nmadeira coletados de plantas cultivadas na mesma área\ngeográfica (solo e clima similares).\n[IMAGE 1]\n(Adaptado de Gabriela Mello,Produção de celulose no Brasil cresce 3,8% em 2017\ne atinge volume recorde, diz Ibá. UOL, 31/09/2018.)\nConsiderando que as quatro amostras no gráfico provêm\nde plantas com o mesmo tempo de desenvolvimento, qual\ndelas seria mais desejável em termos industriais e\nambientais (tendo em vista a poluição e a extensão de área\nplantada)?",
    "number": 53,
    "id": "UNICAMP_2019_53",
    "alternatives": [
        "a) Subtipo Ia.",
        "b) Subtipo Ib.",
        "c) Subtipo IIa"
    ],
    "associated_images": [
        "imgs/UNICAMP/2019/53/1.jpg",
        "imgs/UNICAMP/2019/53/2.jpg"
    ],
    "answer": "C",
    "has_associated_images": true,
    "alternatives_type": "string",
    "subject": [
        "biology"
    ],
    "DS": true,
    "TU": false,
    "IU": true,
    "MR": true,
    "ML": false,
    "BK": false
}