{
    "question": "Os preços que aparecem no cardápio de um restaurante já\nincluem um acréscimo de 10% referente ao total de\nimpostos. Na conta, o valor a ser pago contém o acréscimo\nde 10% relativo aos serviços (gorjeta). Se o valor total da\nconta for p reais, o cliente estará desembolsando pelo\ncusto original da refeição, em reais, a quantia de\n",
    "number": 59,
    "id": "UNICAMP_2019_59",
    "alternatives": [
        "a) 𝑝/1,20.",
        "b) 𝑝/1,21.",
        "c) 𝑝×0,80.",
        "d) 𝑝×0,81."
    ],
    "associated_images": [],
    "answer": "B",
    "has_associated_images": false,
    "alternatives_type": "string",
    "subject": [
        "mathematics"
    ],
    "DS": true,
    "TU": false,
    "IU": false,
    "MR": true,
    "ML": false,
    "BK": false
}