{
    "question": "Uma página do Facebook faz humor com montagens que\ncombinam capas de livros já publicados e memes que\ncirculam nas redes sociais. Uma dessas postagens envolve\na obra de Henry Thoreau, para quem a desobediência civil\né uma forma de protesto legítima contra leis ou atos\ngovernamentais considerados injustos pelo cidadão e que\nponham em risco a democracia.\n[IMAGE 0]\n(Fonte: Página de Facebook Obras Literárias com capas de memes\ngenuinamente brasileiros.)\nO efeito de humor aqui se deve ao fato de que a montagem",
    "number": 6,
    "id": "UNICAMP_2019_6",
    "alternatives": [
        "a) refuta as razões para a desobediência civil com base\nna desculpa apresentada pela criança.",
        "b) antecipa uma possível avaliação negativa da\ndesobediência sustentada pelo livro.",
        "c) equipara as razões da desobediência civil à justificativa\napresentada pela criança.",
        "d) contesta a legitimidade da desobediência civil\ndefendida por Thoreau."
    ],
    "associated_images": [
        "imgs/UNICAMP/2019/6/0.jpg"
    ],
    "answer": "C",
    "has_associated_images": true,
    "alternatives_type": "string",
    "subject": [
        "portuguese"
    ],
    "DS": false,
    "TU": true,
    "IU": true,
    "MR": false,
    "ML": false,
    "BK": false
}