{
    "question": "A nota final de um curso é dada pela média aritmética\nsimples entre as notas de duas provas e a de um trabalho.\nTodas as notas se distribuem entre 0 e 10 e a nota final\nmínima para aprovação é 7. Para um aluno ser aprovado, é\nnecessário que a média aritmética simples entre as notas\ndas provas seja maior ou igual a",
    "number": 60,
    "id": "UNICAMP_2019_60",
    "alternatives": [
        "a) 2,5.",
        "b) 5,0.",
        "c) 5,5.",
        "d) 7,0"
    ],
    "associated_images": [],
    "answer": null,
    "has_associated_images": false,
    "alternatives_type": "string",
    "subject": [
        "mathematics"
    ],
    "DS": true,
    "TU": false,
    "IU": false,
    "MR": true,
    "ML": false,
    "BK": false
}