{
    "question": "Sejam a e b números reais positivos. Considere a função\nquadrática f(x) = x(ax+b), definida para todo número\nreal x. No plano cartesiano, qual figura corresponde ao\ngráfico de y = f(𝑥)?",
    "number": 63,
    "id": "UNICAMP_2019_63",
    "alternatives": [
        "a)[IMAGE 0]",
        "b)[IMAGE 3]",
        "c)[IMAGE 2]",
        "d)[IMAGE 1]"
    ],
    "associated_images": [
        "imgs/UNICAMP/2019/63/0.jpg",
        "imgs/UNICAMP/2019/63/3.jpg",
        "imgs/UNICAMP/2019/63/2.jpg",
        "imgs/UNICAMP/2019/63/1.jpg"
    ],
    "answer": "B",
    "has_associated_images": true,
    "alternatives_type": "images",
    "subject": [
        "mathematics"
    ],
    "DS": true,
    "TU": false,
    "IU": true,
    "MR": true,
    "ML": false,
    "BK": false
}