{
    "question": "Sabendo que a e b são números reais, considere a matriz\nquadrada de ordem 3,\nA = [[1,a,1],[b,1,a],[2,b,2]]\nSe a soma dos elementos em cada linha da matriz A tem\nsempre o mesmo valor, então o determinante de A é igual a",
    "number": 68,
    "id": "UNICAMP_2019_68",
    "alternatives": [
        "a) 0.",
        "b) 2.",
        "c) 5.",
        "d) 10."
    ],
    "associated_images": [],
    "answer": "D",
    "has_associated_images": false,
    "alternatives_type": "string",
    "subject": [
        "mathematics"
    ],
    "DS": true,
    "TU": false,
    "IU": false,
    "MR": true,
    "ML": false,
    "BK": false
}