{
    "question": "Sabendo que a e b são números reais, considere o\npolinômio cúbico p(x) = x³+ax²+x+b. Se a soma e o\nproduto de duas de suas raízes são iguais a -1, então\np(1) é igual a",
    "number": 70,
    "id": "UNICAMP_2019_70",
    "alternatives": [
        "a) 0.",
        "b) 1.",
        "c) 2.",
        "d) 3."
    ],
    "associated_images": [],
    "answer": "D",
    "has_associated_images": false,
    "alternatives_type": "string",
    "subject": [
        "mathematics"
    ],
    "DS": true,
    "TU": false,
    "IU": false,
    "MR": true,
    "ML": false,
    "BK": false
}