{
    "question": "Considere um paralelepípedo retângulo, cujas arestas têm\ncomprimento 6 cm, 8 cm e 10 cm, e um triângulo cujos\nvértices são os centros (intersecção das diagonais) de três\nfaces de dimensões distintas, como ilustra a figura a\nseguir. O perímetro P desse triângulo é tal que\n[IMAGE 0]",
    "number": 71,
    "id": "UNICAMP_2019_71",
    "alternatives": [
        "a) 𝑃 < 14 cm.",
        "b) 14 cm < 𝑃 < 16 cm.",
        "c) 16 cm < 𝑃 < 18 cm.",
        "d) 𝑃 > 18 cm"
    ],
    "associated_images": [
        "imgs/UNICAMP/2019/71/1.jpg"
    ],
    "answer": "C",
    "has_associated_images": true,
    "alternatives_type": "string",
    "subject": [
        "mathematics"
    ],
    "DS": true,
    "TU": false,
    "IU": false,
    "MR": true,
    "ML": false,
    "BK": false
}