{
    "question": "Os estudiosos muçulmanos adaptaram a herança recebida\ndos povos arabizados. Entre os domínios conquistados\npelos muçulmanos estavam a Mesopotâmia e o antigo\nEgito, civilizações que desde cedo observaram os\nfenômenos astronômicos. O estudo dos fenômenos\nnaturais no Crescente Fértil possibilitou a agricultura e\nperdurou por milênios. Nas costas do Mar Egeu, na região\nda Jônia, surgiram no século VI a.C. as primeiras\nexplicações dos fenômenos naturais desvinculadas dos\ndesígnios divinos. E as conquistas de Alexandre permitiram\no início do intercâmbio entre o conhecimento grego, de um\nlado, e o dos antigos impérios egípcio, babilônico e persa,\nde outro. Além disso, houve trocas científicas e culturais\ncom os indianos. O império árabe-islâmico foi, a partir do\nséculo VII, o herdeiro desse legado científico multicultural,\nao qual os estudiosos muçulmanos deram seus aportes ao\nlongo da Idade Média.\n(Adaptado de Beatriz Bissio, O mundo falava árabe. Rio de Janeiro: Civilização\nBrasileira, 2012, p. 200-201.)\nConsiderando o texto acima sobre o Islã Medieval e\nseus conhecimentos, assinale a alternativa correta.",
    "number": 72,
    "id": "UNICAMP_2019_72",
    "alternatives": [
        "a) A extensão do território sob domínio islâmico e a\nliberdade religiosa e cultural implementada nessas\náreas aceleraram a construção de novos\nconhecimentos pautados na cosmologia ocidental.",
        "b) A partir do século VII, o avanço dos exércitos islâmicos\ngarantiu a expansão do império de forma ditatorial\nsobre antigos núcleos culturais da Índia até as terras\ngregas do Império Bizantino, chegando à Espanha.",
        "c) Os conhecimentos sobre os fenômenos naturais\nconstruídos pelos mesopotâmicos, egípcios,\nmacedônicos, babilônicos, persas, entre outros povos,\nforam ignorados pelo Islã Medieval, marcado pelo\nfundamentalismo religioso.",
        "d) A difusão de saberes multiculturais foi uma das marcas\ndo Império árabe-islâmico, sendo ele a via de\ntransmissão do sistema numérico indiano para o\nOcidente e de obras da filosofia greco-romana para o\nOriente."
    ],
    "associated_images": [],
    "answer": "D",
    "has_associated_images": false,
    "alternatives_type": "string",
    "subject": [
        "history"
    ],
    "DS": true,
    "TU": true,
    "IU": false,
    "MR": false,
    "ML": false,
    "BK": false
}