{
    "question": "A seguir, leia um trecho da petição ao rei de Espanha\nescrita por Juan Garrido, conquistador residente na cidade\ndo México, em 27 de Setembro de 1538.\nEu, Juan Garrido, de cor negra, membro desta comunidade\n[vecino], e residente nesta cidade, trago um relato de como\nservi à Vossa Majestade na conquista e pacificação desta\nNova Espanha. Desde quando Cortés entrou nela, estive\npresente em todas as invasões, conquistas e pacificações\nrealizadas no sul do Pacífico, nas ilhas de Porto Rico e de\nCuba. Fiz tudo às minhas custas, sem receber nem salário\nnem repartimiento de índios ou qualquer outra coisa. De\ntodas estas formas, durante trinta anos, servi e continuo a\nservir à Vossa Majestade.\n(Traduzido e adaptado de Matthew Restall, Probanza of Juan Garrido. Black\nConquistadors: Armed Africans in Early Spanish America. The Americas,\nCambridge, v. 57, n. 2, out. 2000, p. 171.)\nAssinale a alternativa correta.",
    "number": 74,
    "id": "UNICAMP_2019_74",
    "alternatives": [
        "a) A presença de negros nos processos de conquista e\ncolonização das Américas limitou-se à atuação como\nmão de obra escravizada em plantações, em serviços\ndomésticos ou como trabalhadores sem especialização\nem núcleos urbanos.",
        "b) A presença de afrodescendentes na América\nespanhola pode ser distribuída nas categorias:\nescravos, fugitivos ou forros, em meio rural e urbano,\nauxiliares nos processos de conquista e ainda como\nconquistadores, proprietários e vecinos.",
        "c) A presença de negros nos exércitos de Cortez é um\nexemplo da ausência de critérios discriminatórios de\nlimpeza de sangue no processo de conquista da\nAmérica espanhola, diferentemente do que ocorria nas\nAméricas portuguesa e inglesa.",
        "d) A presença de afrodescendentes no mundo espanhol\nfoi tardia e concentrou-se no espaço caribenho, onde\natuaram como parte da mão de obra escravizada, mas\ntambém atuaram como conquistadores e vecinos\ncidadãos."
    ],
    "associated_images": [],
    "answer": "B",
    "has_associated_images": false,
    "alternatives_type": "string",
    "subject": [
        "history"
    ],
    "DS": true,
    "TU": true,
    "IU": false,
    "MR": false,
    "ML": false,
    "BK": false
}