{
    "question": "Os viajantes, missionários, administradores coloniais e\netnógrafos europeus, no passado, tenderam a fundir\nmúltiplas identidades em um único conceito de tribo. O uso\nda palavra tribo para descrever as sociedades africanas\nsurgiu de um desejo de enaltecer o Estado-nação, ao\nmesmo tempo em que sugeria a inferioridade inerente de\noutros. Em resumo, conotava políticas primitivas que eram\nmenos desenvolvidas do que as políticas dos Estados-\nnação.\n(Adaptado de John Parker e Richard Rathbone, “A ideia de África”, em História\nda África. Lisboa: Quimera, 2016, p. 56-58.)\nBaseado no texto acima e em seus conhecimentos,\nassinale a alternativa correta.",
    "number": 77,
    "id": "UNICAMP_2019_77",
    "alternatives": [
        "a) A formação e a difusão do conceito de tribo no\npensamento europeu acompanharam os avanços do\ncolonialismo na África no século XIX, legitimando o\ndomínio de seus povos por agentes oriundos de\nnações que se consideravam civilizadas e superiores.",
        "b) O conceito de tribo ganhou força no pensamento\nocidental, porque na África não havia formações\npolíticas que cobriam grandes extensões territoriais\ncomo na Europa. Ou seja, os europeus não\nencontraram estruturas políticas acima das unidades\ntribais.",
        "c) As sociedades africanas eram organizadas a partir de\npequenas tribos lideradas por chefes guerreiros, o que\ngerava fragmentação política e guerras, inviabilizando\nnesse continente a formação de unidades políticas\ncomplexas nos moldes europeus.",
        "d) Em razão das tradições milenares e do respeito aos\nancestrais, as tribos eram unidades sociais e políticas\nestáticas assentadas em uma identidade homogênea.\nOs europeus comumente desrespeitavam todas essas\ncaracterísticas na colonização."
    ],
    "associated_images": [],
    "answer": "C",
    "has_associated_images": false,
    "alternatives_type": "string",
    "subject": [
        "history"
    ],
    "DS": true,
    "TU": true,
    "IU": false,
    "MR": false,
    "ML": false,
    "BK": false
}