{
    "question": "[IMAGE 0]\nPartido Nacional Fascista de Benito Mussolini em 1934\n*si – significa “sim” em italiano.\nBella Ciao\nQuerida, adeus\nEsta manhã, eu acordei\nQuerida, adeus! Querida, adeus! Querida, adeus, adeus,\nadeus!\nEsta manhã, eu acordei\nE encontrei um invasor\nOh, membro da Resistência, leve-me embora\nQuerida, adeus! Querida, adeus! Querida, adeus, adeus,\nadeus!\nOh, membro da Resistência, leve-me embora\nPorque sinto que vou morrer\nE se eu morrer como um membro da Resistência\nQuerida, adeus! Querida, adeus! Querida, adeus, adeus,\nadeus!\nE se eu morrer como um membro da Resistência\nVocê deve me enterrar\nE me enterre no alto da montanha\nQuerida, adeus! Querida, adeus! Querida, adeus, adeus,\nadeus!\nE me enterre no alto da montanha\nSob a sombra de uma bela flor. (...).\nA fotografia anterior registra a fachada do Partido Nacional\nFascista de Benito Mussolini em 1934. A música Bella Ciao\nfoi um hino cantado contra o fascismo de Mussolini e as\ntropas nazistas durante a Segunda Guerra Mundial. Em 25\nde abril de 2018, quando a Itália celebrou 73 anos de sua\nlibertação do nazifascismo, a canção foi entoada em várias\npartes do país.\nSobre os usos da imagem e da música, assinale a\nalternativa correta.",
    "number": 78,
    "id": "UNICAMP_2019_78",
    "alternatives": [
        "a) Através de vários mecanismos de propaganda\nideológica e coerção física, os italianos foram forçados\na entoar a música Bella Ciao, a fim de demonstrar\npublicamente sua adesão ao fascismo. Este caráter\numbilical da relação da massa com o líder aparece\nretratado na fotografia.",
        "b) Por se tratar de um produto da indústria cultural com\nforte apelo comercial, compreende-se a circulação e o\nconsumo desta música em plano global e em várias\nmídias (shows musicais, novelas e séries). Neste\nsentido, a imagem é um cartaz caracterizado pela\nneutralidade política.",
        "c) Trata-se de uma música de alcance internacional\nentoada em várias partes do mundo, em diferentes\ncontextos de resistência política contra o fascismo,\nregime caracterizado pela adesão da massa em\nrelação ao seu líder, como explicita a fotografia.",
        "d) O gesto que recupera em 2018 esta canção sugere\numa semelhança entre o tempo de antes (do fascismo)\ne o de hoje, aproximando Silvio Berlusconi de\nMussolini, dirigente retratado na fotografia. Antes,\ncomo agora, Bella Ciao exalta a resistência,\nidentificando-se como uma canção nacionalista."
    ],
    "associated_images": [
        "imgs/UNICAMP/2019/78/0.jpg"
    ],
    "answer": "C",
    "has_associated_images": true,
    "alternatives_type": "string",
    "subject": [
        "history"
    ],
    "DS": true,
    "TU": true,
    "IU": true,
    "MR": false,
    "ML": false,
    "BK": false
}