{
    "question": "A propaganda através de inscrições e desenhos em muros\ne paredes é uma parte integrante da Paris revolucionária\nde Maio de 1968. Ela se tornou uma atividade de massa,\nparte e parcela do método de autoexpressão da\nRevolução.\n(Adaptado de SOLIDARITY, Paris: maio de 68. São Paulo: Conrad, 2008, p. 15.)\n[IMAGE 0]\nInscrição: Liberem a\nexpressão\n(Philippe Gras, Paris, 28/05/1968. Disponível em http://proxy.handle.net/.)\nConsiderando o texto e a imagem anteriores, assinale a\nalternativa correta sobre o movimento de Maio de 1968.",
    "number": 79,
    "id": "UNICAMP_2019_79",
    "alternatives": [
        "a) Influenciado pela política de Estado da União Soviética,\nas manifestações de 1968 foram desencadeadas pelos\noperários franceses, que exigiam melhores condições\nde trabalho, por meio das pichações em muros\nespalhados pela cidade.",
        "b) Influenciado pelo contexto cultural da Guerra Fria, as\nmanifestações de 1968 tinham como palavras de\nordem a liberdade de expressão política e sexual,\ncomo se via nas inscrições nos muros de Paris.",
        "c) Influenciado pelos movimentos punk-anarquistas\ningleses, as manifestações de 1968 na França foram\nresponsáveis pelo enfraquecimento do então\npresidente Charles De Gaulle e seu lema aparecia em\ninscrições nos muros.",
        "d) Influenciado por ideias esquerdistas, comunistas e\nanarquistas, as manifestações de 1968 ficaram\nrestritas às camadas populares francesas, sendo que\nas inscrições nos muros das cidades indicavam o\ngrupo social responsável."
    ],
    "associated_images": [
        "imgs/UNICAMP/2019/79/1.jpg"
    ],
    "answer": "B",
    "has_associated_images": true,
    "alternatives_type": "string",
    "subject": [
        "history"
    ],
    "DS": true,
    "TU": true,
    "IU": true,
    "MR": false,
    "ML": false,
    "BK": false
}