{
    "question": "[IMAGE 0]\n(Adaptado de https://www.teachersloungeshop.com. Acessado em 30/04/2018.)\nOs dizeres da camiseta",
    "number": 87,
    "id": "UNICAMP_2019_87",
    "alternatives": [
        "a) brincam com palavras do inglês que têm grafias e\npronúncias semelhantes.",
        "b) criam um efeito de humor explorando a ambiguidade\nde certas palavras do inglês.",
        "c) brincam com o fato de o inglês ser uma língua\nirracional e incompreensível.",
        "d) criam um efeito de humor a partir da complexidade do\nsistema ortográfico do inglês."
    ],
    "associated_images": [
        "imgs/UNICAMP/2019/87/0.jpg"
    ],
    "answer": "D",
    "has_associated_images": true,
    "alternatives_type": "string",
    "subject": [
        "english"
    ],
    "DS": false,
    "TU": false,
    "IU": true,
    "MR": false,
    "ML": true,
    "BK": false
}