{
    "question": "Genetic Fortune-Telling\nOne day, babies will get DNA report cards at birth. These\nreports will offer predictions about their chances of suffering\n[IMAGE 0]\na heart attack or cancer, of\ngetting hooked on tobacco,\nand of being smarter than\naverage.\nThough the new DNA tests\noffer probabilities, not\ndiagnoses, they could greatly\nbenefit medicine. For\nexample, if women at high risk for breast cancer got more\nmammograms and those at low risk got fewer, those exams\nmight catch more real cancers and set off fewer false\nalarms. The trouble is, the predictions are far from perfect.\nWhat if someone with a low risk score for cancer puts off\nbeing screened, and then develops cancer anyway?\nPolygenic scores are also controversial because they can\npredict any trait, not only diseases. For instance, they can\nnow forecast about 10 percent of a person’s performance\non IQ tests. But how will parents and educators use that\ninformation?\n(Adaptado de Derek Brahney, Genetic Fortune-Telling. MIT Technology Review,\nMarço/Abril 2018)\nDe acordo com o texto, um dos riscos do prognóstico\ngenético dos indivíduos desde o nascimento seria o de",
    "number": 90,
    "id": "UNICAMP_2019_90",
    "alternatives": [
        "a) empresas usarem as informações para não contratar\npessoas que teriam predisposição a certas doenças ou\nvícios.",
        "b) algumas mulheres descuidarem da prevenção de\nproblemas de saúde para os quais pareciam não estar\npredispostas.",
        "c) governos usarem as informações genéticas para negar\na certos cidadãos o acesso a serviços de saúde\npública.",
        "d) pais e educadores passarem a desconsiderar dados\nsobre o coeficiente de inteligência de seus filhos ou\nalunos."
    ],
    "associated_images": [
        "imgs/UNICAMP/2019/90/1.jpg"
    ],
    "answer": "B",
    "has_associated_images": true,
    "alternatives_type": "string",
    "subject": [
        "english"
    ],
    "DS": false,
    "TU": true,
    "IU": false,
    "MR": false,
    "ML": true,
    "BK": false
}