{
    "question": "“DOROTÉA\nO senhor perdeu a cabeça?\nDULCINÉA\nFazer de um cangaceiro um delegado!\nDOROTÉA\nQuando a oposição souber!\nDULCINÉA\nQue prato pra Neco Pedreira!\nODORICO\nE tomara que Neco se sirva bem dele. Tomara que chame\nZeca Diabo de cangaceiro, assassino, quanto mais xingar,\nmelhor.\nDOROTÉA\nO senhor não acha que se excedeu?\nODORICO\nEm política, dona Dorotéa, os finalmentes justificam os não\nobstantes.”\n(Dias Gomes, O bem-amado. Rio de Janeiro: Bertrand Brasil, 2014. p. 69-70.)\nAs personagens femininas do excerto anterior discordam\nda nomeação de Zeca Diabo feita por Odorico. Assinale a\nalternativa que indica a razão dessa discordância e a\nnatureza da crítica às práticas políticas brasileiras presente\nna peça teatral de Dias Gomes.",
    "number": 11,
    "id": "UNICAMP_2019_11",
    "alternatives": [
        "a) Segundo as personagens, Zeca Diabo não possui os\natributos necessários para o cargo. Critica-se uma\nsociedade que desconsidera a meritocracia.",
        "b) As práticas políticas são desconhecidas pelas\npersonagens. A ingenuidade do cidadão e a astúcia\nnecessária dos políticos são criticadas na fala delas e\nde Odorico.",
        "c) Dulcinéa e Dorotéa não simpatizam com Zeca Diabo, o\nque indica que a peça faz uma crítica às relações\nsociais presididas por afetos e interesses privados.",
        "d) Dulcinéa e Dorotéa não admitem que alguém fora da\nlei possa cuidar da ordem da cidade. Criticam-se os\natos de um poder executivo que se orienta por um\nprojeto pessoal de poder."
    ],
    "associated_images": [],
    "answer": "D",
    "has_associated_images": false,
    "alternatives_type": "string",
    "subject": [
        "portuguese"
    ],
    "TU": true,
    "IU": false,
    "MR": false,
    "ML": false,
    "BK": false,
    "PRK": true
}