{
    "question": "\"A noção de programa genético (...) desempenhou um\npapel importante no lançamento do Projeto Genoma\nHumano, fazendo com que se acreditasse que a decifração\nde um genoma, à maneira de um livro com instruções de\num longo programa, permitiria decifrar ou compreender\ntoda a natureza humana ou, no mínimo, o essencial dos\nmecanismos de ocorrência das doenças. Em suma, a\nfisiopatologia poderia ser reduzida à genética, já que toda\ndoença seria reduzida a um ou diversos erros de\nprogramação, isto é, à alteração de um ou diversos genes\".\n(Edgar Morin, A religação dos saberes: o desafio do século XXI. Jornadas\ntemáticas idealizadas e dirigidas por Edgar Morin. Rio de Janeiro: Bertrand\nBrasil Ltda, 2012, p. 157.)\nA expressão programa genético, mencionada no trecho\nanterior, é",
    "number": 14,
    "id": "UNICAMP_2019_14",
    "alternatives": [
        "a) uma alegoria, pois sintetiza os mecanismos\nmoleculares subjacentes ao funcionamento dos genes\ne dos cromossomos no contexto ficcional de um\nprograma de computador.",
        "b) uma analogia, pois diferencia os mecanismos\nmoleculares subjacentes ao código genético e ao\nfuncionamento dos cromossomos dos códigos de um\nprograma de computador.",
        "c) uma metáfora, pois iguala toda a informação genética\ne os mecanismos moleculares subjacentes ao\nfuncionamento e expressão dos genes com as\ninstruções e os comandos de um programa.",
        "d) uma analogia, pois contrasta os mecanismos\nmoleculares dos genes nos cromossomos e das\ndoenças causadas por eles com as linhas de comando\nde um programa de computador."
    ],
    "associated_images": [],
    "answer": "C",
    "has_associated_images": false,
    "alternatives_type": "string",
    "subject": [
        "portuguese"
    ],
    "TU": true,
    "IU": false,
    "MR": false,
    "ML": false,
    "BK": false,
    "PRK": true
}