{
    "question": "Na opinião de Klaus R. Mecke, professor no Instituto de\nFísica Teórica da Universidade de Stuttgart, Alemanha, o\nuso da linguagem da física na literatura obedeceria ao\nseguinte propósito:\nUma função literária central da fórmula seria simbolizar a\nviolência. A fórmula torna-se metáfora para a violência,\npara o calculismo desumano, para a morte e para a fria\nmecânica - para o golpe de força. Recorde-se também O\nPêndulo de Foucault, de Umberto Eco, em que a fórmula\ndo pêndulo caracteriza o estrangulamento de um ser\nhumano. Passo a citar: “O período de oscilação, T, é\nindependente da massa do corpo suspenso (igualdade de\ntodos os homens perante Deus)...”. Também aqui a\nfórmula constitui uma referência irônica à marginalização\ndo sujeito, reduzido à “massa inerte” suspensa.\n(Adaptado de Klaus R. Mecke, A imagem da Física na Literatura. Gazeta de\nFísica, 2004, p. 6-7.)\nSegundo Mecke, a função literária de algumas noções da\nFísica, presentes em determinados romances, expressa",
    "number": 15,
    "id": "UNICAMP_2019_15",
    "alternatives": [
        "a) a falta de liberdade do sujeito nas relações sociais,\nmas o uso da independência do período do pêndulo\nsimples com a massa do corpo suspenso, feito por\nUmberto Eco, está incorreto.",
        "b) a revogação parcial das leis da natureza, e o uso da\nindependência do período do pêndulo simples com a\nmassa do corpo suspenso, feito por Umberto Eco, está\ncorreto.",
        "c) a concordância quanto ao modo como representamos\na natureza, mas o uso da independência do período do\npêndulo simples com a massa do corpo suspenso,\nfeito por Umberto Eco, está incorreto.",
        "d) a privação da liberdade do ser humano, e o uso da\nindependência do período do pêndulo simples com a\nmassa do corpo suspenso, feito por Umberto Eco, está\ncorreto."
    ],
    "associated_images": [],
    "answer": "D",
    "has_associated_images": false,
    "alternatives_type": "string",
    "subject": [
        "portuguese",
        "physics"
    ],
    "TU": true,
    "IU": false,
    "MR": false,
    "ML": false,
    "BK": false,
    "PRK": true
}