{
    "question": "Em 1961, o poeta António Gedeão publica o livro Máquina\nde Fogo. Um dos poemas é “Lágrima de Preta”. Musicado\npor José Niza, foi gravado por Adriano Correia de Oliveira,\nem 1970, e incluído no seu álbum “Cantaremos”. A canção\nfoi censurada pelo governo português.\nLágrima de preta\nEncontrei uma preta\nque estava a chorar,\npedi-lhe uma lágrima\npara a analisar. \nRecolhi a lágrima\ncom todo o cuidado experimentei ao lume,\nnum tubo de ensaio\nbem esterilizado.\nOlhei-a de um lado,\ndo outro e de frente:\ntinha um ar de gota\nmuito transparente.\nMandei vir os ácidos,\nas bases e os sais,\nas drogas usadas\n em casos que tais.\nEnsaiei a frio,\nexperimentei ao lume, de todas as vezes\ndeu-me o que é\ncostume:\nNem sinais de negro,\nnem vestígios de ódio.\nÁgua (quase tudo)\ne cloreto de sódio.\n(António Gedeão, Máquina de\nfogo. Coimbra: Tipografia da\nOs versos anteriores articulam as linguagens literária e\ncientífica com questões de ordem ética e política.\nConsiderando o contexto de produção e recepção de\n“Lágrima de Preta” (anos 1960 e 1970, em Portugal), o\npropósito artístico desse poema é",
    "number": 16,
    "id": "UNICAMP_2019_16",
    "alternatives": [
        "a) inadequado quanto à análise social, ao refutar que\nhaja racismo e preconceito na sociedade, e incorreto\nno aspecto científico, ao descrever as propriedades\nquímicas de uma lágrima.",
        "b) inadequado quanto à análise social, ao refutar a\nexistência de racismo e preconceito na sociedade, mas\ncorreto no aspecto científico, ao descrever as\npropriedades químicas de uma lágrima.",
        "c) pertinente quanto à análise social, ao registrar o\nracismo e a preconceito na sociedade, e correto no\naspecto científico, ao descrever as propriedades\nquímicas de uma lágrima.",
        "d) pertinente quanto à análise social, ao registrar o\npreconceito e o racismo na sociedade, mas incorreto\nno aspecto científico, ao descrever as propriedades\nquímicas de uma lágrima."
    ],
    "associated_images": [],
    "answer": "C",
    "has_associated_images": false,
    "alternatives_type": "string",
    "subject": [
        "portuguese",
        "history"
    ],
    "TU": true,
    "IU": false,
    "MR": false,
    "ML": false,
    "BK": false,
    "PRK": true
}