{
    "question": "Dois estudantes, de massa corporal em torno de 75 kg, da\nUniversidade de Northumbria, no Reino Unido, quase\nmorreram ao participar de um experimento científico no\nqual seriam submetidos a determinada dose de cafeína e a\num teste físico posterior. Por um erro técnico, ambos\nreceberam uma dose de cafeína 100 vezes maior que a\ndose planejada. A dose planejada era de 0,3 g de cafeína,\nequivalente a três xícaras de café. Sabe-se que a União\nEuropeia, onde o teste ocorreu, classifica a toxicidade de\numa dada substância conforme tabela a seguir.\nCategoria | DL50 (mg/kg de massa corporal)\nmuito tóxica | menor que 25\ntóxica | de 25 a 200\nnociva | de 200 a 2000\nConsiderando que a DL – dose necessária de uma dada\n50\nsubstância para matar 50% de uma população – da cafeína\né de 192 mg/kg, no teste realizado a dose aplicada foi\ncerca de",
    "number": 18,
    "id": "UNICAMP_2019_18",
    "alternatives": [
        "a) 100 vezes maior que a DL da cafeína, substância\n50\nque deve ser classificada como nociva.",
        "b) duas vezes maior que a DL da cafeína, substância\n50\nque deve ser classificada como tóxica.",
        "c) 100 vezes maior que a DL da cafeína, substância\n50\nque deve ser classificada como tóxica.",
        "d) duas vezes maior que a DL da cafeína, substância\n50\nque deve ser classificada como nociva."
    ],
    "associated_images": [],
    "answer": "B",
    "has_associated_images": false,
    "alternatives_type": "string",
    "subject": [
        "mathematics"
    ],
    "TU": false,
    "IU": false,
    "MR": true,
    "ML": false,
    "BK": false,
    "PRK": true
}