{
    "question": "Fake News ou não? Hoje em dia, a disponibilidade de\ninformações é muito grande, mas precisamos saber\ninterpretá-las corretamente. Um artigo na internet tem o\nseguinte título: “Glutamato monossódico, o sabor que\nmata!”. Em determinado ponto do texto, afirma-se:\n“Só para você ter ideia dos riscos, organizações\ninternacionais de saúde indicam que a ingestão diária de\nsódio para cada pessoa seja de 2,3 gramas. O glutamato é\ncomposto por 21% de sódio e, com certeza, não será o\núnico tempero a ser acrescentado ao seu almoço ou jantar.\nAlém disso, o realçador (glutamato) só conta um terço do\nnutriente que é encontrado no sal de cozinha.”\nDados de massas molares em g·mol-1: sódio = 23, cloreto =\n35,5, glutamato monossódico = 169.\nPara tornar a argumentação do artigo mais consistente do\nponto de vista químico, você sugeriria a seguinte reescrita\ndos trechos destacados:",
    "number": 19,
    "id": "UNICAMP_2019_19",
    "alternatives": [
        "a) “A porcentagem em massa de sódio no realçador\n(glutamato) é de 13,6%.”; “Por outro lado, o realçador só\nconta com cerca de um terço do nutriente que é\nencontrado no sal de cozinha.”.",
        "b) “A porcentagem em massa de sódio no realçador\n(glutamato) é de 39,3%.”; “Além disso, o realçador contém\ncerca de três vezes mais nutriente do que o encontrado\nno sal de cozinha.”.",
        "c) “A porcentagem em massa de sódio no realçador\n(glutamato) é de 11,2%.”; “Por outro lado, o realçador\nconta com cerca de um terço do nutriente que é\nencontrado no sal de cozinha.”.",
        "d) “A porcentagem em massa de sódio no realçador\n(glutamato) é de 21,0%.”; “Além disso, o realçador contém\ncerca de três vezes mais nutriente do que o encontrado\nno sal de cozinha.”."
    ],
    "associated_images": [],
    "answer": "A",
    "has_associated_images": false,
    "alternatives_type": "string",
    "subject": [
        "mathematics",
        "chemistry"
    ],
    "TU": false,
    "IU": false,
    "MR": true,
    "ML": false,
    "BK": false,
    "PRK": true
}