{
    "question": "De tempos em tempos, o mundo se choca com notícias\nsobre o uso de armas químicas em conflitos. O sarin é um\ncomposto organofosforado líquido, insípido, incolor e\ninodoro, altamente volátil, que se transforma em gás\nquando exposto ao ar, sendo um dos principais alvos\ndessas notícias. Em 1955, um projeto confidencial do\nexército americano estudou a eficiência de hipoclorito na\neliminação de sarin em ambientes contaminados. A tabela\na seguir mostra alguns resultados obtidos nesse estudo.\n[IMAGE 0]\nSendo t o tempo para a concentração do sarin cair à\n1/2\nmetade, de acordo com a tabela a reação é mais rápida em",
    "number": 20,
    "id": "UNICAMP_2019_20",
    "alternatives": [
        "a) maiores concentrações de hipoclorito, mas não há\nelementos suficientes para analisar a influência da\nacidez do meio reacional.",
        "b) menores concentrações de hipoclorito, mas não há\nelementos suficientes para analisar a influência da\nacidez do meio reacional.",
        "c) meios mais ácidos, mas não há elementos suficientes\npara analisar a influência da concentração do\nhipoclorito.",
        "d) meios menos ácidos, mas não há elementos\nsuficientes para analisar a influência da concentração\ndo hipoclorito."
    ],
    "associated_images": [
        "imgs/UNICAMP/2019/20/0.jpg"
    ],
    "answer": "D",
    "has_associated_images": true,
    "alternatives_type": "string",
    "subject": [
        "chemistry"
    ],
    "TU": true,
    "IU": false,
    "MR": true,
    "ML": false,
    "BK": false,
    "PRK": false
}