{
    "question": "Recentemente, o FDA aprovou nos EUA a primeira terapia\npara o tratamento da fenilcetonúria, doença que pode ser\nidentificada pelo teste do pezinho. Resumidamente, a\ndoença leva ao acúmulo de fenilalanina no corpo, já que\nela deixa de ser transformada em tirosina, em função da\ndeficiência da enzima fenilalanina hidroxilase (PAH). As\ncurvas do gráfico a seguir podem representar o processo\nmetabólico da conversão de fenilalanina em tirosina em\ndois indivíduos: um normal e outro que apresenta a\nfenilcetonúria.\n[IMAGE 0]\nConsiderando o gráfico e as características da doença, é\ncorreto afirmar que o eixo y corresponde à concentração\nde",
    "number": 24,
    "id": "UNICAMP_2019_24",
    "alternatives": [
        "a) tirosina e a curva 1 pode ser correlacionada a um\nindivíduo que apresenta a fenilcetonúria.",
        "b) fenilalanina e a curva 1 pode ser correlacionada a um\nindivíduo que apresenta a fenilcetonúria.",
        "c) tirosina e a curva 2 pode ser correlacionada a um\nindivíduo que apresenta a fenilcetonúria.",
        "d) fenilalanina e a curva 2 pode ser correlacionada a um\nindivíduo que apresenta a fenilcetonúria."
    ],
    "associated_images": [
        "imgs/UNICAMP/2019/24/2.jpg"
    ],
    "answer": "C",
    "has_associated_images": true,
    "alternatives_type": "string",
    "subject": [
        "chemistry"
    ],
    "TU": false,
    "IU": false,
    "MR": true,
    "ML": false,
    "BK": false,
    "PRK": true
}