{
    "question": "Pesquisas mostram que a curcumina — substância\nextraída da cúrcuma — pode ser usada como\nfotossensibilizador na terapia fotodinâmica (TFD). Nessa\ntécnica, se houver absorção de luz pelo fotossensibilizador,\nque está na célula, ocorre reação com o oxigênio molecular\ngerando espécies químicas citotóxicas, que promovem a\noxidação de lipídios, aminoácidos e proteínas, levando à\nmorte celular. Deste modo, a TFD pode ser usada para o\ntratamento de câncer, lesões pré-malignas, etc. O gráfico a\nseguir mostra a intensidade de absorção de luz pela\ncurcumina e a intensidade de emissão de luz de dois\nLEDs, um vermelho e um branco, em função do\ncomprimento de onda da luz.\n(Adaptado de http://cepof.ifsc.usp.br/pesquisa/terapia-fotodinamica. Acessado\nem 15/07/2018.)\n[IMAGE 0]\nLevando em conta o gráfico e os princípios da TFD\napresentados no enunciado, para o uso de curcumina na\nTFD,",
    "number": 25,
    "id": "UNICAMP_2019_25",
    "alternatives": [
        "a) somente o LED vermelho seria adequado.",
        "b) somente o LED branco seria adequado.",
        "c) os dois LEDs seriam adequados.",
        "d) nenhum dos LEDs seria adequado."
    ],
    "associated_images": [
        "imgs/UNICAMP/2019/25/0.jpg"
    ],
    "answer": "B",
    "has_associated_images": true,
    "alternatives_type": "string",
    "subject": [
        "chemistry"
    ],
    "TU": false,
    "IU": true,
    "MR": true,
    "ML": false,
    "BK": false,
    "PRK": true
}