{
    "question": "10 PORTOS BRASILEIROS QUE MAIS EXPORTARAM\nPARA O MUNDO EM 2017\n[IMAGE 0]\n(Adaptado de ANTAQ, 2018. Disponível em\nhttp://antaq.gov.br/Portal/pdf/PortosOrganizados.pdf. Acessado em 20/08/2018.)\nConsiderando o mapa anterior e seus conhecimentos\nsobre o mercado externo brasileiro, componente\nfundamental da economia nacional, assinale a alternativa\nque associa corretamente um porto brasileiro, a principal\nmercadoria exportada e seu destino.",
    "number": 26,
    "id": "UNICAMP_2019_26",
    "alternatives": [
        "a) Angra dos Reis: soja in natura, destinada\nprimordialmente ao mercado do leste europeu.",
        "b) Vitória: automóveis, destinados primordialmente ao\nmercado do Oriente Médio.",
        "c) Itaqui: minério de ferro, destinado primordialmente ao\nmercado asiático.",
        "d) Vila do Conde: motocicletas, destinadas\nprimordialmente ao mercado africano."
    ],
    "associated_images": [
        "imgs/UNICAMP/2019/26/1.jpg"
    ],
    "answer": "C",
    "has_associated_images": true,
    "alternatives_type": "string",
    "subject": [
        "geography"
    ],
    "TU": false,
    "IU": true,
    "MR": false,
    "ML": false,
    "BK": true,
    "PRK": true
}