{
    "question": "O gráfico a seguir mostra que o Brasil tem registrado, nos\núltimos anos, crescimento da violência no campo. Assinale\na alternativa que indica corretamente o que vem motivando\nesse fenômeno e em que região tem predominado esse\ntipo de ocorrência.\n[IMAGE 0]\n(Fonte: Centro de Documentação Dom Tomás Balduino – CPT.)",
    "number": 27,
    "id": "UNICAMP_2019_27",
    "alternatives": [
        "a) A expulsão de agricultores familiares pelo avanço das\nculturas da cana-de-açúcar e do algodão tem gerado\nconflitos entre pequenos e grandes proprietários de\nterra; região Centro-Oeste.",
        "b) A fragmentação da propriedade em áreas de\ncolonização dirigida e a disputa pela posse da terra\nentre herdeiros vêm produzindo violência agrária;\nregião Norte.",
        "c) A rivalidade entre trabalhadores rurais e criadores\nextensivos de gado bovino no Pantanal e nas\nchapadas mato-grossenses tem resultado em violência\nagrária; região Centro-Oeste.",
        "d) A disputa pela terra envolvendo grileiros contra\nposseiros em áreas de expansão de monocultivos e de\nprojetos de exploração mineral e madeireira tem\ngerado violência; região Norte."
    ],
    "associated_images": [
        "imgs/UNICAMP/2019/27/0.png"
    ],
    "answer": "D",
    "has_associated_images": true,
    "alternatives_type": "string",
    "subject": [
        "geography"
    ],
    "TU": false,
    "IU": true,
    "MR": false,
    "ML": false,
    "BK": true,
    "PRK": true
}