{
    "question": "Compreender a dinâmica de vazão dos rios é fundamental\npara o gerenciamento dos recursos hídricos, pois a\ncaptação de água atende a diferentes necessidades da\nsociedade e pode ser comprometida em caso de estiagem\nextrema. Os gráficos de Regime Fluvial a seguir mostram a\nvazão de dois rios brasileiros ao longo do ano.\n[IMAGE 0]\n[IMAGE 1]\n(Fonte: Agência Nacional de Águas, ANA.)\nConsiderando as informações dos gráficos e seus\nconhecimentos, assinale a alterativa correta.",
    "number": 29,
    "id": "UNICAMP_2019_29",
    "alternatives": [
        "a) O volume correspondente à vazão dos dois rios é\nsimilar, e o volume de chuvas responsáveis pela\nrecarga desses cursos d’água é o mesmo.",
        "b) Os dois rios possibilitam, durante todo o ano, o\nabastecimento humano, a geração de energia, a\nnavegação e a pesca.",
        "c) A captação de água nos rios A e B pode ocorrer\ndurante todo o ano, pois em ambos há excesso de\nágua no verão e deficit no inverno.",
        "d) Os rios apresentam regimes fluviais diferentes: o rio A\ncorresponde ao Regime Pluvial Tropical e o rio B\nrepresenta o Regime Pluvial Semiárido."
    ],
    "associated_images": [
        "imgs/UNICAMP/2019/29/0.jpg",
        "imgs/UNICAMP/2019/29/1.jpg"
    ],
    "answer": "D",
    "has_associated_images": true,
    "alternatives_type": "string",
    "subject": [
        "mathematics",
        "geography"
    ],
    "TU": false,
    "IU": true,
    "MR": false,
    "ML": false,
    "BK": false,
    "PRK": true
}