{
    "question": "[IMAGE 0]\n(Fonte: Deficit Habitacional no Brasil, 2015. Belo Horizonte: Fundação João\nPinheiro, 2018.)\nCom base em seus conhecimentos e nos dados do gráfico,\nassinale a alternativa correta.",
    "number": 30,
    "id": "UNICAMP_2019_30",
    "alternatives": [
        "a) O deficit habitacional no Brasil vem sendo enfrentado\ncom a construção de novos domicílios, o que tem\nresolvido satisfatoriamente a questão da moradia.",
        "b) Os dados do gráfico confirmam que, em qualquer área\ndo território brasileiro, há mais domicílios vagos em\ncondições de serem ocupados que deficit habitacional.",
        "c) É muito provável que todas as classes sociais\nmoradoras nas cidades no Brasil sejam igualmente\natingidas pelo fenômeno urbano de deficit habitacional.",
        "d) A correlação entre domicílios vagos e deficit\nhabitacional explica-se, em grande medida, pela\nespeculação imobiliária, que mantém imóveis\nfechados."
    ],
    "associated_images": [
        "imgs/UNICAMP/2019/30/1.jpg"
    ],
    "answer": "D",
    "has_associated_images": true,
    "alternatives_type": "string",
    "subject": [
        "mathematics",
        "geography"
    ],
    "TU": false,
    "IU": true,
    "MR": true,
    "ML": false,
    "BK": true,
    "PRK": true
}