{
    "question": "Dois amigos planejaram assistir à abertura da Copa do\nMundo em Moscou. Eles partiram no dia 10 de junho de\n2018 do Aeroporto Presidente Juscelino Kubitschek\n(Brasília), situado a 45° de longitude Oeste, às 16 horas,\ncom destino ao Aeroporto de Heathrow (Londres), situado\na 0° de longitude. O voo teve duração de 10 horas. Os dois\namigos esperaram por três horas para partirem em direção\nao Aeroporto Internacional Domodedovo (Moscou), situado\na 60º de longitude Leste, e o segundo voo durou quatro\nhoras.\nCom base nessas informações e considerando que o\ncontinente europeu adota, neste período do ano, o horário\nde verão, que adianta os relógios em uma hora, indique o\ndia e a hora em que os dois amigos chegaram ao\nAeroporto Internacional Domodedovo em Moscou.",
    "number": 32,
    "id": "UNICAMP_2019_32",
    "alternatives": [
        "a) 11 de junho, às 13 horas.",
        "b) 11 de junho, às 16 horas.",
        "c) 11 de junho, às 17 horas.",
        "d) 10 de junho, às 16 horas."
    ],
    "associated_images": [],
    "answer": "C",
    "has_associated_images": false,
    "alternatives_type": "string",
    "subject": [
        "mathematics",
        "geography"
    ],
    "TU": false,
    "IU": false,
    "MR": true,
    "ML": false,
    "BK": false,
    "PRK": true
}