{
    "question": "[IMAGE 0]*As setas da figura indicam somente a direção da\nmovimentação das placas tectônicas.\n(Adaptado de J.F. Petersen, D. Sack e R. E. Glabler, Fundamentos de Geografia\nFísica. São Paulo: Cengage, 2015, p. 277.)\nEventos sísmicos de grande magnitude causam imensos\ndanos. As ondas sísmicas que se originam nesses eventos\ne que se propagam no interior da Terra são de dois tipos:\nlongitudinais e transversais. A figura anterior representa um\ntipo de contato entre placas que dá origem a ondas\nsísmicas. Esse tipo de contato ocorre",
    "number": 36,
    "id": "UNICAMP_2019_36",
    "alternatives": [
        "a) na Califórnia (EUA), e as ondas longitudinais são\naquelas em que a oscilação se dá na direção de\npropagação.",
        "b) nos Andes (Chile), e as ondas transversais são\naquelas em que a oscilação se dá perpendicularmente\nà direção de propagação.",
        "c) na Califórnia (EUA), e as ondas longitudinais são\naquelas em que a oscilação se dá perpendicularmente\nà direção de propagação.",
        "d) nos Andes (Chile), e as ondas transversais são\naquelas em que a oscilação se dá na direção de\npropagação."
    ],
    "associated_images": [
        "imgs/UNICAMP/2019/36/1.jpg"
    ],
    "answer": "A",
    "has_associated_images": true,
    "alternatives_type": "string",
    "subject": [
        "geography"
    ],
    "TU": false,
    "IU": true,
    "MR": false,
    "ML": false,
    "BK": false,
    "PRK": true
}