{
    "question": "O termo smog se forma pela junção das palavras smoke\n(fumo) e fog (neblina). Ele designa o resultado da mistura\nde um processo natural (a neblina) com os fumos\nproduzidos pela atividade industrial e queima de\ncombustíveis fósseis, originando um tipo de nevoeiro que\npode ser altamente tóxico. Esse fenômeno afeta\nprincipalmente as metrópoles, como São Paulo, detentora\nde 30% da frota de automóveis no Brasil. Um fato\ninteressante ocorreu em 2018, com a greve dos\ncaminhoneiros: a poluição caiu pela metade, segundo a\nCetesb. Com a falta de combustíveis, houve menor\ncirculação de carros na capital; além disso, a greve teve\nimpacto na produção industrial, pela falta de insumos e de\npessoal. Especialistas esperam que essa situação atípica\nna cidade leve à criação de políticas públicas voltadas à\ndiminuição da poluição atmosférica.\nMédias de Umidade Relativa e Temperatura\n[IMAGE 0]\n(Fonte: Estação Meteorológica São Paulo (Mirante de\nSantana) – A701 – INMET, 2018.)\nConsiderando que houve redução de smog na cidade de\nSão Paulo durante a greve dos caminhoneiros e levando\nem conta as condições climáticas descritas no gráfico,\ninfere-se que ocorreu maior redução do",
    "number": 37,
    "id": "UNICAMP_2019_37",
    "alternatives": [
        "a) smog fotoquímico, que ocorre em presença de luz, é\ncomum nos dias mais quentes e secos, e tem sua\norigem nos gases liberados pelos automóveis, cuja\ncomposição contém dióxido de enxofre e material\nparticulado.",
        "b) smog fotoquímico, que ocorre em presença de luz, é\ncomum nos dias mais frios e úmidos, e tem sua origem\nnos gases liberados pela atividade industrial, cuja\ncomposição contém dióxido de nitrogênio e\nhidrocarbonetos não queimados.",
        "c) smog industrial, que acompanha a inversão térmica, é\ncomum nos dias mais quentes e secos, e tem sua\norigem nos gases liberados pelos automóveis, cuja\ncomposição contém dióxido de nitrogênio e\nhidrocarbonetos não queimados.",
        "d) smog industrial, que acompanha a inversão térmica, é\ncomum nos dias mais frios e úmidos, e tem sua origem\nnos gases liberados pela atividade industrial, cuja\ncomposição contém dióxido de enxofre e material\nparticulado."
    ],
    "associated_images": [
        "imgs/UNICAMP/2019/37/1.jpg"
    ],
    "answer": "D",
    "has_associated_images": true,
    "alternatives_type": "string",
    "subject": [
        "chemistry",
        "geography"
    ],
    "TU": true,
    "IU": true,
    "MR": false,
    "ML": false,
    "BK": false,
    "PRK": true
}