{
    "question": "\nNas questões seguintes, sempre que necessário, use\naceleração da gravidade g = 10 m/s2, aproxime π = 3,0 e\n1 atm =105 Pa.O físico inglês Stephen Hawking (1942-2018), além de\nsuas contribuições importantes para a cosmologia, a física\nteórica e sobre a origem do universo, nos últimos anos de\nsua vida passou a sugerir estratégias para salvar a raça\nhumana de uma possível extinção, entre elas, a mudança\npara outro planeta. Em abril de 2018, uma empresa\namericana, em colaboração com a Nasa, lançou o satélite\nTESS, que analisará cerca de vinte mil planetas fora do\nsistema solar. Esses planetas orbitam estrelas situadas a\nmenos de trezentos anos-luz da Terra, sendo que um\nano-luz é a distância que a luz percorre no vácuo em um\nano. Considere um ônibus espacial atual que viaja a uma\nvelocidade média v = 2,0 ×10⁴ km/s. O tempo que esse\nônibus levaria para chegar a um planeta a uma distância\nde 100 anos-luz é igual a\n(Dado: A velocidade da luz no vácuo é igual a\nc = 3,0 ×1 08 m/s.)",
    "number": 38,
    "id": "UNICAMP_2019_38",
    "alternatives": [
        "a) 66 anos.",
        "b) 100 anos.",
        "c) 600 anos.",
        "d) 1500 anos."
    ],
    "associated_images": [],
    "answer": "D",
    "has_associated_images": false,
    "alternatives_type": "string",
    "subject": [
        "physics"
    ],
    "TU": false,
    "IU": false,
    "MR": true,
    "ML": false,
    "BK": false,
    "PRK": true
}