{
    "question": "\nNas questões seguintes, sempre que necessário, use\naceleração da gravidade g = 10 m/s2, aproxime π = 3,0 e\n1 atm =105 Pa.\nEm uma pescaria é utilizada uma linha com boia e anzol.\nInicialmente, na posição de espera, a linha acima da boia\nmantém-se frouxa e a boia flutua, ficando com 1/3 do seu\nvolume submerso (figura 1). Quando o peixe é fisgado, a\nboia é puxada, ficando totalmente submersa e\nmomentaneamente parada; simultaneamente, a linha que a\nune ao anzol fica esticada verticalmente (figura 2).\n [IMAGE 0]\n A parte\nsuperior da linha, acima da boia, mantém-se frouxa. Nessa\nsituação, quanto vale o módulo da tensão da linha que une\na boia ao anzol? Despreze as massas da linha e do anzol,\nbem como o atrito viscoso com a água.",
    "number": 39,
    "id": "UNICAMP_2019_39",
    "alternatives": [
        "a) O peso da boia.",
        "b) O dobro do peso da boia.",
        "c) O peso do peixe menos o peso da boia.",
        "d) O peso do peixe menos o dobro do peso da boia."
    ],
    "associated_images": [
        "imgs/UNICAMP/2019/39/0.jpg"
    ],
    "answer": "B",
    "has_associated_images": true,
    "alternatives_type": "string",
    "subject": [
        "physics"
    ],
    "TU": false,
    "IU": false,
    "MR": true,
    "ML": false,
    "BK": false,
    "PRK": true
}