{
    "question": "\nTexto comum às questões 40, 41 e 42\nDrones vêm sendo utilizados por empresas americanas\npara monitorar o ambiente subaquático. Esses drones\npodem substituir mergulhadores, sendo capazes de\nrealizar mergulhos de até cinquenta metros de\nprofundidade e operar por até duas horas e meia.\nConsidere um drone que utiliza uma bateria com carga\ntotal q =900 mAh . Se o drone operar por um intervalo de\ntempo igual a ∆t =90 min, a corrente média fornecida\npela bateria nesse intervalo de tempo será igual a",
    "number": 40,
    "id": "UNICAMP_2019_40",
    "alternatives": [
        "a) 10 mA.",
        "b) 600 mA.",
        "c) 1350 mA.",
        "d) 81000 mA."
    ],
    "associated_images": [],
    "answer": "B",
    "has_associated_images": false,
    "alternatives_type": "string",
    "subject": [
        "physics"
    ],
    "TU": false,
    "IU": false,
    "MR": true,
    "ML": false,
    "BK": false,
    "PRK": true
}