{
    "question": "As cirurgias corretivas a laser para a visão estão cada vez\nmais eficientes. A técnica corretiva mais moderna é\nbaseada na extração de um pequeno filamento da córnea,\nmodificando a sua curvatura. No caso de uma cirurgia para\ncorreção de miopia, o procedimento é feito para deixar a\ncórnea mais plana. Assinale a alternativa que explica\ncorretamente o processo de correção da miopia.",
    "number": 46,
    "id": "UNICAMP_2019_46",
    "alternatives": [
        "a) Na miopia, a imagem do ponto remoto se forma antes\nda retina e a cirurgia visa a aumentar a distância focal\nda lente efetiva do olho.",
        "b) Na miopia, a imagem do ponto remoto se forma depois\nda retina e a cirurgia visa a aumentar a distância focal\nda lente efetiva do olho.",
        "c) Na miopia, a imagem do ponto remoto se forma depois\nda retina e a cirurgia visa a diminuir a distância focal\nda lente efetiva do olho.",
        "d) Na miopia, a imagem do ponto remoto se forma antes\nda retina e a cirurgia visa a diminuir a distância focal\nda lente efetiva do olho."
    ],
    "associated_images": [],
    "answer": "A",
    "has_associated_images": false,
    "alternatives_type": "string",
    "subject": [
        "physics"
    ],
    "TU": false,
    "IU": false,
    "MR": false,
    "ML": false,
    "BK": false,
    "PRK": true
}