{
    "question": "A prestigiada revista Science elegeu como um dos\nprincipais avanços científicos de 2017 um caso de terapia\ngênica em crianças portadoras de atrofia muscular espinhal\ndo tipo 1, uma doença genética caracterizada pela atrofia\nprogressiva dos músculos esqueléticos e morte precoce\nantes dos 2 anos de idade. A doença é causada por um\ngene defeituoso, que deixa de codificar uma proteína\nessencial para o funcionamento dos neurônios. No estudo,\nvírus não patogênicos que continham uma cópia normal do\ngene em questão foram injetados em quinze crianças\ndoentes. As crianças tratadas sobreviveram além dos 2\nanos e apresentaram melhoras na capacidade de\nmovimento.\nAssinale a alternativa que preenche corretamente as\nlacunas na frase a seguir.\nOs vírus injetados nas crianças foram capazes de (i)\n________, restaurando a produção (ii) _________, que\npassaram, então, a controlar adequadamente (iii)\n_________.",
    "number": 48,
    "id": "UNICAMP_2019_48",
    "alternatives": [
        "a) (i) atingir a medula óssea e introduzir nas células-\ntronco a cópia normal do gene; (ii) de neurônios no\ncérebro; (iii) a medula espinhal e, portanto, os\nmúsculos.",
        "b) (i) atingir a medula espinhal e remover dos neurônios a\ncópia defeituosa do gene; (ii) de hormônios; (iii) a\ngeração de impulsos elétricos e os músculos.",
        "c) (i) atingir a medula espinhal e introduzir nos neurônios\na cópia normal do gene; (ii) da proteína essencial à\nfunção dos neurônios da medula; (iii) os músculos.",
        "d) (i) atingir a medula óssea e induzir a produção de\nlinfócitos do sangue; (ii) de anticorpos contra o vírus;\n(iii) a infecção, restaurando os movimentos das\ncrianças."
    ],
    "associated_images": [],
    "answer": "C",
    "has_associated_images": false,
    "alternatives_type": "string",
    "subject": [
        "biology"
    ],
    "TU": true,
    "IU": false,
    "MR": false,
    "ML": false,
    "BK": false,
    "PRK": true
}