{
    "question": "A \"maravilha\" (Mirabilis jalapa) é uma planta ornamental\nque pode apresentar três tipos de fenótipo: plantas com\nramos verde-escuro, plantas com ramos brancos e plantas\nmescladas. Plantas mescladas possuem ramos verde-\nescuro, ramos brancos e ramos variegados. Como mostra\na figura a seguir, todas as células de ramos verde-escuro\npossuem cloroplastos normais (com clorofila). Todas as\ncélulas de ramos brancos possuem cloroplastos mutantes\n(sem clorofila). Ramos variegados contêm células com\ncloroplastos normais, células com cloroplastos mutantes e\ncélulas com ambos os tipos de cloroplasto.\n[IMAGE 0]\n(Disponível em http://www.chegg.com/homework-help/.)\nNa formação de sementes, os cloroplastos são herdados\napenas dos óvulos. A progênie resultante da fertilização de\nóvulos de flores presentes em um ramo variegado com\npólen proveniente de flores de um ramo verde-escuro\nconterá",
    "number": 49,
    "id": "UNICAMP_2019_49",
    "alternatives": [
        "a) apenas plantas com ramos de folhas brancas.",
        "b) plantas dos três tipos fenotípicos.",
        "c) apenas plantas mescladas.",
        "d) apenas plantas com ramos de folhas verde-escuro."
    ],
    "associated_images": [
        "imgs/UNICAMP/2019/49/0.jpg"
    ],
    "answer": "B",
    "has_associated_images": true,
    "alternatives_type": "string",
    "subject": [
        "biology"
    ],
    "TU": true,
    "IU": true,
    "MR": false,
    "ML": false,
    "BK": false,
    "PRK": true
}