{
    "question": "Leia o texto a seguir, publicado no Instagram e em um livro\ndo @akapoeta João Doederlein.\n[IMAGE 0]\n(João Doederlein, O livro dos ressignificados. São Paulo: Paralela, 2017, p. 17.)\nA ressignificação de estrela ocorre porque o verbete\napresenta",
    "number": 5,
    "id": "UNICAMP_2019_5",
    "alternatives": [
        "a) diversas acepções dessa palavra de modo amplo,\nliteral e descritivo.",
        "b) cinco definições da palavra relativas à realidade e uma\ndefinição figurada.",
        "c) vários contextos de uso que evidenciam o caráter\nexpositivo do gênero verbete.",
        "d) uma entrada formal de dicionário e acepções que\nexpressam visões particulares."
    ],
    "associated_images": [
        "imgs/UNICAMP/2019/5/1.jpg"
    ],
    "answer": "D",
    "has_associated_images": true,
    "alternatives_type": "string",
    "subject": [
        "portuguese"
    ],
    "TU": true,
    "IU": false,
    "MR": false,
    "ML": false,
    "BK": false,
    "PRK": false
}