{
    "question": "No ano de 2015, foi descrito o fóssil de um réptil que viveu\nhá 150 milhões de anos onde hoje é a região Nordeste do\nBrasil. Conforme ilustra a figura a seguir, esse animal\napresenta corpo alongado, com muitas vértebras e\ncostelas, e membros anteriores e posteriores reduzidos (a\nseta indica a região ampliada no canto inferior esquerdo).\nPor sua anatomia peculiar, um grande debate teve início\nsobre a posição que esse animal deveria ocupar na árvore\nda vida.\n[IMAGE 0]\n(David M. Martill e outros, A four-legged snake from the Early Cretaceous of\nGondwana. Science, Nova Iorque, v. 349, fasc. 6246, p. 416-419, jul. 2015.)\nSabe-se que os lagartos (que geralmente têm membros) e\nas serpentes (seres ápodes) que vivem atualmente têm um\nancestral comum. Sendo assim, o organismo ilustrado na\nfigura",
    "number": 50,
    "id": "UNICAMP_2019_50",
    "alternatives": [
        "a) não pode pertencer à linhagem evolutiva das\nserpentes, pois a perda dos membros anteriores e\nposteriores levaria a um prejuízo à vida do animal, e a\nevolução resulta apenas em melhoria dos organismos.",
        "b) não pode pertencer à linhagem evolutiva das\nserpentes, pois a evolução é gradual e incapaz de\ngerar mudanças drásticas na morfologia de um ser\nvivo, como a perda de membros anteriores e\nposteriores.",
        "c) pode pertencer à linhagem evolutiva das serpentes,\nsendo que seu ancestral comum com os lagartos\npossuía membros, depois perdidos por processos\nevolutivos, originando as serpentes ápodas atuais.",
        "d) pode ser um fóssil de transição, pois os ancestrais das\nserpentes que não utilizavam seus membros com tanta\nfrequência sofreram atrofia desses membros, deixando\nde transferir tal característica para seus descendentes."
    ],
    "associated_images": [
        "imgs/UNICAMP/2019/50/0.jpg"
    ],
    "answer": "C",
    "has_associated_images": true,
    "alternatives_type": "string",
    "subject": [
        "biology"
    ],
    "TU": false,
    "IU": true,
    "MR": false,
    "ML": false,
    "BK": false,
    "PRK": true
}