{
    "question": "O acidente radioativo na usina de Chernobyl, na Ucrânia,\nem 1986, exigiu a evacuação de mais de 100 mil pessoas\nem um raio de 30 km. Até hoje, a região é isolada e o\nacesso público, restrito. Pouco tempo após o acidente,\nmuitos estudos indicaram que vários organismos, entre os\nquais aranhas e insetos, haviam sofrido efeitos negativos\nda radiação. Porém, estudos recentes, utilizando\narmadilhas fotográficas e imagens aéreas, mostraram que\na cidade-fantasma foi ocupada por diversas espécies de\nplantas e animais, cuja abundância tem aumentado na\nregião.\n(Roland Oliphant, 30 years after Chernobyl disaster, wildlife is flourishing in radio-\nactive wasteland, The Telegraph, 24/04/2016.)\nAssinale a alternativa que fornece uma explicação correta\npara o fenômeno descrito no texto anterior.",
    "number": 51,
    "id": "UNICAMP_2019_51",
    "alternatives": [
        "a) A radiação diminui a taxa fotossintética de plantas,\nporém a ação de descontaminação do ambiente pelo\nhomem permite o retorno de populações de plantas e,\nportanto, dos organismos que delas se alimentam.",
        "b) A radiação aumenta a taxa de mutação e acelera o\nmetabolismo de plantas, favorecendo sua taxa\nreprodutiva, o que leva a aumento de suas populações\ne, consequentemente, das populações de herbívoros.",
        "c) A radiação reduz os tumores de animais e plantas,\naumentando a taxa de sobrevivência desses seres\nvivos e, consequentemente, o tamanho de suas\npopulações e das de seus consumidores.",
        "d) A radiação tem impactos negativos sobre animais e\nplantas, porém a ausência de atividade humana no\nambiente contaminado por radiação favorece o\ncrescimento das populações desses organismos."
    ],
    "associated_images": [],
    "answer": "D",
    "has_associated_images": false,
    "alternatives_type": "string",
    "subject": [
        "biology"
    ],
    "TU": true,
    "IU": false,
    "MR": false,
    "ML": false,
    "BK": false,
    "PRK": true
}