{
    "question": "Recentemente, inúmeros casos de doping esportivo foram\nnoticiados, como, por exemplo, aqueles envolvendo a\ndelegação russa nos Jogos Olímpicos do Rio de Janeiro\nem 2016. Um dos métodos mais utilizados no exame\nantidoping é a coleta e análise da urina de atletas, para\nverificação da presença de medicamentos proibidos. O\ncomposto furosemida foi banido pela Agência Mundial\nAntidoping. Sua principal ação é reduzir a reabsorção de\nsódio e cloro a partir da alça do néfron (alça de Henle) em\ndireção aos vasos sanguíneos adjacentes.\nConsiderando essas informações e os conhecimentos\nsobre a fisiologia renal e a excreção em seres humanos, é\ncorreto afirmar que a furosemida",
    "number": 52,
    "id": "UNICAMP_2019_52",
    "alternatives": [
        "a) diminui a produção de urina, impedindo que\nmedicamentos proibidos sejam eliminados nas\namostras a serem analisadas nos testes antidoping.",
        "b) diminui a produção de amônia, mas aumenta a\neliminação de medicamentos pelo rim, resultando em\ndiluição das amostras analisadas nos testes\nantidoping.",
        "c) aumenta a produção de urina, resultando na\ndiminuição da concentração de medicamentos nas\namostras, o que dificulta sua detecção nos testes\nantidoping.",
        "d) aumenta a produção de ureia, o que resulta na diluição\ndas amostras a serem analisadas nos testes\nantidoping e na diminuição da concentração dos\nmedicamentos."
    ],
    "associated_images": [],
    "answer": "C",
    "has_associated_images": false,
    "alternatives_type": "string",
    "subject": [
        "biology"
    ],
    "TU": true,
    "IU": false,
    "MR": false,
    "ML": false,
    "BK": false,
    "PRK": true
}