{
    "question": "A malária representa um dos principais problemas de\nsaúde pública no mundo. Embora a dimensão geográfica\nda transmissão esteja encolhendo no Brasil, o país ainda\nregistra 42% dos casos da doença nas Américas. A\nFundação Oswaldo Cruz, do Rio de Janeiro, recentemente\ndesenvolveu um preparado com alta eficácia antimalárica,\nagora em fase de ensaios clínicos.\n(Fontes: “Desafios para eliminação da malária”, Agência Fapesp, 2017; MAÍRA\nMenezes, “Malária: ensaio clínico aponta alta eficácia e ausência de resistência\na medicamento”, Portal Fiocruz, 2016.)\nLevando em conta seus conhecimentos sobre o ciclo de\nvida do Plasmodium, assinale a alternativa que indica um\npossível mecanismo de ação do preparado antimalárico.",
    "number": 54,
    "id": "UNICAMP_2019_54",
    "alternatives": [
        "a) Alterar a morfologia das hemácias dos mosquitos,\ndiminuindo a taxa de infecção pelo parasita.",
        "b) Impedir a entrada de parasitas nos linfócitos, reduzindo\na carga de gametócitos circulantes.",
        "c) Promover a multiplicação de esporozoítos no fígado,\nreduzindo o número de gametócitos.",
        "d) Inibir a multiplicação de merozoítos nos eritrócitos,\ndiminuindo a carga de parasitas circulantes."
    ],
    "associated_images": [],
    "answer": "D",
    "has_associated_images": false,
    "alternatives_type": "string",
    "subject": [
        "biology"
    ],
    "TU": false,
    "IU": false,
    "MR": false,
    "ML": false,
    "BK": false,
    "PRK": true
}