{
    "question": "[IMAGE 0]\n(Disponível em: http://www.wikipedia.com. Acessado em 10/06/2018.)\nConsiderando as semelhanças e diferenças entre as\nestruturas químicas dos compostos anteriores e seus\nconhecimentos sobre os processos bioquímicos da célula,\nescolha a alternativa que preenche corretamente as\nlacunas no texto a seguir:\n\"O composto (i) __________ pode ser utilizado para inibir\n(ii) ___________, uma vez que tem estrutura química muito\nsemelhante à do (iii) _________________, sendo,\nportanto, erroneamente reconhecido (iv)\n_________________.\"",
    "number": 55,
    "id": "UNICAMP_2019_55",
    "alternatives": [
        "a) (i) tirosina; (ii) a síntese de proteínas; (iii) nucleotídeo\ndAMP; (iv) pelo ribossomo como possível precursor na\ntranscrição.",
        "b) (i) vidarabina; (ii) a replicação do DNA; (iii) nucleotídeo\ndAMP; (iv) pela polimerase como possível precursor na",
        "c) (i) vidarabina; (ii) a síntese de proteínas; (iii) ácido\núrico; (iv) pelo ribossomo como possível precursor na\ntradução.",
        "d) (i) tirosina; (ii) a replicação do DNA; (iii) nucleotídeo\ndAMP; (iv) pela transcritase como possível precursor\ndo DNA."
    ],
    "associated_images": [
        "imgs/UNICAMP/2019/55/0.jpg"
    ],
    "answer": "B",
    "has_associated_images": true,
    "alternatives_type": "string",
    "subject": [
        "chemistry"
    ],
    "TU": true,
    "IU": true,
    "MR": false,
    "ML": false,
    "BK": false,
    "PRK": true
}