{
    "question": "Raros são os cientistas que se dedicam a medir um único\nfenômeno. Mais raro ainda são aqueles que alteram o\ncomportamento da humanidade com suas medições. O\nnorte-americano Charles D. Keeling passou a vida medindo\na quantidade de CO_2 existente na atmosfera,\ndemonstrando que a quantidade desse gás está\naumentando. Em 1958, muito antes do surgimento dos\nmovimentos ecológicos, Keeling desconfiou de que esse\nefeito era devido à queima de combustíveis fósseis. Na\núltima década, a hipótese de Keeling foi testada pela\nanálise de bolhas de ar retidas no gelo polar, revelando\nque a concentração de CO_2 permaneceu inalterada por\nmilênios, aumentando a partir do século XIX.\n(Adaptado de Fernando Reinach, A longa marcha dos grilos canibais. São\nPaulo: Companhia das Letras, 2010, p. 41 - 42.)\nOs experimentos com as bolhas de ar do gelo polar\nindicam que a elevação das emissões de CO_2",
    "number": 56,
    "id": "UNICAMP_2019_56",
    "alternatives": [
        "a) é diretamente proporcional à utilização crescente de\npetróleo (plantas fossilizadas) nos Estados Unidos e\nna China no século XIX, o que propiciou o\ndesenvolvimento de novos equipamentos, tecnologias\ne organizações no mundo do trabalho.",
        "b) está correlacionada com a utilização crescente de\ncarvão mineral (plantas fossilizadas) durante a\nRevolução Industrial, que propiciou o uso da energia a\nvapor e o desenvolvimento de máquinas, levando à\nprodução em larga escala.",
        "c) está associada à utilização crescente de petróleo\n(micro-organismos fossilizados) desde os primórdios\nda Revolução Industrial, caracterizada pelo uso de\nmáquinas para a produção em larga escala e novas\norganizações trabalhistas.",
        "d) é diretamente proporcional à utilização decrescente de\nbiodiesel (micro-organismos fossilizados) na Inglaterra\ndurante a Revolução Industrial, quando esse país\nadotou uma matriz energética baseada no consumo de\npetróleo para fomentar sua economia protecionista."
    ],
    "associated_images": [],
    "answer": "B",
    "has_associated_images": false,
    "alternatives_type": "string",
    "subject": [
        "biology"
    ],
    "TU": true,
    "IU": false,
    "MR": false,
    "ML": false,
    "BK": false,
    "PRK": true
}