{
    "question": "O texto a seguir, extraído de uma reportagem publicada em\num jornal paulista, apresenta conclusões sobre a inclusão\nde Filosofia e Sociologia no Ensino Médio, a partir de\ndados levantados pelo IPEA (Instituto de Pesquisa\nEconômica Aplicada).\nA inclusão de Filosofia e Sociologia como disciplinas\nobrigatórias no Ensino Médio em 2009 prejudicou a\naprendizagem de matemática dos jovens brasileiros,\nprincipalmente os de baixa renda. A conclusão é de um\nestudo inédito que será publicado pelo IPEA. Segundo ele,\na mudança levou as notas de jovens residentes em\nmunicípios com muito baixo Índice de Desenvolvimento\nHumano (IDH), que engloba aspectos da renda,\nescolaridade e saúde, a cair 11,8%, 8,8% e 7,7% em\nredação, matemática e linguagens (que inclui português,\nlíngua estrangeira e outras linguagens), respectivamente.\n(Adaptado de Érica Fraga, “Filosofia e Sociologia obrigatórias derrubam notas\nem Matemática”; em Folha de São Paulo. 16/04/2018.)\nA partir das relações históricas entre as disciplinas\nmencionadas na reportagem e de uma análise crítica da\nconclusão da pesquisa, marque a alternativa correta.",
    "number": 57,
    "id": "UNICAMP_2019_57",
    "alternatives": [
        "a) Desde as diferentes civilizações da Antiguidade até o\npresente, os conhecimentos matemáticos e filosóficos\ntêm se demonstrado incompatíveis, corroborando as\nconclusões do texto. Pitágoras, por exemplo,\nconsiderava que o cosmo, descrito de forma filosófica,\nera regido por relações matemáticas.",
        "b) A Filosofia e a Matemática constituem campos de\nsaber distintos, sendo a lógica uma das possibilidades\nde interface entre as duas ciências, distinção que\nvalida as conclusões do texto. Pascal, por exemplo,\nestabeleceu as bases da análise combinatória a partir\nde argumentos filosóficos.",
        "c) A Filosofia e a Matemática, campos de saber distintos,\ndialogam para produzir conhecimento científico, o que\nnão respalda as conclusões do texto. Descartes, por\nexemplo, desenvolveu o plano de coordenadas para\nrepresentar as relações entre as coisas do mundo e\nsuas proporções matemáticas.",
        "d) Desde as diferentes civilizações da Antiguidade até o\npresente, os conhecimentos matemáticos rivalizam\ncom os conhecimentos filosóficos, como demonstra o\ntexto. Na Academia de Platão, por exemplo, essa\ndisputa era representada pela frase “Quem não é\ngeômetra, não entre”."
    ],
    "associated_images": [],
    "answer": "C",
    "has_associated_images": false,
    "alternatives_type": "string",
    "subject": [
        "portuguese",
        "history",
        "philosophy"
    ],
    "TU": true,
    "IU": false,
    "MR": false,
    "ML": false,
    "BK": false,
    "PRK": true
}