{
    "question": "Uma população de certa espécie é constituída apenas por\ntrês tipos de indivíduos diploides, que diferem quanto ao\ngenótipo em um loco. No total, há um número N_AA de\nindivíduos com genótipo AA, N_Aa de indivíduos com\ngenótipo Aa, e N_aa de indivíduos com genótipo aa.\nConsiderando apenas o loco exposto no enunciado, a\nfrequência do alelo A nessa população é igual a",
    "number": 58,
    "id": "UNICAMP_2019_58",
    "alternatives": [
        "a)𝑁𝐴𝐴/(𝑁𝐴𝐴+𝑁𝐴a)",
        "b)(𝑁𝐴𝐴+𝑁𝐴a)/(𝑁)𝐴𝐴+𝑁𝐴a + 𝑁aa)",
        "c)𝑁𝐴𝐴 +𝑁𝐴a",
        "d)(2𝑁𝐴𝐴+𝑁𝐴a)/2(𝑁𝐴𝐴+𝑁𝐴a+Naa)"
    ],
    "associated_images": [],
    "answer": "B",
    "has_associated_images": false,
    "alternatives_type": "string",
    "subject": [
        "biology"
    ],
    "TU": false,
    "IU": false,
    "MR": false,
    "ML": false,
    "BK": false,
    "PRK": true
}