{
    "question": "A representação decimal de certo número inteiro positivo\ntem dois algarismos. Se o triplo da soma desses\nalgarismos é igual ao próprio número, então o produto dos\nalgarismos é igual a",
    "number": 61,
    "id": "UNICAMP_2019_61",
    "alternatives": [
        "a) 10.",
        "b) 12.",
        "c) 14.",
        "d) 16."
    ],
    "associated_images": [],
    "answer": "C",
    "has_associated_images": false,
    "alternatives_type": "string",
    "subject": [
        "mathematics"
    ],
    "TU": false,
    "IU": false,
    "MR": true,
    "ML": false,
    "BK": false,
    "PRK": false
}