{
    "question": "O sistema de segurança de um aeroporto consiste de duas\ninspeções. Na primeira delas, a probabilidade de um\npassageiro ser inspecionado é de 3/5. Na segunda, a\nprobabilidade se reduz para 1/4. A probabilidade de um\npassageiro ser inspecionado pelo menos uma vez é igual a",
    "number": 62,
    "id": "UNICAMP_2019_62",
    "alternatives": [
        "a) 17/20.",
        "b) 7/10.",
        "c) 3/10.",
        "d) 3/20."
    ],
    "associated_images": [],
    "answer": "B",
    "has_associated_images": false,
    "alternatives_type": "string",
    "subject": [
        "mathematics"
    ],
    "TU": false,
    "IU": false,
    "MR": true,
    "ML": false,
    "BK": false,
    "PRK": false
}