{
    "question": "Sejam k e θ números reais tais que sen θ e cos θ são\nsoluções da equação quadrática 2x²+x+k=0. Então,k\né um número",
    "number": 64,
    "id": "UNICAMP_2019_64",
    "alternatives": [
        "a) irracional.",
        "b) racional não inteiro.",
        "c) inteiro positivo.",
        "d) inteiro negativo"
    ],
    "associated_images": [],
    "answer": "B",
    "has_associated_images": false,
    "alternatives_type": "string",
    "subject": [
        "mathematics"
    ],
    "TU": false,
    "IU": false,
    "MR": true,
    "ML": false,
    "BK": false,
    "PRK": true
}