{
    "question": "No triângulo exibido na figura a seguir, AD é a\nbissetriz do ângulo interno em A, e AD = DB. O ângulo\ninterno em A é igual a\n[IMAGE 0]",
    "number": 65,
    "id": "UNICAMP_2019_65",
    "alternatives": [
        "a) 60°.",
        "b) 70°.",
        "c) 80°.",
        "d) 90°."
    ],
    "associated_images": [
        "imgs/UNICAMP/2019/65/2.jpg"
    ],
    "answer": "C",
    "has_associated_images": true,
    "alternatives_type": "string",
    "subject": [
        "mathematics"
    ],
    "TU": false,
    "IU": false,
    "MR": true,
    "ML": false,
    "BK": false,
    "PRK": true
}