{
    "question": "No triângulo ABC exibido na figura a seguir, M é o ponto\nmédio do lado AB, e N é o ponto médio do lado AC. Se a\nárea do triângulo MBN é igual a t, então a área do triângulo ABC\né igual a\n[IMAGE 0]",
    "number": 66,
    "id": "UNICAMP_2019_66",
    "alternatives": [
        "a) 3𝑡.",
        "b) 2√3𝑡.",
        "c) 4𝑡.",
        "d) 3√2𝑡."
    ],
    "associated_images": [
        "imgs/UNICAMP/2019/66/1.jpg"
    ],
    "answer": "C",
    "has_associated_images": true,
    "alternatives_type": "string",
    "subject": [
        "mathematics"
    ],
    "TU": false,
    "IU": false,
    "MR": true,
    "ML": false,
    "BK": false,
    "PRK": true
}