{
    "question": "A figura a seguir exibe um pentágono em que quatro lados\nconsecutivos têm comprimentos a, b, c e d. Se a sequência (a,b,c,d) \né uma progressão geométrica de razão q>1,\nentão tan 𝜃 é igual a\n[IMAGE 0]",
    "number": 67,
    "id": "UNICAMP_2019_67",
    "alternatives": [
        "a) 1/𝑞",
        "b) q.",
        "c) 𝑞²",
        "d) √𝑞"
    ],
    "associated_images": [
        "imgs/UNICAMP/2019/67/0.jpg"
    ],
    "answer": "A",
    "has_associated_images": true,
    "alternatives_type": "string",
    "subject": [
        "mathematics"
    ],
    "TU": false,
    "IU": false,
    "MR": true,
    "ML": false,
    "BK": false,
    "PRK": true
}