{
    "question": "No plano cartesiano, considere a circunferência de\nequação x²+y²-y+3=0 e a parábola de equação\n 3x²-y+1=0. Essas duas curvas se interceptam em",
    "number": 69,
    "id": "UNICAMP_2019_69",
    "alternatives": [
        "a) um ponto",
        "b) dois pontos.",
        "c) três pontos.",
        "d) quatro pontos"
    ],
    "associated_images": [],
    "answer": "C",
    "has_associated_images": false,
    "alternatives_type": "string",
    "subject": [
        "mathematics"
    ],
    "TU": false,
    "IU": false,
    "MR": true,
    "ML": false,
    "BK": false,
    "PRK": true
}