{
    "question": "Para driblar a censura imposta pela ditadura militar,\ncompositores de música popular brasileira (MPB) valiam-se\ndo que Gilberto Vasconcelos chamou de “linguagem da\nfresta”, expressão inspirada na canção “Festa imodesta”,\nde Caetano Veloso.\n(...)\nNuma festa imodesta como esta\nVamos homenagear\nTodo aquele que nos empresta sua testa\nConstruindo coisas pra se cantar\nTudo aquilo que o malandro pronuncia\nE que o otário silencia\nToda festa que se dá ou não se dá\nPassa pela fresta da cesta e resta a vida.\nAcima do coração que sofre com razão\nA razão que volta do coração\nE acima da razão a rima\nE acima da rima a nota da canção\nBemol natural sustenida no ar\nViva aquele que se presta a esta ocupação\nSalve o compositor popular\n(Gilberto de Vasconcelos, Música popular: de olho na fresta. Rio de Janeiro:\nGraal, 1977.)\nÉ correto afirmar que, na canção, essa “linguagem da\nfresta” transparece",
    "number": 7,
    "id": "UNICAMP_2019_7",
    "alternatives": [
        "a) na contradição entre “festa” e “fresta”, que funciona\ncomo crítica ao malandro.",
        "b) na repetição de palavras com pronúncia semelhante\npara louvar a MPB.",
        "c) na referência à “fresta” como forma de o compositor se\npronunciar.",
        "d) na incoerência da rima entre “festa” e “imodesta” para\nprestigiar o compositor."
    ],
    "associated_images": [],
    "answer": "C",
    "has_associated_images": false,
    "alternatives_type": "string",
    "subject": [
        "portuguese",
        "history"
    ],
    "TU": true,
    "IU": false,
    "MR": false,
    "ML": false,
    "BK": true,
    "PRK": true
}