{
    "question": "Leia o texto a seguir e observe a figura do Homem\nVitruviano.\nAo longo da vida, cada vez mais, Leonardo da Vinci\npassou a perceber que a matemática era a chave para\ntransformar suas observações em teorias. Não existe\ncerteza na ciência em que a matemática não possa ser\naplicada, declarou.\n[IMAGE 0]\n(Adaptado de Walter Isaacson, Leonardo da Vinci. Rio de Janeiro: Intrínseca,\n2017, p. 52.)\nO Homem Vitruviano, Leonardo Da Vinci, 1490.\nAssinale a alternativa que expressa adequadamente a\ncorrelação entre o texto e a imagem.",
    "number": 73,
    "id": "UNICAMP_2019_73",
    "alternatives": [
        "a) Figura emblemática do Renascimento, Leonardo da\nVinci destaca-se pela sua obra pictórica e por seu\ndesenho do Homem Vitruviano. Para ele, arte e ciência\nse baseavam nas relações análogas entre homem e\nnatureza preconizadas pela alquimia.",
        "b) O Homem Vitruviano de Leonardo da Vinci condensa\numa série de estudos do artista, e mesmo a leitura de\numa cópia manuscrita da obra de Vitrúvio. O desenho\nsintetiza uma relação harmônica entre homem e\nmundo pautada pela analogia geométrica.",
        "c) Na linhagem dos artistas-arquitetos-engenheiros\nrenascentistas, Leonardo da Vinci dedicou-se ao\nestudo da perspectiva e especialmente da aritmética,\nbuscando harmonizar as relações entre o homem e\nDeus no Homem Vitruviano.",
        "d) Leitor assíduo da física newtoniana, Leonardo da Vinci\nreconhecia que tanto a aritmética quanto a geometria\npoderiam ser usadas na arte, arquitetura e engenharia.\nNa elaboração do desenho do Homem Vitruviano, ele\ncomprovou esta hipótese."
    ],
    "associated_images": [
        "imgs/UNICAMP/2019/73/1.jpg"
    ],
    "answer": "B",
    "has_associated_images": true,
    "alternatives_type": "string",
    "subject": [
        "history"
    ],
    "TU": true,
    "IU": true,
    "MR": false,
    "ML": false,
    "BK": false,
    "PRK": false
}