{
    "question": "Entre os séculos XVII e XVIII, o nheengatu se tornou a\nlíngua de comunicação interétnica falada por diversos\npovos da Amazônia. Em 1722, a Coroa exortou os\ncarmelitas e os franciscanos a capacitarem seus\nmissionários a falarem esta língua geral amazônica tão\nfluentemente como os jesuítas, já que em 1689 havia\ndeterminado seu ensino aos filhos de colonos.\n(Adaptado de José Bessa Freire, Da “fala boa” ao português na Amazônia\nbrasileira. Ameríndia, Paris, n. 8, 1983, p.25.)\nCom base na passagem acima, assinale a alternativa\ncorreta.",
    "number": 75,
    "id": "UNICAMP_2019_75",
    "alternatives": [
        "a) Os jesuítas criaram um dicionário baseado em línguas\nindígenas entre os séculos XVI e XIX, que foi\namplamente usado na correspondência e na\nadministração colonial nos dois lados do Atlântico.",
        "b) O texto permite compreender a necessidade de o\ncolonizador português conhecer e dominar a língua\npara poder disciplinar os índios em toda a Amazônia\ndurante o período pombalino e no século XIX.",
        "c) O aprendizado dessa língua associava-se aos projetos\nde colonização, visando ao controle da mão de obra\nindígena pelos agentes coloniais, como missionários,\ncolonos e autoridades.",
        "d) A experiência do nheengatu desapareceu no processo\nde exploração da mão de obra indígena na Amazônia\ne em função da interferência da Coroa, que defendia o\nuso da língua portuguesa."
    ],
    "associated_images": [],
    "answer": "C",
    "has_associated_images": false,
    "alternatives_type": "string",
    "subject": [
        "history"
    ],
    "TU": true,
    "IU": false,
    "MR": false,
    "ML": false,
    "BK": true,
    "PRK": true
}