{
    "question": "Tanto que se viu a abundância do ouro que se tirava e a\nlargueza com que se pagava tudo o que lá ia, logo se\nfizeram estalagens e logo começaram os mercadores a\nmandar às Minas Gerais o melhor que chega nos navios do\nReino e de outras partes. De todas as partes do Brasil, se\ncomeçou a enviar tudo o que dá a terra, com lucro não\nsomente grande, mas excessivo. Daqui se seguiu,\nmandarem-se às Minas Gerais as boiadas de Paranaguá, e\nàs do rio das Velhas, as boiadas dos campos da Bahia, e\ntudo o mais que os moradores imaginaram poderia\napetecer-se de qualquer gênero de cousas naturais e\nindustriais, adventícias e próprias.\n(Adaptado de André Antonil, Cultura e Opulência do Brasil. Belo Horizonte:\nItatiaia-Edusp, 1982, p. 169-171.)\nSobre os efeitos da descoberta das grandes jazidas de\nmetais e pedras preciosas no interior da América\nportuguesa na formação histórica do centro-sul do Brasil, é\ncorreto afirmar que:",
    "number": 76,
    "id": "UNICAMP_2019_76",
    "alternatives": [
        "a) A demanda do mercado consumidor criado na zona\nmineradora permitiu a conexão entre diferentes partes\nda Colônia que até então eram pouco integradas.",
        "b) A partir da criação de rotas de comércio entre os\ncampos do sul da Colônia e a região mineradora,\nSorocaba e suas feiras perderam a relevância\neconômica adquirida no século XVII.",
        "c) O desenvolvimento socioeconômico da região das\nminas e do centro-sul levou a Coroa a deslocar a\ncapital da Colônia de Salvador para Ouro Preto em\n1763.",
        "d) Como o solo da região mineradora era infértil, durante\ntodo o século XVIII sua população importava os\nprodutos alimentares de Portugal ou de outras\ncapitanias."
    ],
    "associated_images": [],
    "answer": "A",
    "has_associated_images": false,
    "alternatives_type": "string",
    "subject": [
        "history"
    ],
    "TU": true,
    "IU": false,
    "MR": false,
    "ML": false,
    "BK": true,
    "PRK": true
}