{
    "question": "“Um cego me levou ao pior de mim mesma, pensou\nespantada. Sentia-se banida porque nenhum pobre beberia\nágua nas suas mãos ardentes. Ah! era mais fácil ser um\nsanto que uma pessoa! Por Deus, pois não fora verdadeira\na piedade que sondara no seu coração as águas mais\nprofundas? Mas era uma piedade de leão.”\n(Clarice Lispector, “Amor”, em Laços de família. 20ª ed. Rio de Janeiro:\nFrancisco Alves, 1990, p. 39.)\nAo caracterizar a personagem Ana, a expressão “piedade\nde leão” reúne valores opostos, remetendo\nsimultaneamente à compaixão e à ferocidade. É correto\nafirmar que, no conto “Amor”, essa formulação",
    "number": 8,
    "id": "UNICAMP_2019_8",
    "alternatives": [
        "a) revela um embate de natureza social, já que a pobreza\ndo cego causa náuseas na personagem.",
        "b) expressa o dilema cristão da alma pecadora diante de\nsua incapacidade de fazer o bem.",
        "c) indica um conflito psicológico, uma vez que a\npersonagem não se sente capaz de amar.",
        "d) alude a um contraste moral e existencial que provoca\nna personagem um sentimento de angústia."
    ],
    "associated_images": [],
    "answer": "D",
    "has_associated_images": false,
    "alternatives_type": "string",
    "subject": [
        "portuguese"
    ],
    "TU": true,
    "IU": false,
    "MR": false,
    "ML": false,
    "BK": false,
    "PRK": true
}