{
    "question": "A crise levaria o último governo da ditadura, chefiado pelo\ngeneral João Figueiredo (1979-85), a tomar medidas\ndrásticas. O objetivo inicial era deter a depreciação da\nmoeda nacional, incentivar as exportações e fazer frente\nao aumento do deficit em conta corrente. Assim, a moeda\nfoi desvalorizada em 30% no final de 1979. A medida\nacentuou a desaceleração econômica, o descontrole\ninflacionário e o desarranjo nas contas públicas. Em 1980,\na inflação batia a simbólica marca de 100% ao ano e em\n1981 o país entrava em uma recessão.\n(Adaptado de Gilberto Marangoni, Anos 1980, década perdida ou ganha?\nRevista Desafios do Desenvolvimento, São Paulo, Ano 9, Edição 72, 2012.)\nA partir do texto acima e de seus conhecimentos sobre a\nNova República no Brasil, assinale a alternativa correta.",
    "number": 80,
    "id": "UNICAMP_2019_80",
    "alternatives": [
        "a) A concentração de renda gerada pelo milagre\neconômico, as bolhas especulativas no mercado\nfinanceiro brasileiro, as flutuações no preço do petróleo\ne a alta internacional dos juros ao longo da década de\n1970 foram elementos decisivos para a superação da\ncrise econômica dos anos de 1980.",
        "b) No Brasil dos anos de 1980, a desaceleração\neconômica, o descontrole inflacionário e o desarranjo\nnas contas públicas foram acompanhados pelo\nsilenciamento dos movimentos pelas Diretas Já e dos\ndireitos civis, sendo essa década conhecida como a\n“década perdida”.",
        "c) A crise econômica que se instalou no Brasil a partir de\nmeados dos anos de 1970 gerou pressão sobre o\ngoverno militar do General Figueiredo, que, em\nresposta, aprovou a Lei da Anistia e a Lei Orgânica\ndos Partidos, incentivou o movimento grevista e\ngarantiu a realização de eleições de forma lenta,\ngradual e segura.",
        "d) A chamada década perdida no Brasil foi marcada por\ngrave crise econômica, pela transição para o regime\ndemocrático, pela gradual normalização das\ninstituições políticas próprias da democracia, pelo\nfortalecimento dos movimentos sociais e civis e pela\nefervescência cultural."
    ],
    "associated_images": [],
    "answer": "D",
    "has_associated_images": false,
    "alternatives_type": "string",
    "subject": [
        "history"
    ],
    "TU": true,
    "IU": false,
    "MR": false,
    "ML": false,
    "BK": false,
    "PRK": true
}