{
    "question": "Antes de Copérnico, Kepler e Galileu, os cosmólogos\nelaboravam sistemas que representavam os corpos\ncelestes por meio de esferas encaixadas umas nas outras,\npropostas e desenvolvidas por Eudoxo e Aristóteles, de\nmodo a distinguir os mundos celeste e terrestre. É nesse\ncontexto, caracterizado pela tese de que o cosmo é\ncomposto de dois mundos distintos (céu e Terra), e pelo\naxioma platônico, que deve ser entendido o conteúdo da\ncarta de Kepler (1604). Ele apresenta uma etapa do\nprocesso de rompimento com essa distinção e com o\naxioma platônico. Na carta, Kepler apresenta os\nprocedimentos para obter as duas primeiras leis dos\nmovimentos planetários. A importância disso é tão grande\nque a segunda lei aparece antes da primeira, e a lei das\náreas só se torna operante numa órbita elíptica, não\npodendo ser aplicada às órbitas circulares sem produzir\ndiscrepâncias com relação aos dados observacionais de\nTycho Brahe.\n(Adaptado de Claudemir Roque Tossato, Os primórdios da primeira lei dos\nmovimentos planetários na carta de 14 de dezembro de 1604 de Kepler a\nMästlin. Scientiae Studia, São Paulo, v. 1, n. 2, p. 199-201, jun. 2003.)\nConsiderando o contexto histórico descrito e as leis físicas\napresentadas por Kepler, assinale a alternativa correta.",
    "number": 81,
    "id": "UNICAMP_2019_81",
    "alternatives": [
        "a) Copérnico, Kepler e Galileu fazem parte da chamada\nRevolução Científica que rompe com leituras\nespeculativas do Universo, baseadas em premissas\naristotélicas e tomistas, e propõe análises empiristas\ndo mundo natural. O conceito de órbitas circulares\npara o movimento dos planetas em torno do Sol, em\nque a distância entre o planeta e o Sol permanece\nconstante durante o movimento, foi abandonado por\nKepler.",
        "b) A Revolução Científica da época Moderna propõe a\nruptura com o ideal divino, sendo, por isso, combatida\npela Igreja Católica, que defendia a orquestração\ndivina sobre o mundo humano e natural. O conceito de\nórbitas circulares para o movimento dos planetas em\ntorno do Sol, em que a distância entre o planeta e o\nSol é variável durante o movimento, foi abandonado\npor Kepler.",
        "c) Copérnico, Kepler e Galileu foram perseguidos pela\nIgreja Católica do período Moderno, por representarem\no questionamento dos ideais medievais sobre a\norganização do céu e da Terra e sobre a onipresença\ndivina. O conceito de órbitas circulares para o\nmovimento dos planetas em torno do Sol, para as\nquais a distância entre o planeta e o Sol é variável\ndurante o movimento, foi abandonado por Kepler.",
        "d) A Revolução Científica da época Moderna, incentivada\npela Igreja Católica, propõe a manutenção do\nantropocentrismo medieval, associado aos\nconhecimentos empíricos para a leitura e\nrepresentação do mundo natural. O conceito de órbitas\ncirculares para o movimento dos planetas em torno do\nSol, para as quais a distância entre o planeta e o Sol\npermanece constante durante o movimento, foi\nabandonado por Kepler."
    ],
    "associated_images": [],
    "answer": "A",
    "has_associated_images": false,
    "alternatives_type": "string",
    "subject": [
        "history",
        "physics"
    ],
    "TU": true,
    "IU": false,
    "MR": false,
    "ML": false,
    "BK": false,
    "PRK": true
}