{
    "question": "Touching thermal-paper receipts could extend\nBPA retention in the body\n[IMAGE 0]\nWhen people handle\nreceipts printed on\nthermal paper\ncontaining the\nendocrine disruptor\nbisphenol A (BPA), the\ntoxic chemical could\nlinger in the body for a\nweek or more. Jonathan\nW. Martin of Stockholm University and Jiaying Liu of the\nUniversity of Alberta asked six male volunteers to handle\npaper containing isotopically labeled BPA for five minutes.\nThe volunteers then put on nitrile gloves, wore them for two\nhours, removed them, and washed their hands with soap.\nAfterward, the researchers measured the labeled BPA and\nits metabolites in the volunteers’ urine regularly for two\ndays and then once again a week later. The study only\ntraced the isotopically labeled (deuterated) BPA and its\nmetabolites, so any additional BPA exposure from other\nsources was not monitored.\n(Deirdre Lockwood, Touching thermal-paper receipts could extend BPA retention\nin the body. Chemical & Engineering News, 04/09/2017.)\nO texto discorre sobre uma pesquisa cujo objetivo foi",
    "number": 82,
    "id": "UNICAMP_2019_82",
    "alternatives": [
        "a) determinar como o manuseio de papel térmico pode\ncontaminar uma pessoa com bisfenol A, considerando\nque a concentração foi monitorada utilizando-se um\nBPA em que átomos de 1_H foram substituídos por 2_H.",
        "b) analisar de que forma o uso de luvas nitrílicas lavadas\ncom sabão e contendo BPA deuterado pode\ncontaminar receitas impressas em papel térmico que\ncontém um disruptor endócrino.",
        "c) monitorar, durante uma semana ou mais, a cinética de\neliminação de um disruptor endócrino, bisfenol A\n(BPA), do corpo humano que foi contaminado pelo uso\nde luvas nitrílicas.",
        "d) verificar como um papel térmico deteriorado por\nátomos de 2_H poderia contaminar as mãos de uma\npessoa, mesmo que ela estivesse usando luvas\nnitrílicas durante duas horas e depois as removesse."
    ],
    "associated_images": [
        "imgs/UNICAMP/2019/82/0.jpg"
    ],
    "answer": "A",
    "has_associated_images": true,
    "alternatives_type": "string",
    "subject": [
        "english"
    ],
    "TU": true,
    "IU": false,
    "MR": false,
    "ML": true,
    "BK": false,
    "PRK": true
}