{
    "question": "Largest prime number discovered: with more than 23m\ndigits\nKnown simply as M77232917, the figure is arrived at by\ncalculating two to the power of 77,232,917 and subtracting\none, leaving a gargantuan string of 23,249,425 digits. The\nresult is nearly one million digits longer than the previous\nrecord holder discovered in January 2016. The number\nbelongs to a rare group of so-called Mersenne prime\nnumbers, named after the 17th century French monk Marin\nMersenne. Like any prime number, a Mersenne prime is\ndivisible only by itself and one, but is derived by multiplying\ntwos together over and over before taking away one. The\nprevious record-holding number was the 49th Mersenne\nprime ever found, making the new one the 50th.\n(Adaptado de Ian Sample, “Largest prime number discovered: with more than\n23m digits”. The Guardian, 04/ 01/2018.)\nConsiderando as informações contidas no excerto anterior,\nqual dos números a seguir é um primo de Mersenne?",
    "number": 83,
    "id": "UNICAMP_2019_83",
    "alternatives": [
        "a) 23.",
        "b) 29.",
        "c) 31.",
        "d) 37."
    ],
    "associated_images": [],
    "answer": "C",
    "has_associated_images": false,
    "alternatives_type": "string",
    "subject": [
        "english"
    ],
    "TU": true,
    "IU": false,
    "MR": false,
    "ML": true,
    "BK": false,
    "PRK": false
}