{
    "question": "[IMAGE 0]Adaptado de https://br.pinterest.com. Acessado em 10/06/2018.)\nO post anterior aponta",
    "number": 84,
    "id": "UNICAMP_2019_84",
    "alternatives": [
        "a) as vantagens da globalização para o consumidor e os\nproblemas causados pela imigração.",
        "b) o impacto negativo dos processos migratórios no modo\ncomo as culturas vêm sendo globalizadas.",
        "c) os efeitos da globalização no nosso cotidiano e o\npreconceito contra imigrantes.",
        "d) o consumo excessivo de produtos estrangeiros no\nmundo capitalista contemporâneo."
    ],
    "associated_images": [
        "imgs/UNICAMP/2019/84/1.jpg"
    ],
    "answer": "C",
    "has_associated_images": true,
    "alternatives_type": "string",
    "subject": [
        "english"
    ],
    "TU": true,
    "IU": false,
    "MR": false,
    "ML": true,
    "BK": false,
    "PRK": false
}