{
    "question": "[IMAGE 0]\n(Disponível em https://www.creators.com/read/bruce-beattie/01/11/70433.\nAcessado em 18/03/2018.)\nEste cartum foi criado pelo norte-americano Bruce Beattie,\nem 2011. Nele, o cartunista faz uso da ironia para",
    "number": 85,
    "id": "UNICAMP_2019_85",
    "alternatives": [
        "a) justificar a meritocracia como princípio de\nreconhecimento de igualdade de oportunidades.",
        "b) identificar a garantia do salário mínimo como condição\nsuficiente para a proteção da classe trabalhadora.",
        "c) abordar os efeitos da precarização do trabalho nas\nsociedades contemporâneas.",
        "d) propor que a empregabilidade leva à recuperação da\neconomia e à justiça social."
    ],
    "associated_images": [
        "imgs/UNICAMP/2019/85/2.jpg"
    ],
    "answer": "C",
    "has_associated_images": true,
    "alternatives_type": "string",
    "subject": [
        "english"
    ],
    "TU": true,
    "IU": false,
    "MR": false,
    "ML": true,
    "BK": false,
    "PRK": false
}