{
    "question": "[IMAGE 0]\nWe raise girls to cater to the fragile\negos of men. We teach girls do shrink\nthemselves, to make themselves\nsmaller. We tell girls ‘You can have\nambition, but not too much’. ‘You\nshould aim to be successful, but not too successful,\notherwise you will threaten the man’. (…) We teach girls\nshame – ‘Close your legs, cover yourself!’. We make them\nfeel as though by being born female, they’re already guilty\nof something. And so, girls grow up to be women who\ncannot see they have desire. They grow up to be women\nwho silence themselves. They grow up to be women who\ncannot say what they truly think. And they grow up – and\nthis is the worst thing we do to girls – to be women who\nturn pretense into an art form.\n(Adaptado da palestra “We should all be feminists”, 15/07/2009. Disponível em\nhttps://www.youtube.com/watch?v=hg3umXU_qWc&t=797s. Acessado em\n14/05/2018.)\nO texto anterior reproduz trechos de uma palestra\nproferida pela escritora nigeriana Chimamanda Adichie em\n2009. Segundo a autora, o fato de serem criadas para\nagradar aos homens faz com que as mulheres",
    "number": 86,
    "id": "UNICAMP_2019_86",
    "alternatives": [
        "a) valorizem sua sexualidade ao longo de suas vidas.",
        "b) cresçam vendo a dissimulação como algo normal.",
        "c) sejam ameaçadas, caso se tornem bem-sucedidas.",
        "d) tenham suas vozes silenciadas pelos homens."
    ],
    "associated_images": [
        "imgs/UNICAMP/2019/86/1.jpg"
    ],
    "answer": "B",
    "has_associated_images": true,
    "alternatives_type": "string",
    "subject": [
        "english"
    ],
    "TU": true,
    "IU": false,
    "MR": false,
    "ML": true,
    "BK": false,
    "PRK": false
}