{
    "question": "‘Yes, I’m Italian – but I’m not loud, I don’t\ngesticulate and I’m not good with pizza’\nElena Ferrante\nI love my country, but I have no patriotic spirit and no\nnational pride. What’s more, I digest pizza poorly, I eat very\nlittle spaghetti, I don’t speak in a loud voice, I don’t\ngesticulate, I hate all mafias, I don’t exclaim “Mamma mia!”\nNational characteristics are simplifications that should be\ncontested. Being Italian, for me, begins and ends with the\nfact that I speak and write in the Italian language.\nPut that way it doesn’t seem like much, but really it’s a lot.\nA language is a compendium of the history, geography,\nmaterial and spiritual life, the vices and virtues, not only of\nthose who speak it, but also of those who have spoken it\nthrough the centuries. When I say that I’m Italian because I\nwrite in Italian, I mean that I’m fully Italian in the only way\nthat I’m willing to attribute to myself a nationality. I don’t like\nthe other ways, especially when they become nationalism,\nchauvinism, and imperialism.\n(Adaptado de Elena Ferrante, ‘Yes, I´m Italian – but I´m not loud, I don´t\ngesticulate and I´m not good with pizza’, The Guardian, 24/02/2018.)\nTranscrevem-se, a seguir, versos de canções brasileiras e\nde um poema de Vinícius de Moraes. Assinale a alternativa\nque melhor exemplifica as afirmações de Elena Ferrante.",
    "number": 88,
    "id": "UNICAMP_2019_88",
    "alternatives": [
        "a) “Eu me sinto um estrangeiro.” (Engenheiros do Hawaii,\n“A revolta dos dândis”.)",
        "b) “Pátria Amada, é pra você esta canção/Desesperada,\ncanção de desilusão.” (Inocentes, “Pátria amada”.)",
        "c) “Minha pátria é minha língua.” (Caetano Veloso,\n“Língua”.)",
        "d) “Se me perguntarem o que é a minha pátria, direi:/ Não\nsei. De fato, não sei (...).” (Vinícius de Moraes, “Pátria\nminha”.)"
    ],
    "associated_images": [],
    "answer": "C",
    "has_associated_images": false,
    "alternatives_type": "string",
    "subject": [
        "english"
    ],
    "TU": true,
    "IU": false,
    "MR": false,
    "ML": true,
    "BK": true,
    "PRK": false
}