{
    "question": "Love is not all\nBy Edna St. Vincent Millay\nLove is not all: It is not meat nor drink\nNor slumber nor a roof against the rain;\nNor yet a floating spar to men that sink\nAnd rise and sink and rise and sink again;\nLove cannot fill the thickened lung with breath,\nNor clean the blood, nor set the fractured bone;\nYet many a man is making friends with death\nEven as I speak, for lack of love alone.\nIt well may be that in a difficult hour,\nPinned down by need and moaning for release,\nOr nagged by want past resolution's power,\nI might be driven to sell your love for peace,\nOr trade the memory of this night for food.\nIt may well be. I do not think I would.\n(Disponível em https://www.poemhunter.com/. Acessado em 28/05/2018.)\nDe acordo com o poema,",
    "number": 89,
    "id": "UNICAMP_2019_89",
    "alternatives": [
        "a) por falta de amor, somos derrotados pelas dificuldades\nda vida.",
        "b) há quem busque a companhia da morte por falta de\namor.",
        "c) a rotina diária a que somos submetidos é capaz de pôr\nfim ao amor.",
        "d) é melhor trocar as incertezas do amor por paz de\nespírito."
    ],
    "associated_images": [],
    "answer": "B",
    "has_associated_images": false,
    "alternatives_type": "string",
    "subject": [
        "english"
    ],
    "TU": true,
    "IU": false,
    "MR": false,
    "ML": true,
    "BK": false,
    "PRK": false
}