{
    "question": "“...Nas ruas e casas comerciais já se vê as faixas indicando\nos nomes dos futuros deputados. Alguns nomes já são\nconhecidos. São reincidentes que já foram preteridos nas\nurnas. Mas o povo não está interessado nas eleições, que\né o cavalo de Troia que aparece de quatro em quatro\nanos.”\n(Carolina Maria de Jesus, Quarto de despejo. São Paulo: Ática, 2014, p. 43.)\nO trecho anterior faz parte das considerações políticas que\naparecem repetidamente em Quarto de despejo, de\nCarolina Maria de Jesus. Considerando o conjunto dessas\nobservações, indique a alternativa que resume de modo\nadequado a posição da autora sobre a lógica política das\neleições.",
    "number": 9,
    "id": "UNICAMP_2019_9",
    "alternatives": [
        "a) Por meio das eleições, políticos de determinados\npartidos acabam se perpetuando no exercício do\npoder.",
        "b) Os políticos se aproximam do povo e, depois das\neleições, se esquecem dos compromissos assumidos.",
        "c) Os políticos preteridos são aqueles que acabam\nvencendo as eleições, por força de sua persistência.",
        "d) Graças ao desinteresse do povo, os políticos se\napropriam do Estado, contrariando a própria\ndemocracia."
    ],
    "associated_images": [],
    "answer": "B",
    "has_associated_images": false,
    "alternatives_type": "string",
    "subject": [
        "portuguese"
    ],
    "TU": true,
    "IU": false,
    "MR": false,
    "ML": false,
    "BK": false,
    "PRK": true
}