{
    "question": "GÊNESIS (INTRO) \nDeus fez o mar, as árvore, as criança, o amor \nO homem me deu a favela, o crack, a trairagem \nAs arma, as bebida, as puta \nEu? \nEu tenho uma Bíblia velha, uma pistola automática \nUm sentimento de revolta \nEu tô tentando sobreviver no inferno \n(Racionais Mc's, Sobrevivendo no inferno. São Paulo: Companhia das Letras, \n2018, p. 45.) \n \n“Gênesis” é a segunda canção do álbum Sobrevivendo no \nInferno. É antecedida pela invocação de uma outra canção, \nintitulada “Jorge da Capadócia”, de Jorge Ben.  \nÉ  correto  afirmar  que  as  evocações  dos  elementos \nreligiosos nesse álbum",
    "number": 1,
    "id": "UNICAMP_2021_1",
    "alternatives": [
        "a)  legitimam a violência social a que estão submetidos os \npobres.",
        "b)  dificultam  a  tomada  de  consciência  da  população \nnegra.",
        "c)  articulam  as  esferas  ética  e  estética  da  experiência \nhumana na poesia.",
        "d)  dissimulam a hipocrisia moral das pessoas religiosas."
    ],
    "associated_images": [],
    "answer": "C",
    "has_associated_images": false,
    "alternatives_type": "string",
    "subject": [
        "portuguese"
    ],
    "DS": true,
    "TU": true,
    "IU": false,
    "MR": false,
    "ML": false,
    "BK": true
}