{
    "question": "Texto 1 \n“Algumas  vozes  nacionais  estão  tentando  atualmente \nencaminhar a discussão em torno da identidade 'mestiça', \ncapaz  de  reunir  todos  os  brasileiros  (brancos,  negros  e \nmestiços).  Vejo  nesta  proposta  uma  nova  sutileza \nideológica para recuperar a ideia da unidade nacional não \nalcançada  pelo  fracassado  branqueamento  físico.  Essa \nproposta de uma nova identidade mestiça, única, vai na \ncontramão dos movimentos negros e de outras chamadas \nminorias,  que  lutam  pela  construção  de  uma  sociedade \nplural e de identidades múltiplas.”  \n(Kabengele  Munanga,  Rediscutindo  a  mestiçagem  no  Brasil:  Identidade \nNacional versus Identidade Negra. Petrópolis: Vozes, 1999, p. 16.) \n \nTexto 2 \n“Os  meus  olhos  coloridos/  Me  fazem  refletir/  Eu  estou \nsempre  na  minha/  E  não  posso  mais  fugir/  Meu  cabelo \nenrolado/  Todos  querem  imitar/  Eles  estão  baratinados/ \nTambém querem enrolar/ Você ri da minha roupa/ Você ri \ndo meu cabelo/ Você ri da minha pele/ Você ri do meu \nsorriso/ A verdade é que você,/ (Todo brasileiro tem!)/ Tem \nsangue crioulo/ Tem cabelo duro/ Sarará crioulo.” \n(Macau, “Olhos Coloridos”, 1981, gravada por Sandra de Sá. Álbum: “Sandra de \nSá”. RCA.) \n \nConsiderando o alerta de Munanga em relação a algumas \n“vozes nacionais”, a canção de Macau",
    "number": 10,
    "id": "UNICAMP_2021_10",
    "alternatives": [
        "a)  resgata o antigo ideal da identidade nacional única.",
        "b)  aponta a possibilidade de uma identidade múltipla.",
        "c)  atesta que a pluralidade se opõe ao movimento negro.",
        "d)  insiste nas lutas das minorias por uma unidade."
    ],
    "associated_images": [],
    "answer": "A",
    "has_associated_images": false,
    "alternatives_type": "string",
    "subject": [
        "portuguese"
    ],
    "DS": true,
    "TU": true,
    "IU": false,
    "MR": false,
    "ML": false,
    "BK": true
}