{
    "question": "TEXTO 1 \nantipoema  \né preciso rasurar o cânone \ndistorcer as regras \nas rimas \nas métricas \n \no padrão \na norma que prende a língua \n \nos milionários que se beneficiam do nosso silêncio \n \ndo medo de se dizer poeta, \n \nsó assim será livre a palavra. \n \n(Ma Njanu é idealizadora do “Clube de Leitoras” na periferia de Fortaleza e da \n“Pretarau,  Sarau  das  Pretas”,  coletivo  de  artistas  negras.  Disponível  em \nhttp://recantodasletras.com.br/poesias/6903974. Acessado em 20/05/2020.) \n \n \nTEXTO 2 \n“O povo não é estúpido quando diz 'vou na escola', 'me \ndeixe',  'carneirada',  'mapear',  'farra',  'vagão',  'futebol'.  É \nantes inteligentíssimo nessa aparente ignorância porque, \nsofrendo as influências da terra, do clima, das ligações e \ncontatos com outras raças, das necessidades do momento \ne de adaptação, e da pronúncia, do caráter, da psicologia \nracial,  modifica  aos  poucos  uma  língua  que  já  não  lhe \nserve de expressão porque não expressa ou sofre essas \ninfluências e a transformará afinal numa outra língua que \nse adapta a essas influências.” \n(Carta de Mário a Drummond, 18 de fevereiro de 1925, em Lélia Coelho Frota, \nCarlos e Mário: correspondência completa entre Carlos Drummond de Andrade \ne Mário de Andrade. Rio de Janeiro: Bem-Te-Vi, 2002, p. 101.) \n \n \n \nApesar de passados quase 100 anos, a carta de Mário de \nAndrade ecoa no poema de Ma Njanu. Ambos os textos \nmanifestam",
    "number": 12,
    "id": "UNICAMP_2021_12",
    "alternatives": [
        "a)  a  ignorância  ratificada  do  povo  em  sua  luta  para  se \nexpressar.",
        "b)  a necessidade de diversificar a língua segundo outros \ncostumes.",
        "c)  a inteligência do povo e dos poetas livres de influências.",
        "d)  a ingenuidade em se crer na possibilidade de escapar \nàs regras."
    ],
    "associated_images": [],
    "answer": "B",
    "has_associated_images": false,
    "alternatives_type": "string",
    "subject": [
        "portuguese"
    ],
    "DS": false,
    "TU": false,
    "IU": false,
    "MR": false,
    "ML": false,
    "BK": false
}