{
    "question": "A situação abaixo ocorreu em uma entrevista com a atriz \nScarlett  Johansson  e  o  ator  Robert  Downey  Junior,  que \natuaram juntos em um filme. \n [IMAGE 0] \n(Disponível em https://www.cracked.com/blog/14-epic-comebacks-stars-gave-to-\nstupid-interview-questions/. Acessado em 25/06/20.) \n \nEm sua resposta, a atriz",
    "number": 13,
    "id": "UNICAMP_2021_13",
    "alternatives": [
        "a)  evidencia o seu descontentamento por meio de uma \nmudança de assunto.",
        "b)  rechaça a pergunta e sugere que Robert Downey Jr. a \nresponda.",
        "c)  desaprova a pergunta com um comentário sarcástico \ndirigido a Robert Downey Jr.",
        "d)  critica o teor da pergunta e sugere uma mudança de \nassunto."
    ],
    "associated_images": [
        "imgs/UNICAMP/2021/day2/13/1.jpg"
    ],
    "answer": "C",
    "has_associated_images": true,
    "alternatives_type": "string",
    "subject": [
        "english"
    ],
    "DS": false,
    "TU": true,
    "IU": true,
    "MR": false,
    "ML": true,
    "BK": false
}