{
    "question": "Os  tweets  abaixo  remetem  ao  contexto  do  trabalho \n [IMAGE 0] \n(Disponível em https://twitter.com/ajdewerd/status/1237495536036581379. \nAcessado em 30/07/2020.) \n \nA resposta de Andrea ao tweet de Julieanne",
    "number": 14,
    "id": "UNICAMP_2021_14",
    "alternatives": [
        "a)  questiona a eficácia de reuniões online no período de \nisolamento social.",
        "b)  complementa a crítica a comportamentos que devem \nser evitados em reuniões online.",
        "c)  ilustra uma experiência que elas vivenciaram juntas em \numa reunião online.",
        "d)  acrescenta  outro  tipo  de  dificuldade  vivenciado  em \nreuniões online."
    ],
    "associated_images": [
        "imgs/UNICAMP/2021/day2/14/0.jpg"
    ],
    "answer": "D",
    "has_associated_images": true,
    "alternatives_type": "string",
    "subject": [
        "english"
    ],
    "DS": false,
    "TU": true,
    "IU": true,
    "MR": false,
    "ML": true,
    "BK": false
}