{
    "question": "A  curious  item  was  found  among  Beethoven's  effects, \nlocked away in a drawer, at the time of his death: three \nletters, written but apparently never sent (they may have \nbeen sent but returned to him), to the “Immortal Beloved.” \nThe  content,  which  varies  from  high-flown \npoetic sentiments to banal complaints about his health and \ndiscomfort, makes it clear that this is no literary exercise but \nwas intended for a real person. The month and day of the \nweek are given, but not the year. The periods 1801-02, \n1806-07, and 1811-12 have been proposed, but the last is \nthe most probable. The most cogent arguments regarding \nthe  identity  of  the  person  addressed,  those  by  Maynard \nSolomon,  point  to  Antonie  Brentano,  a  native  Viennese, \nwho was the wife of a Frankfurt merchant and sister-in-law \nto Beethoven familiar Bettina Brentano. \n \n(Adaptado de https://www.britannica.com/biography/Ludwig-van-Beethoven. \nA partir do conteúdo do texto, pode-se afirmar que",
    "number": 15,
    "id": "UNICAMP_2021_15",
    "alternatives": [
        "a)  as cartas mencionadas foram enviadas por Beethoven, \nmas devolvidas a ele.",
        "b)  a  destinatária  das  cartas  de  Beethoven  seria  uma \ncunhada do próprio compositor.",
        "c)  as cartas foram enviadas no período de 1801 a 1812.",
        "d)  a hipótese mais sólida é a de que a destinatária das \ncartas seria uma vienense."
    ],
    "associated_images": [],
    "answer": "D",
    "has_associated_images": false,
    "alternatives_type": "string",
    "subject": [
        "english"
    ],
    "DS": false,
    "TU": true,
    "IU": false,
    "MR": false,
    "ML": true,
    "BK": false
}