{
    "question": "OUR WORD OF THE YEAR FOR 2019 IS THEY \n [IMAGE 0]\nEnglish  lacks  a  gender-neutral  singular  pronoun  to \ncorrespond  with  singular  pronouns \nlike everyone or someone, and as a consequence they has \nbeen used for this purpose for over 600 years. Recently \nthough,  they has  also  been \nused  to  refer  to  a  person \nwhose  gender  identity \nis nonbinary,  a  sense  that  is \nincreasingly  common  in \npublished  text,  social  media, \nand  in  daily  personal \ninteractions between English speakers. There's no doubt \nthat its use is established in the English language, which is \nwhy  it  was  added  to  the  Merriam-Webster  dictionary  in \nSeptember of 2019. \nNonbinary they was  also  prominent  in  the  news  in  2019. \nCongresswoman  Pramila  Jayapal  (WA)  revealed  in  April \nthat her child is gender-nonconforming and uses they. And \nthe  American  Psychological  Association’s blog  officially \nrecommended that  singular they be  preferred  in \nprofessional writing over “he or she” when the reference is \nto a person whose gender is unknown or to a person who \nprefers they. \n(Adaptado de https://www.merriam-webster.com/words-at-play/word-of-the-year/ \nthey. Acessado em 29/04/2020.) \n \nDe acordo com o texto, o fato de uma palavra simples, \ncomo o pronome “they”, ter sido escolhida como a palavra \ndo ano de 2019 se justifica pela necessidade de",
    "number": 17,
    "id": "UNICAMP_2021_17",
    "alternatives": [
        "a)  fazer justiça a uma palavra que já é usada há mais de \n600 anos.",
        "b)  legitimar  os  sentidos  recentes  dessa  palavra  que \npermeiam diversas instâncias da vida social.",
        "c)  esclarecer  dúvidas  quanto  ao  emprego  gramatical \nadequado dessa palavra em textos escritos.",
        "d)  atender às recomendações de órgãos oficiais quanto \nao uso dessa palavra em textos escritos."
    ],
    "associated_images": [
        "imgs/UNICAMP/2021/day2/17/2.jpg"
    ],
    "answer": "B",
    "has_associated_images": true,
    "alternatives_type": "string",
    "subject": [
        "english"
    ],
    "DS": false,
    "TU": true,
    "IU": false,
    "MR": false,
    "ML": true,
    "BK": false
}