{
    "question": "“There Will Come Soft Rains” (Sara Teasdale) \n \nThere will come soft rains and the smell of the ground, \nAnd swallows circling with their shimmering sound; \nAnd frogs in the pools singing at night, \nAnd wild plum trees in tremulous white; \nRobins will wear their feathery fire, \nWhistling their whims on a low fence-wire; \nAnd not one will know of the war, not one \nWill care at last when it is done. \nNot one would mind, neither bird nor tree, \nIf mankind perished utterly; \nAnd Spring herself, when she woke at dawn \nWould scarcely know that we were gone. \n \n(Disponível em https://poets.org/poem/there-will-come-soft-rains. Acessado em \n24/08/2020.) \n \n \nO poema destaca",
    "number": 19,
    "id": "UNICAMP_2021_19",
    "alternatives": [
        "a)  a  ilusão  da  centralidade  do  ser  humano  diante  da \nnatureza.",
        "b)  a fragilidade da natureza diante das ações nocivas dos \nseres humanos.",
        "c)  a desesperança nos seres humanos provocada pelas \nguerras frequentes.",
        "d)  a destruição de todos os seres no ciclo natural que \ngoverna o mundo."
    ],
    "associated_images": [],
    "answer": "A",
    "has_associated_images": false,
    "alternatives_type": "string",
    "subject": [
        "english"
    ],
    "DS": false,
    "TU": true,
    "IU": false,
    "MR": false,
    "ML": true,
    "BK": false
}