{
    "question": "Plantas são organismos que interferem na composição da \natmosfera e regulam o ciclo de carbono em nosso planeta, \npermitindo a vida como a conhecemos. Enquanto a parte \naérea das plantas está exposta a variações de intensidade \nluminosa, as raízes têm íntimo contato com o solo, fonte de \nnutrientes  essenciais  ao  seu  desenvolvimento. \nConsiderando a figura a seguir e a biologia de uma planta \nterrestre mesófita na ausência de luz, assinale a alternativa \nque  identifica  corretamente  as  moléculas  nas  posições \nnumeradas (as setas indicam o sentido do movimento das \nmoléculas). \n [IMAGE 0]",
    "number": 21,
    "id": "UNICAMP_2021_21",
    "alternatives": [
        "a)  (1) O2 ; (2) CO2 ; (3) amido; (4) sacarose.",
        "b)  (1) CO2 ; (2) O2 ; (3) sacarose; (4) nitrogênio.",
        "c)  (1) O2 ; (2) CO2 ; (3) sacarose; (4) nitrogênio.",
        "d)  (1) CO2 ; (2) O2 ; (3) amido; (4) sacarose."
    ],
    "associated_images": [
        "imgs/UNICAMP/2021/day2/21/0.jpg"
    ],
    "answer": "C",
    "has_associated_images": true,
    "alternatives_type": "string",
    "subject": [
        "biology"
    ],
    "DS": true,
    "TU": true,
    "IU": true,
    "MR": false,
    "ML": false,
    "BK": false
}