{
    "question": "A  osteoporose  é  uma  doença  caracterizada  pela  baixa \ndensidade  de  massa  óssea  total  e  pela  deterioração  da \nmicroarquitetura  do  tecido,  levando  a  um  aumento  da \nfragilidade  óssea.  Algumas  células  presentes  no  tecido \nósseo são representadas na figura a seguir. \n [IMAGE 0] \n \n(Adaptado de G.M. Pagnotti e outros. Nature Reviews, Londres, v. 15, p. 339-\n355, jun. 2019.) \n Considerando  as  informações  apresentadas  e  os \nconhecimentos sobre o tecido ósseo, é correto afirmar que \nna osteoporose pode ocorrer",
    "number": 23,
    "id": "UNICAMP_2021_23",
    "alternatives": [
        "a)  aumento  da  degradação  da  matriz  óssea  pelos \nosteoclastos.",
        "b)  aumento  da  reabsorção  da  matriz  orgânica  pelos \nosteoblastos.",
        "c)  redução  da  degradação  da  matriz  óssea  pelos \nosteoblastos.",
        "d)  redução  da  reabsorção  da  matriz  orgânica  pelos \nosteoclastos."
    ],
    "associated_images": [
        "imgs/UNICAMP/2021/day2/23/1.jpg"
    ],
    "answer": "A",
    "has_associated_images": true,
    "alternatives_type": "string",
    "subject": [
        "biology"
    ],
    "DS": true,
    "TU": true,
    "IU": true,
    "MR": false,
    "ML": false,
    "BK": false
}