{
    "question": "Massas molares em g mol-1: Na = 23; Mg = 24; Cl = 35,5;  \nK = 39; Ca = 40.\nImagine-se  como  um  dos  coautores  de  um  trabalho \ncientífico sobre a capacidade de dessalinização de fibras \nde  carbono  poroso  (PCF).  Ao  revisar  os  dados  da \npesquisa, você observa que os resultados apresentados no \ngráfico a seguir estão consistentes para MgCl  e CaCl , do \n2 2\nponto de vista do conhecimento químico. \n [IMAGE 0] \nNo  entanto,  você  também  observa  no  gráfico  que  a \napresentação dos dados está",
    "number": 29,
    "id": "UNICAMP_2021_29",
    "alternatives": [
        "a)  inconsistente para NaCl, mas consistente para KCl.",
        "b)  inconsistente para KCl, mas consistente para NaCl.",
        "c)  inconsistente para NaCl e KCl.",
        "d)  consistente para NaCl e KCl."
    ],
    "associated_images": [
        "imgs/UNICAMP/2021/day2/29/0.png"
    ],
    "answer": "B",
    "has_associated_images": true,
    "alternatives_type": "string",
    "subject": [
        "chemistry"
    ],
    "DS": true,
    "TU": true,
    "IU": true,
    "MR": false,
    "ML": false,
    "BK": false
}