{
    "question": "A forma cristalina de um fármaco é fundamental para seu \nuso como medicamento. Assim, a indústria farmacêutica, \napós a síntese de determinado fármaco, deve verificar se \nele se apresenta como uma única forma cristalina ou se é \numa mistura polimórfica. Uma das formas de purificar um \nfármaco  nessas  condições  é  utilizar  um  processo  de \nrecristalização: dissolução do material sintetizado, seguida \nda cristalização da substância desejada. Observe na tabela \nabaixo os dados de solubilidade em água de uma dada \nforma de insulina. \n \nTemperatura (ºC)  Solubilidade (mg mL-1)\n15  0,30 \n25  0,63 \n35  0,92 \n \nA partir dessas informações, caso se queira purificar uma \namostra dessa insulina, seria recomendado dissolver essa \namostra em quantidade suficiente de água",
    "number": 30,
    "id": "UNICAMP_2021_30",
    "alternatives": [
        "a)  a  35  ºC  e  resfriar  lentamente  a  solução  até  15  ºC, \npromover uma filtração a 15 ºC e recuperar o sólido; \ntoda a insulina seria recuperada.",
        "b)  a 15 ºC e aquecer lentamente a solução até 35 ºC, \npromover uma filtração a 35 ºC e recuperar o sólido; \numa parte da insulina permaneceria em solução.",
        "c)  a  35  ºC  e  resfriar  lentamente  a  solução  até  15  ºC, \npromover uma filtração a 15 ºC e recuperar o sólido; \numa parte da insulina permaneceria em solução.",
        "d)  a 15 ºC e aquecer lentamente a solução até 35 ºC, \npromover uma filtração a 35 ºC e recuperar o sólido; \ntoda a insulina seria recuperada."
    ],
    "associated_images": [],
    "answer": "C",
    "has_associated_images": false,
    "alternatives_type": "string",
    "subject": [
        "chemistry"
    ],
    "DS": true,
    "TU": true,
    "IU": false,
    "MR": false,
    "ML": false,
    "BK": false
}