{
    "question": "[IMAGE 0] O  oxímetro  é  usado  na \ntriagem  para  a  Covid-19. \nAcoplado  ao  dedo,  ele \nemite  luz  em  dois \ncomprimentos  de  onda  \n(660 nm e 940 nm) e mede \na  quantidade  de  luz \nabsorvida (A) em cada caso. A partir disso, determina a \nconcentração percentual de oxi-hemoglobina (HbO2 ) e de \ndesoxi-hemoglobina (Hb) no sangue. Valores entre 95 e \n100% para HbO2  indicam normalidade. Simplificadamente, \nas quantidades de luz absorvidas em cada comprimento de \nonda  (A)  se  relacionam  matematicamente  às \nconcentrações  [HbO2 ]  e  [Hb]  conforme  as  seguintes \nequações: \nHb (aq)   + O2 (aq)  -> HbO2 (aq) \nA (em 660 nm) = 320 [HbO2 ] + 3227 [Hb] \n \nA (em 940 nm)= 1214 [HbO2 ] + 693 [Hb]. \n \nConsidere que uma pessoa tenha chegado ao hospital com \nbaixa saturação de O  no sangue e, depois de submetida à \noxigenoterapia, começa a ter a saturação normalizada. Em \nrelação  às  medidas  iniciais,  quando  a  saturação  de  O  \ncomeça a subir, a absorção de luz indicada pelo oxímetro",
    "number": 32,
    "id": "UNICAMP_2021_32",
    "alternatives": [
        "a)  diminui em 660 nm e aumenta em 940 nm.",
        "b)  aumenta em 660 nm e diminui em 940 nm.",
        "c)  aumenta em ambos os comprimentos de onda.",
        "d)  diminui em ambos os comprimentos de onda."
    ],
    "associated_images": [
        "imgs/UNICAMP/2021/day2/32/1.jpg"
    ],
    "answer": "A",
    "has_associated_images": true,
    "alternatives_type": "string",
    "subject": [
        "biology",
        "chemistry"
    ],
    "DS": true,
    "TU": true,
    "IU": false,
    "MR": true,
    "ML": false,
    "BK": false
}