{
    "question": "O aumento dos casos da Covid-19 provocou a escassez de \nálcool etílico em gel no comércio, o que fez a população \nbuscar outros tipos de álcool para se prevenir. No entanto, \nas  opções  de  álcool  disponíveis  não  eram  eficazes.  O \nrecomendado é o álcool 70° INPM (% massa/massa). As \nopções de álcool disponíveis comercialmente à época da \nescassez aparecem na tabela abaixo. \n \nTipo de álcool  Concentração INPM \n(%massa/massa) \nAbsoluto  99,6 \nHidratado  92,6 \nCombustível  92,5 \nLimpeza  46,0 \n \nPara  produzir  álcool  70°  INPM  a  partir  dos  outros  tipos \ndisponíveis  comercialmente,  uma  opção  possível  seria \nmisturar",
    "number": 34,
    "id": "UNICAMP_2021_34",
    "alternatives": [
        "a)  álcool  para  limpeza  com  álcool  hidratado,  utilizando \nmaior quantidade de álcool para limpeza.",
        "b)  álcool  combustível  com  o  álcool  absoluto,  utilizando \nmaior quantidade de álcool combustível.",
        "c)  álcool absoluto com álcool hidratado, utilizando maior \nquantidade de álcool absoluto.",
        "d)  álcool  para  limpeza  com  álcool  hidratado,  utilizando \nmaior quantidade de álcool hidratado."
    ],
    "associated_images": [],
    "answer": "D",
    "has_associated_images": false,
    "alternatives_type": "string",
    "subject": [
        "chemistry"
    ],
    "DS": true,
    "TU": true,
    "IU": false,
    "MR": true,
    "ML": false,
    "BK": false
}