{
    "question": "Um estudo recente avaliou como determinados plásticos se \ndegradam  na  água  do  mar  quando  expostos  à  luz \nultravioleta. Os plásticos estudados foram: NPG (plásticos \ndiversos  do  Giro  do  Pacífico  Norte),  EPS  (poliestireno \nexpandido),  PP  (polipropileno)  e  PE  (polietileno).  \nConsiderando que somente 2% do plástico despejado no \nmar está à deriva, esse estudo tentou descobrir para onde \nvão  os  microplásticos  no  ambiente  marinho.  Um  dos \nresultados  do  estudo  é  mostrado  nos  gráficos  abaixo. \nNesses  gráficos,  observam-se  as  produções  de  carbono \norgânico  dissolvido  (DOC)  por  grama  de  carbono  na \namostra de plástico utilizado. O DOC foi identificado como \no maior subproduto da fotodegradação de plásticos. \n [IMAGE 0] \n(Adaptado  de  L. Zhu  e  outros.  Journal  of  Hazardous  Materials  383,  2020, \n121065.)\nOs resultados mostram que",
    "number": 35,
    "id": "UNICAMP_2021_35",
    "alternatives": [
        "a)  para os quatro plásticos, a velocidade de degradação \naumenta com o tempo de exposição; após 50 dias, a \nmaior degradação foi a do PP.",
        "b)  para  três  plásticos,  a  velocidade  de  degradação \naumenta com o tempo de exposição; após 50 dias, a \nmaior degradação foi a do EPS.",
        "c)  para apenas um plástico, a velocidade de degradação \nnão aumenta com o tempo de exposição; após 50 dias, \na maior degradação foi a do PP.",
        "d)  duas  velocidades  de  degradação  aumentam  com  o \ntempo e duas permanecem constantes; após 50 dias, \na maior degradação foi a do EPS."
    ],
    "associated_images": [
        "imgs/UNICAMP/2021/day2/35/1.jpg"
    ],
    "answer": "B",
    "has_associated_images": true,
    "alternatives_type": "string",
    "subject": [
        "chemistry"
    ],
    "DS": true,
    "TU": true,
    "IU": true,
    "MR": true,
    "ML": false,
    "BK": false
}