{
    "question": "Sejam  a,b,c  termos  consecutivos  de  uma  progressão \ngeométrica sem nenhum termo nulo e p(x) o polinômio \nde grau 2 dado por a+bx+cx^2. Se a é positivo, \nqual das figuras abaixo pode representar corretamente \no gráfico de p(x)?",
    "number": 38,
    "id": "UNICAMP_2021_38",
    "alternatives": [
        "a) [IMAGE 2]",
        "b) [IMAGE 3]",
        "c) [IMAGE 1]",
        "d) [IMAGE 0]"
    ],
    "associated_images": [
        "imgs/UNICAMP/2021/day2/38/4.jpg",
        "imgs/UNICAMP/2021/day2/38/3.jpg",
        "imgs/UNICAMP/2021/day2/38/1.jpg",
        "imgs/UNICAMP/2021/day2/38/2.jpg"
    ],
    "answer": "A",
    "has_associated_images": true,
    "alternatives_type": "images",
    "subject": [
        "mathematics"
    ],
    "DS": true,
    "TU": true,
    "IU": true,
    "MR": true,
    "ML": false,
    "BK": false
}