{
    "question": "Um número natural é escolhido ao acaso entre os números \nde 1 a 100, e depois dividido por 3. A probabilidade de que \no resto da divisão seja igual a 1 é de",
    "number": 39,
    "id": "UNICAMP_2021_39",
    "alternatives": [
        "a) 31/100.",
        "b) 33/100.",
        "c) 17/50.",
        "d) 19/50."
    ],
    "associated_images": [],
    "answer": "C",
    "has_associated_images": false,
    "alternatives_type": "string",
    "subject": [
        "mathematics"
    ],
    "DS": true,
    "TU": true,
    "IU": false,
    "MR": true,
    "ML": false,
    "BK": false
}