{
    "question": "O conto “O espelho”, de Machado de Assis, apresenta o \nesboço  de  uma  teoria  sobre  a  alma  humana.  A  tese \napresentada defende a existência de duas almas (interior e \nexterior), que completam o homem. Contudo, o narrador \nfaz uma distinção entre as almas que mudam de natureza \ne  estado  e  aquelas  que  são  enérgicas.  Escolha  a \nalternativa que ilustra, no conto, a mutabilidade da alma \nexterior.",
    "number": 4,
    "id": "UNICAMP_2021_4",
    "alternatives": [
        "a)  A liderança é a força sem a qual o poder político de \nOliver Cromwell se extingue.",
        "b)  A patente é a marca de distinção, sem a qual Jacobina \nse extingue.",
        "c)  Os versos de Luís de Camões são uma declaração de \namor à pátria, pela qual o poeta se dispõe a morrer.",
        "d)  As  moedas  de  ouro  são  o  valor  visível  sem  o  qual \nShylock prefere morrer."
    ],
    "associated_images": [],
    "answer": "B",
    "has_associated_images": false,
    "alternatives_type": "string",
    "subject": [
        "portuguese"
    ],
    "DS": true,
    "TU": true,
    "IU": false,
    "MR": false,
    "ML": false,
    "BK": true
}