{
    "question": "Sabendo que 0 < 𝜃 <= 90° e que 2cos(2θ) + 5cos(θ) = 4, é \ncorreto afirmar que",
    "number": 41,
    "id": "UNICAMP_2021_41",
    "alternatives": [
        "a) 0° < θ <= 30°.",
        "b) 30° < θ <= 45°.",
        "c) 45° < θ <= 60°.",
        "d) 60° < θ <= 90°."
    ],
    "associated_images": [],
    "answer": "B",
    "has_associated_images": false,
    "alternatives_type": "string",
    "subject": [
        "mathematics"
    ],
    "DS": true,
    "TU": true,
    "IU": false,
    "MR": true,
    "ML": false,
    "BK": false
}