{
    "question": "A figura abaixo exibe três círculos tangentes dois a dois e \nos três tangentes a uma mesma reta. Os raios dos círculos \nmaiores têm comprimento R e o círculo menor tem raio de \ncomprimento r. \n [IMAGE 0] \nA razão R/r é igual a \n",
    "number": 42,
    "id": "UNICAMP_2021_42",
    "alternatives": [
        "a) 3.",
        "b) √10.",
        "c) 4.",
        "d) 2√5."
    ],
    "associated_images": [
        "imgs/UNICAMP/2021/day2/42/0.jpg"
    ],
    "answer": "C",
    "has_associated_images": true,
    "alternatives_type": "string",
    "subject": [
        "mathematics"
    ],
    "DS": true,
    "TU": true,
    "IU": false,
    "MR": true,
    "ML": false,
    "BK": false
}