{
    "question": "Dados preliminares da pandemia do Covid-19 indicam que, \nno  início  da  disseminação,  em  determinada  região,  o \nnúmero de pessoas contaminadas dobrava a cada 3 dias. \nUsando que log 2 (cid:3406) 0,3 e log 5 (cid:3406) 0,7, após o primeiro \n(cid:2869)(cid:2868) (cid:2869)(cid:2868)\ncontágio, o número de infectados atingirá a marca de 4 mil \nentre",
    "number": 43,
    "id": "UNICAMP_2021_43",
    "alternatives": [
        "a)  o 18º dia e o 24º dia.",
        "b)  o 25º dia e o 31º dia.",
        "c)  o 32º dia e o 38º dia.",
        "d)  o 39º dia e o 45º dia."
    ],
    "associated_images": [],
    "answer": "C",
    "has_associated_images": false,
    "alternatives_type": "string",
    "subject": [
        "mathematics"
    ],
    "DS": true,
    "TU": true,
    "IU": false,
    "MR": true,
    "ML": false,
    "BK": false
}