{
    "question": "Sabendo que a é um número real, considere os polinômios \np(x) = x^3 - x^2 + a e q(x) = x^2 + x + 2. Se p(x) é divisível \npor q(x), então",
    "number": 47,
    "id": "UNICAMP_2021_47",
    "alternatives": [
        "a) a = 3.",
        "b) a = 2.",
        "c) a = -1.",
        "d) a = -4."
    ],
    "associated_images": [],
    "answer": "D",
    "has_associated_images": false,
    "alternatives_type": "string",
    "subject": [
        "mathematics"
    ],
    "DS": true,
    "TU": true,
    "IU": false,
    "MR": true,
    "ML": false,
    "BK": false
}