{
    "question": "Se  um  tetraedro  regular  e  um  cubo  têm  áreas  laterais \niguais, então a razão entre o comprimento da aresta do \ntetraedro e o comprimento da aresta do cubo é igual a",
    "number": 48,
    "id": "UNICAMP_2021_48",
    "alternatives": [
        "a) ⁴√2√3.",
        "b) ³√2√3.",
        "c) √2³√3.",
        "d) √2³√3."
    ],
    "associated_images": [],
    "answer": null,
    "has_associated_images": false,
    "alternatives_type": "string",
    "subject": [
        "mathematics"
    ],
    "DS": true,
    "TU": true,
    "IU": false,
    "MR": true,
    "ML": false,
    "BK": false
}