{
    "question": "Dados:   1 ano = 3,0x10^7 s\nVelocidade da luz: c = 3,0x10^8 m/s\nRecentemente,  uma  equipe  internacional  de  cientistas \ndetectou  a  explosão  de  uma  estrela  conhecida  como \nSN2016aps, que teria sido a explosão de supernova mais \nbrilhante já registrada.\nA  SN2016aps  dista  da  Terra  4,0  bilhões  de  anos-luz, \nenquanto  a  supernova  DES16C2nm,  localizada  a  10,5 \nbilhões de anos-luz de distância da Terra, é a mais distante \njá  descoberta.  Considere  que  uma  explosão  das  duas \nsupernovas  ocorra  simultaneamente.  Quando  o  sinal \nluminoso  da  explosão  da  supernova  mais  próxima  for \ndetectado  na  Terra,  a  radiação  luminosa  da  supernova \nDES16C2nm  estará  a  uma  distância  da  Terra \naproximadamente igual a",
    "number": 49,
    "id": "UNICAMP_2021_49",
    "alternatives": [
        "a)  6,5x10^9 km.",
        "b)  9,0x10^15 km.",
        "c)  3,6x10^16 km.",
        "d)  5,9x10^22 km."
    ],
    "associated_images": [],
    "answer": "D",
    "has_associated_images": false,
    "alternatives_type": "string",
    "subject": [
        "physics"
    ],
    "DS": true,
    "TU": true,
    "IU": false,
    "MR": true,
    "ML": false,
    "BK": false
}