{
    "question": "Dado: Velocidade da luz: c = 3,0x10^8 m/s.\nLâmpadas  de  luz  ultravioleta  (UV)  são  indicadas  para \nhigienização  e  esterilização  de  objetos  e  ambientes  em \nrazão do seu potencial germicida.\nA ação germicida da luz UV varia conforme o comprimento \nde  onda  (λ) da  radiação.  O  gráfico  a  seguir  mostra  a \neficiência germicida da luz UV em função de  λ, em sua \natuação durante certo tempo sobre um agente patogênico. \n [IMAGE 0] \nPode-se  afirmar  que  a  frequência  da  luz  UV  que  gera \neficiência germicida máxima neste caso é",
    "number": 56,
    "id": "UNICAMP_2021_56",
    "alternatives": [
        "a)  0,9x10^6 Hz.",
        "b)  8,1x10^10 Hz.",
        "c)  5,4x10^12 Hz.",
        "d)  1,1x10^15 Hz."
    ],
    "associated_images": [
        "imgs/UNICAMP/2021/day2/56/0.jpg"
    ],
    "answer": "D",
    "has_associated_images": true,
    "alternatives_type": "string",
    "subject": [
        "physics"
    ],
    "DS": true,
    "TU": true,
    "IU": false,
    "MR": true,
    "ML": false,
    "BK": false
}