{
    "question": "Os aposentos comuns são aqueles aos quais o povo pode \nir,  como  os  vestíbulos  e  pátios.  Assim,  magníficos \nvestíbulos, aposentos e átrios não são necessários para as \npessoas  de  fortuna  comum,  pois  visitam,  mas  não  são \nvisitados.  As  casas  de  banqueiros  deveriam  ser  mais \nespaçosas  e  vistosas,  protegidas  contra  ladrões. \nAdvogados  e  retóricos  deveriam  morar  com  elegância. \nPara  aqueles  que  ocupam  cargos  e  magistraturas, \ndeveriam ser feitos vestíbulos reais, amplos e devidamente \ndecorados com grandeza. \n(Adaptado  de  Vitrúvio,  “Sobre  a  Arquitetura”,  em  Pedro  Paulo  Funari, \nAntiguidade Clássica. Campinas: Editora da Unicamp, 2003, p. 81.) \nO  arquiteto  romano  Vitrúvio  expressa,  em  seu  texto \nclássico sobre os princípios da Arquitetura,",
    "number": 57,
    "id": "UNICAMP_2021_57",
    "alternatives": [
        "a)  a  naturalização  das  diferenças  sociais  impressas  na \nvida  material,  já  que  as  habitações  ditas  comuns \ndeveriam ser simples e as dos enriquecidos deveriam \nser espaçosas e vistosas.",
        "b)  a resistência contra as diferenças sociais impressas na \nvida  material,  já  que  as  habitações  de  pessoas  de \nfortuna  comum,  magistrados  e  funcionários  públicos \ndeveriam ser iguais.",
        "c)  a  percepção  das  diferenças  sociais  durante  todo  o \nImpério Romano, materializadas nas habitações, e a \nbusca  por  moradias  mais  belas  e  espaçosas  para \ntodos.",
        "d)  a determinação em conservar as diferenças sociais no \nImpério  Romano,  a  partir  de  políticas  públicas  de \nconstrução  de  moradias  amplas  para  pessoas  de \nfortuna comum."
    ],
    "associated_images": [],
    "answer": "A",
    "has_associated_images": false,
    "alternatives_type": "string",
    "subject": [
        "history"
    ],
    "DS": true,
    "TU": true,
    "IU": false,
    "MR": false,
    "ML": false,
    "BK": false
}