{
    "question": "A questão da consciência ou autopercepção nacional nas \ncolônias da América tem sido frequentemente tratada de \nforma  desligada  do  seu  contexto  político  e  social.  \nPodemos, todavia, pensar em um sentimento de distinção \ne diferença, uma falta de identificação com a Europa e uma \nconsciência da realidade colonial que teria existido entre \npopulações mestiças. \n(Adaptado de Stuart B Schwartz, “A formação de uma identidade colonial no \nBrasil”, em Da América Portuguesa ao Brasil. Lisboa: Difel, 2003, p. 218.) \n Com base no texto acima sobre a formação da identidade \ncolonial, assinale a alternativa correta.",
    "number": 59,
    "id": "UNICAMP_2021_59",
    "alternatives": [
        "a)  No  continente  ibero-americano,  prevaleceu  uma \npercepção  colonial  de  mestiços  distinta  daquela  das \nelites  coloniais,  nascidas  ou  não  nessa  região,  pois \nessas  elites  foram  formadas  nos  cânones \nuniversitários coloniais desde o século XVI.",
        "b)  Composta por imigrantes vindos da Europa e por seus \ndescendentes  brancos  nascidos  no  Brasil,  a  elite \ncolonial  e  os  mestiços  construíam  suas  identidades \ncalcadas  nas  tensões  sociais  e  hierarquias  sócio-\npolíticas da realidade colonial.",
        "c)  Em função de experiências sociais distintas, a noção \nde  pertencimento  era  similar  entre  os  sujeitos \nenvolvidos na realidade colonial ibero-americana. Por \nexemplo, os quilombolas tinham a mesma identidade \nnacional que os pardos livres.",
        "d)  Os  brasileiros  desenvolveram,  desde  o  período \ncolonial  ibero-americano,  uma  consciência  nacional \nhomogênea,  porque  o  modo  como  eram  vistos \nexteriormente e o modo como se viam influenciavam a \ncompreensão da relação liberal estabelecida entre a \ncolônia e a metrópole."
    ],
    "associated_images": [],
    "answer": "B",
    "has_associated_images": false,
    "alternatives_type": "string",
    "subject": [
        "history"
    ],
    "DS": true,
    "TU": true,
    "IU": false,
    "MR": false,
    "ML": false,
    "BK": true
}