{
    "question": "Quando um campesinato afro-brasileiro surgiu no final do \nséculo XVIII, os agricultores do litoral da Bahia misturaram \nconhecimentos agrícolas e etnobotânicos da África e do \nBrasil para fazer proliferar o dendê africano. Mosaicos de \nmata  atlântica  e  campos  de  mandioca  transformaram  o \nlitoral  da  Bahia  em  um  simulacro  transatlântico  do \ncomplexo de palmeiras da África Ocidental, criando uma \npaisagem  afro-brasileira.  A  Costa  do  Dendê,  no  sul  da \nBahia,  resultante  desse  processo,  permanece  como  um \ntestemunho  de  contribuições  africanas  e  de \nafrodescendentes  para  o  desenvolvimento  econômico, \necológico e cultural das Américas. \n(Adaptado  de  Case  Watkins,  \"African  Oil  Palms,  Colonial  Socioecological \nTransformation and the Making of an Afro-Brazilian Landscape in Bahia, Brazil.\" \nEnvironment and History. Winwick Cambridgeshire: The White Horse Press, \n2015, v. 21, p. 41.) \n \nCom  base  no  excerto  e  em  seus  conhecimentos  sobre  a \ncultura brasileira, assinale a alternativa correta.",
    "number": 60,
    "id": "UNICAMP_2021_60",
    "alternatives": [
        "a)  A formação histórica da paisagem da Costa do Dendê, na \nBahia, é resultado da produção em larga escala de azeite \nde  dendê  nos  grandes  latifúndios  monocultores  que \nutilizavam mão de obra escrava africana e indígena desde",
        "b)  A desigualdade sócio-econômica que marcou a história da \nformação  do  campesinato  brasileiro  é  um  fator  que \ninviabiliza o desenvolvimento econômico e ambiental do \nBrasil com base na produção de combustível sustentável \na partir de dendê.",
        "c)  Os  dendezeiros  do  litoral  brasileiro  são  resultado  de \ntecnologias de cruzamento entre espécies de palmeiras \nafricanas,  asiáticas  e  nativas  que  eram  cultivadas \nsecularmente pelos indígenas em toda a América do Sul.",
        "d)  Os bosques de dendezeiros no litoral baiano formam uma \npaisagem que testemunha o protagonismo histórico dos \nafricanos e seus descendentes a partir de seus hábitos \nalimentares, conhecimentos sobre as plantas e práticas \nagrícolas."
    ],
    "associated_images": [],
    "answer": "D",
    "has_associated_images": false,
    "alternatives_type": "string",
    "subject": [
        "history"
    ],
    "DS": true,
    "TU": true,
    "IU": false,
    "MR": false,
    "ML": false,
    "BK": true
}