{
    "question": "O ano de 2008 assistiu ao início de uma crise capitalista \nmundial que se prolonga até os dias atuais. É uma crise \nsimilar, em sua amplitude, à Grande Depressão de 1929. \nContudo, apesar de receber a mesma designação (crise), \nessa crise capitalista prolongada difere em seu contexto \nmundial  e  em  traços  específicos  daquela  de  1929, \nsobretudo pelo processo de financeirização que emergiu \nao final do século XX e que permite imensas acumulações \nde capitais. \n \nSobre essa crise capitalista financeirizada é correto afirmar \nque",
    "number": 66,
    "id": "UNICAMP_2021_66",
    "alternatives": [
        "a)  é derivada da superprodução de bens manufaturados, \nespecialmente ligados à indústria de base, em crise \ncom a expansão dos financiamentos.",
        "b)  é produzida pela alta demanda do consumo nos países \npobres,  o  que  tem  levado  a  uma  ampliação  dos \nfinanciamentos para a compra de bens.",
        "c)  resulta  de  especulações  financeiras  que,  sem \npassarem  pelos  sistemas  produtivos,  propiciam \nacumulações em capitais fictícios.",
        "d)  procede  de  especulação  financeira,  gerando \nexcedentes na indústria de bens de capital e exigindo \nmaiores somas em financiamentos."
    ],
    "associated_images": [],
    "answer": "C",
    "has_associated_images": false,
    "alternatives_type": "string",
    "subject": [
        "geography"
    ],
    "DS": true,
    "TU": true,
    "IU": false,
    "MR": false,
    "ML": false,
    "BK": false
}