{
    "question": "Brasil - Produção Agrícola Municipal - 2017 \nCana-de-açúcar \n [IMAGE 0] \nBrasil - Produção Agrícola Municipal - 2017 \nManga \n [IMAGE 0] \n(Fonte:  Atlas  Escolar  do  IBGE.  Disponível  em  https://mapas.ibge.gov.br/ \nescolares/ensino-medio/brasil.html). Acessado em 10/09/2020. \nA produção agrícola nacional, para os mercados interno e \nexterno, aparece como ponto fundamental para o Produto \nInterno  Bruto  nacional.  Sobre  as  culturas  de  cana-de-\naçúcar e manga é correto afirmar:",
    "number": 68,
    "id": "UNICAMP_2021_68",
    "alternatives": [
        "a)  Pouco concentrada espacialmente, a cana-de-açúcar é \numa cultura permanente voltada para exportação.",
        "b)  A  manga  é  uma  cultura  permanente,  que  tem \nimportante produção nas áreas irrigadas no Nordeste.",
        "c)  A cana-de-açúcar é uma cultura temporária no litoral \nnordestino e permanente na região Sudeste.",
        "d)  Inteiramente voltada para o mercado interno, a cultura \nda manga é uma cultura temporária na região Sudeste."
    ],
    "associated_images": [
        "imgs/UNICAMP/2021/day2/68/1.jpg",
        "imgs/UNICAMP/2021/day2/68/2.jpg"
    ],
    "answer": "B",
    "has_associated_images": true,
    "alternatives_type": "string",
    "subject": [
        "geography"
    ],
    "DS": true,
    "TU": true,
    "IU": false,
    "MR": true,
    "ML": false,
    "BK": true
}