{
    "question": "Num  mundo  dominado  por  homens,  a  mulher  é  tratada \ncomo um ser diferenciado, que merece uma designação \nespecial. Enquanto a expressão “o homem” pode equivaler \na “o ser humano”, como na frase “O homem é mortal”, a \nexpressão “a mulher” só se refere aos seres humanos do \ngênero  feminino. A  língua  também  revela  um  tratamento \ndiferente  dado  à  mulher  na  sociedade  ao  conter \ndesignações  específicas  para  ela,  inexistentes  para  o \nhomem.  Assim,  a  mulher  de  um  chefe  de  governo  é \nchamada de “primeira-dama”, mas o marido de uma mulher \nque  desempenha  aquele  cargo  não  é  chamado  de \n“primeiro-cavalheiro”.  \nConta-se que Cecília Meireles recusava a designação de \n“poetisa”, por achar que esse termo não tinha a mesma \nconotação  de  “poeta”  (usado  para  os  homens),  ao \ncontrário,  soava  até  pejorativo.  Por  outro  lado,  Dilma \nRousseff  exigia  que  a  tratassem  por  “presidenta”  para \nenfatizar que quem ocupava o cargo de chefe da nação \nbrasileira era finalmente uma mulher.  \n(Adaptado de Francisco Jardes Nobre de Araújo, O machismo na linguagem. \nDisponível  em  https://www.parabolablog.com.br/index.php/  blogs/o-machismo-\nna-linguagem?fbclid=IwAR0n7sVvu2mNioWa1Gpp0BZL4TP6Uo-hGK7DKyltgIxk \nd tRfoOaI6OEPCZE. Acessado em 05/06/2020.) \n \nSegundo o autor de “O machismo na linguagem”,",
    "number": 7,
    "id": "UNICAMP_2021_7",
    "alternatives": [
        "a)  o  hábito  de  usar  “o  homem”  para  representar  a \nhumanidade  faz  com  que  o  feminino  se  torne  um \ngênero subalterno.",
        "b)  a prática da designação do gênero feminino na língua \nportuguesa leva ao fim do privilégio do masculino na \nlinguagem.",
        "c)  o  emprego  de  palavras  no  feminino  evita  o  viés \nmachista e incentiva uma menor diferenciação entre os \ngêneros.",
        "d)  a escolha de algumas palavras para marcar o gênero \nfeminino pode se relacionar com a valorização social da \nmulher."
    ],
    "associated_images": [],
    "answer": "D",
    "has_associated_images": false,
    "alternatives_type": "string",
    "subject": [
        "portuguese"
    ],
    "DS": false,
    "TU": true,
    "IU": false,
    "MR": false,
    "ML": false,
    "BK": false
}