{
    "question": "Leia abaixo  duas passagens do poema “Olá! Negro”, de \nJorge de Lima. \n \n“A raça que te enforca, enforca-se de tédio, negro! \nE és tu que a alegras ainda com os teus jazzes. \nCom os teus songs, com os teus lundus!” \n(...) \n“Não basta iluminares hoje as noites dos brancos com teus \njazzes. \nOlá, Negro! O dia está nascendo! \nO  dia  está  nascendo  ou  será  a  tua  gargalhada  que  vem \nvindo?” \n \n(Jorge de Lima, Poesias completas. v. I, Rio de Janeiro / Brasília: J. \nAguilar / INL, 1974, p.180-181.) \n \nConsiderando o livro Poemas negros como um todo e a \npoética de Jorge de Lima, é correto afirmar que o último \nverso citado",
    "number": 11,
    "id": "UNICAMP_2018_11",
    "alternatives": [
        "a)  manifesta  o  desprezo  do  negro  pela  situação \ndecadente da cultura do branco.",
        "b)  realiza a aproximação entre a alegria do negro e uma \nideia de futuro.",
        "c)  remete à vingança do negro contra a violência a que \nfoi submetido pelo branco.",
        "d)  funciona como um lamento, já que o nascer do dia não \ntraz justiça social."
    ],
    "associated_images": [],
    "answer": "B",
    "has_associated_images": false,
    "alternatives_type": "string",
    "subject": [
        "portuguese"
    ],
    "DS": true,
    "TU": true,
    "IU": false,
    "MR": false,
    "ML": false,
    "BK": true
}