{
    "question": "O  poema  abaixo  é  de  autoria  do  poeta  Augusto  de \nCampos, integrante do movimento concretista. \n [IMAGE 0] \n(Augusto de Campos, Viva Vaia. Poesia: 1949-1979. São Paulo: Ateliê Editorial, \n2000, p. 116-117.)\n \n \nNesse  poema,  nota-se  uma  técnica  de  composição  que \nconsiste",
    "number": 15,
    "id": "UNICAMP_2018_15",
    "alternatives": [
        "a)  na disposição arbitrária de anagramas, sem produzir uma \nrelação de sentido com o título do poema.",
        "b)  na disposição exaustiva de anagramas, sem produzir uma \nrelação de sentido com o título do poema.",
        "c)  na disposição arbitrária de anagramas, para produzir uma \nrelação de sentido com o título do poema.",
        "d)  na  disposição  exaustiva  de  anagramas,  para  produzir \numa relação de sentido com o título do poema."
    ],
    "associated_images": [
        "imgs/UNICAMP/2018/15/0.jpg"
    ],
    "answer": "D",
    "has_associated_images": true,
    "alternatives_type": "string",
    "subject": [
        "portuguese"
    ],
    "DS": true,
    "TU": true,
    "IU": true,
    "MR": false,
    "ML": false,
    "BK": false
}