{
    "question": "Considere três números inteiros cuja soma é um número \nímpar. Entre esses três números, a quantidade de números \nímpares é igual a",
    "number": 17,
    "id": "UNICAMP_2018_17",
    "alternatives": [
        "a)  0 ou 1.",
        "b)  1 ou 2.",
        "c)  2 ou 3.",
        "d)  1 ou 3."
    ],
    "associated_images": [],
    "answer": "D",
    "has_associated_images": false,
    "alternatives_type": "string",
    "subject": [
        "mathematics"
    ],
    "DS": false,
    "TU": true,
    "IU": false,
    "MR": true,
    "ML": false,
    "BK": false
}