{
    "question": "Dois anos atrás certo carro valia R$ 50.000,00 e atualmente \nvale R$ 32.000,00. Supondo que o valor do carro decresça \na uma taxa anual constante, daqui um ano o valor do \ncarro será",
    "number": 18,
    "id": "UNICAMP_2018_18",
    "alternatives": [
        "a)  R$ 25.600,00.",
        "b)  R$ 24.400,00.",
        "c)  R$ 23.000,00.",
        "d)  R$ 18.000,00."
    ],
    "associated_images": [],
    "answer": "A",
    "has_associated_images": false,
    "alternatives_type": "string",
    "subject": [
        "mathematics"
    ],
    "DS": false,
    "TU": true,
    "IU": false,
    "MR": true,
    "ML": false,
    "BK": false
}