{
    "question": "Seja a função h(x)  definida para todo número real por  \n h(x) = 2^(x+1) se x<=1,\n h(x) = x-1 se x>1 \nEntão,  h(h(h(0))) é igual a",
    "number": 20,
    "id": "UNICAMP_2018_20",
    "alternatives": [
        "a)  0.",
        "b)  2.",
        "c)  4.",
        "d)  8."
    ],
    "associated_images": [],
    "answer": "C",
    "has_associated_images": false,
    "alternatives_type": "string",
    "subject": [
        "mathematics"
    ],
    "DS": false,
    "TU": true,
    "IU": false,
    "MR": true,
    "ML": false,
    "BK": false
}