{
    "question": "A figura abaixo exibe um setor circular dividido em duas \nregiões de mesma área. A razão a/b  é igual a \n [IMAGE 0]",
    "number": 22,
    "id": "UNICAMP_2018_22",
    "alternatives": [
        "a)  √3+1.",
        "b)  √2+1.",
        "c)  √3",
        "d)  √2."
    ],
    "associated_images": [
        "imgs/UNICAMP/2018/22/6.jpg"
    ],
    "answer": "B",
    "has_associated_images": true,
    "alternatives_type": "string",
    "subject": [
        "mathematics"
    ],
    "DS": true,
    "TU": true,
    "IU": true,
    "MR": true,
    "ML": false,
    "BK": false
}