{
    "question": "Considere que o quadrado  ABCD, representado na figura \nabaixo, tem lados de comprimento de 1cm, e que C é o \nponto  médio  do  segmento AE.  Consequentemente,  a \ndistância entre os pontos  D e E será igual a\n [IMAGE 0]",
    "number": 23,
    "id": "UNICAMP_2018_23",
    "alternatives": [
        "a)  √3 cm.",
        "b)  2 cm.",
        "c)  √5 cm.",
        "d)  √6 cm"
    ],
    "associated_images": [
        "imgs/UNICAMP/2018/23/0.jpg"
    ],
    "answer": "C",
    "has_associated_images": true,
    "alternatives_type": "string",
    "subject": [
        "mathematics"
    ],
    "DS": true,
    "TU": true,
    "IU": true,
    "MR": true,
    "ML": false,
    "BK": false
}