{
    "question": "Sejam a e b números reais tais que a matriz  A = [[1,2],[0,1]]satisfaz  a  equaçã A^2 = aA+bI,  em  que  I  é a  matriz \nidentidade de ordem 2. Logo, o produto ab \n é igual a",
    "id": "UNICAMP_2018_25",
    "number": 25,
    "alternatives": [
        "a)  -2.",
        "b)  -1.",
        "c)  1.",
        "d)  2."
    ],
    "associated_images": [],
    "answer": "A",
    "has_associated_images": false,
    "alternatives_type": "string",
    "subject": [
        "mathematics"
    ],
    "DS": true,
    "TU": true,
    "IU": false,
    "MR": true,
    "ML": false,
    "BK": false
}