{
    "question": "No plano cartesiano, sejam C a circunferência de centro na \norigem e raio r > 0  e s a reta de equação x+3y=10. A \nreta s intercepta a circunferência C em dois pontos distintos \nse e somente se",
    "number": 27,
    "id": "UNICAMP_2018_27",
    "alternatives": [
        "a) r > 2.",
        "b) r > 5.",
        "c) r > 3.",
        "d) r > 10."
    ],
    "associated_images": [],
    "answer": "D",
    "has_associated_images": false,
    "alternatives_type": "string",
    "subject": [
        "mathematics"
    ],
    "DS": true,
    "TU": true,
    "IU": false,
    "MR": true,
    "ML": false,
    "BK": false
}