{
    "question": "Sejam a e b números  reais  não  nulos.  Se  o  número \ncomplexo z= a+bi  uma  raiz  da  equação  quadrática \n x^2 + bx + a = 0 então  o  valor  de  |z| é  igual  a  ",
    "number": 29,
    "id": "UNICAMP_2018_29",
    "alternatives": [
        "a) |z| = 1/√3.",
        "b) |z| = 1/√5.",
        "c) |z| = √3.",
        "d) |z| = √5."
    ],
    "associated_images": [],
    "answer": "B",
    "has_associated_images": false,
    "alternatives_type": "string",
    "subject": [
        "mathematics"
    ],
    "DS": true,
    "TU": true,
    "IU": false,
    "MR": true,
    "ML": false,
    "BK": false
}