{
    "question": "Elderly flight passenger throws coins into engine for \n‘luck’, delays take-off for hours \n \nChina  Southern  Airlines  Flight  380  was  held  up  at  the \nShanghai  Pudong  International  Airport  after  an  elderly \nwoman  passenger  caused  a  disruption,  according  to  the \nairline’s official WeChat account. An investigation into the \nincident is under way. \nPassengers boarding the flight reportedly saw an elderly \nwoman throwing coins at the engine for “blessings” from the \nmiddle of the boarding staircase and alerted the crew. \nGround staff said the woman, who appeared to be about 80 \nand had limited mobility, was accompanied by her husband, \ndaughter and son-in-law. \n \n \nThe captain was quoted as saying the metal, if sucked up \nby  the  engine,  could  have  caused  serious  damage, \nincluding failure.  \nThe  flight  was  later  given  a  green  light  and  took  off  at \n5.52pm, more than five hours late. It is scheduled to arrive \nin Guangzhou at 8.14pm. \n \n(Adaptado de Sarah Zheng, Elderly flight passenger throws coins into engine for \n‘luck’,  delays  take-off  for  hours.  South  China  Morning  Post,  27/06/2017. \nDisponível em http://www.scmp.com/news/china/society/article/2100242/elderly-\nflight-passenger-throws-coins-engine-luck-delays-take.  Acessado  em \n10/07/2017.) \n \nO  que  é  correto  afirmar  sobre  o  incidente  relatado  na \nnotícia anterior?",
    "number": 31,
    "id": "UNICAMP_2018_31",
    "alternatives": [
        "a)  Por  causa  do  incidente,  o  avião  chegou  a  seu \ndestino com cinco horas de atraso, às 17h52.",
        "b)  Segundo o piloto, moedas atiradas na turbina do \navião causaram sérios danos à aeronave.",
        "c)  Uma idosa chinesa, seu marido, sua filha e seu \ngenro quase provocaram um acidente aéreo.",
        "d)  A ação de alguns passageiros evitou o risco de um \ngrave acidente aéreo."
    ],
    "associated_images": [],
    "answer": "D",
    "has_associated_images": false,
    "alternatives_type": "string",
    "subject": [
        "english"
    ],
    "DS": false,
    "TU": true,
    "IU": false,
    "MR": true,
    "ML": false,
    "BK": false
}