{
    "question": "(A)  [IMAGE 1]\n(B) [IMAGE 0]\nOs panfletos acima foram distribuídos na entrada de uma \nassembleia  de  estudantes  universitários,  reunidos  para \ndiscutir um pedido de reforma nos banheiros do campus. \nAssinale a opção correta.",
    "number": 32,
    "id": "UNICAMP_2018_32",
    "alternatives": [
        "a)  O panfleto (A) defende, de maneira irônica, a criação \nde mais banheiros públicos unissex.",
        "b)  O  panfleto  (B)  recomenda  bater  na  porta  ou  avisar \nverbalmente antes de entrar em um banheiro unissex.",
        "c)  O  panfleto  (A)  critica  pessoas  que  se  preocupam \nexcessivamente com questões de assédio sexual.",
        "d)  O  panfleto  (B)  argumenta  a  favor  de  banheiros \nunissex ao expor um dilema de pessoas transgênero."
    ],
    "associated_images": [
        "imgs/UNICAMP/2018/32/3.jpg",
        "imgs/UNICAMP/2018/32/1.jpg"
    ],
    "answer": "D",
    "has_associated_images": true,
    "alternatives_type": "string",
    "subject": [
        "english"
    ],
    "DS": false,
    "TU": true,
    "IU": true,
    "MR": false,
    "ML": true,
    "BK": false
}