{
    "question": "Should Twitter entertain millions with public \narguments? \n \nComedian Janey Godley's tweets of a couple's train-bound \nrow raise questions of how to protect our privacy in public \nplaces. \n [IMAGE 0] \n \n [IMAGE 1]  \nIf the troubles of the two travellers had made it on to a \nnewspaper  first  rather  than  a  comedian's  Twitter  feed, \nwould  we  be  so  relaxed  about  loss  of  privacy?  I  think \nperhaps not. \nSocial media has done so much for freedom of expression, \nit would be cruel if it actually leads to less social freedom \nfor  fear  of  having  our  every  misstep,  angry  word  or \nmisbehaviour broadcast there for all to see. \n \n(Adaptado de David Banks, Should Twitter entertain millions with \npublic rows? The Guardian, 13/07/2012. Disponível em \nhttps://www.theguardian.com/commentisfree/2012/jul/13/twitter-\nmillions-public-rows. Acessado em 10/07/2017.) \n \nNo artigo de opinião acima, o autor",
    "number": 36,
    "id": "UNICAMP_2018_36",
    "alternatives": [
        "a)  critica a perda da liberdade de expressão provocada \npelo abuso nas mídias sociais por certos usuários.",
        "b)  aponta um dilema ético suscitado pelo uso das mídias \nsociais, envolvendo dois tipos de liberdade.",
        "c)  diz que a invasão de privacidade por parte de jornais é \nmais aceita do que aquela praticada pelo Twitter.",
        "d)  argumenta que a liberdade dos cidadãos é um valor \nmais importante do que o direito à privacidade."
    ],
    "associated_images": [
        "imgs/UNICAMP/2018/36/0.jpg",
        "imgs/UNICAMP/2018/36/1.jpg"
    ],
    "answer": "B",
    "has_associated_images": true,
    "alternatives_type": "string",
    "subject": [
        "english"
    ],
    "DS": false,
    "TU": true,
    "IU": true,
    "MR": false,
    "ML": true,
    "BK": false
}