{
    "question": "Numa  entrevista  ao  jornal  El  País  em  26  de  agosto  de \n2016, o jornalista Caco Barcellos comenta uma afirmação \nsua  anterior,  feita  em  um  congresso  de  jornalistas \ninvestigativos,  de  que  novos  profissionais  não  deveriam \n“atuar como porta-vozes de autoridades”.  \n \n“Tenho  o  maior  encanto  e  admiração  e  respeito  pelo \njornalismo de opinião. O que critiquei lá é quando isso vai \npara a reportagem. Não acho legítimo. O repórter tem o \ndever de ser preciso. Pode ser até analítico, mas não emitir \njuízo.  Na  reportagem  de  rua,  fico  imbuído,  inclusive,  de \nmelhor informar o meu colega de opinião. Se eu não fizer \nisso  de  modo  preciso  e  correto,  ele  vai  emitir  um  juízo \nerrado sobre aquele universo que estou retratando. E não \nsó  ele,  mas  também  o  advogado,  o  sociólogo,  o \nantropólogo  e  mais  para  frente  o  historiador  (...)  Por \nexemplo, essa matança que a polícia militar provoca no \ncotidiano das grandes cidades brasileiras – isso é muito \nmal reportado pela mídia no seu conjunto. Quem sabe, lá \nno  futuro,  o  historiador  não  passe  em  branco  por  esse \nmomento da história. Não vai poder dizer ‘olha, os negros \npobres  do  estado  mais  rico  da  federação  estão  sendo \neliminados com a frequência de três por dia, um a cada \noito horas’. Se o repórter não fizer esse registro preciso e \ncontundente, a cadeia toda pode falhar, a começar pelo \njornalista de opinião.” \n \n(“Caco Barcelos: ‘Erros históricos nascem da imprecisão jornalística’ ”. El País. \n26/08/2016. Entrevista concedida a Camila Moraes. Disponível em \nhttps://brasil.elpais.com/brasil/2016/07/19/cultura/1468956578_924541.html.  \nAcessado em 13/07/2017.) \n \nDe acordo com a posição defendida por Caco Barcellos \ncom  relação  a  seus  leitores,  uma  reportagem  exige  do \njornalista",
    "number": 4,
    "id": "UNICAMP_2018_4",
    "alternatives": [
        "a)  conhecimento preciso do assunto, uma vez que seu \nobjetivo é convencer o leitor a concordar com o que \nescreve para evitar que ele cometa erros.",
        "b)  investigação  e  precisão  no  tratamento  do  assunto, \nporque  ela  vai  servir  de  base  a  outros  artigos, \npermitindo que o leitor tire suas próprias conclusões.",
        "c)  investigação  e  precisão  na  abordagem  dos  fatos,  já \nque  ele  também  emite  seu  juízo  sobre  o  assunto, \nconduzindo o leitor a aceitar a história que narra.",
        "d)  conhecimento preciso dos fatos tratados, para que, no \nfuturo,  o  leitor  seja  levado  a  crer  que  o  repórter \nregistrou sua opinião de forma equilibrada."
    ],
    "associated_images": [],
    "answer": "B",
    "has_associated_images": false,
    "alternatives_type": "string",
    "subject": [
        "portuguese"
    ],
    "DS": false,
    "TU": true,
    "IU": false,
    "MR": false,
    "ML": false,
    "BK": false
}