{
    "question": "O primeiro satélite geoestacionário brasileiro foi lançado ao \nespaço  em  2017  e  será  utilizado  para  comunicações \nestratégicas  do  governo  e  na  ampliação  da  oferta  de \ncomunicação  de  banda  larga.  O  foguete  que  levou  o \nsatélite  ao  espaço  foi  lançado  do  Centro  Espacial  de \nKourou,  na  Guiana  Francesa.  A  massa  do  satélite  é \nconstante desde o lançamento até a entrada em órbita e \nvale  m = 6,0 x 10^3. O módulo de dua velocidade orbital \n é V_or = 3,0 x10^3 m/s.  Desprezando  a  velocidade \ninicial do satélite em razão do movimento de rotação da \nTerra, o trabalho da força resultante sobre o satélite para \nlevá-lo até a sua órbita é igual a",
    "number": 42,
    "id": "UNICAMP_2018_42",
    "alternatives": [
        "a)  2 MJ.",
        "b)  18 MJ.",
        "c)  27 GJ.",
        "d)  54 GJ."
    ],
    "associated_images": [],
    "answer": "C",
    "has_associated_images": false,
    "alternatives_type": "string",
    "subject": [
        "physics"
    ],
    "DS": true,
    "TU": true,
    "IU": false,
    "MR": true,
    "ML": false,
    "BK": false
}