{
    "question": "Em junho de 2017 uma intensa onda de calor atingiu os \nEUA, acarretando uma série de cancelamentos de voos do \naeroporto  de  Phoenix  no  Arizona.  A  razão  é  que  o  ar \natmosférico se torna muito rarefeito quando a temperatura \nsobe  muito,  o  que  diminui  a  força  de  sustentação  da \naeronave em voo. Essa força, vertical de baixo para cima, \nestá associada à diferença de pressão ∆P  entre as partes \ninferior e superior do avião. Considere um avião de massa \ntotal  m = 3x10^5 kg em  voo  horizontal.  Sendo  a  área \nefetiva de sustentação do avião  A = 500 m^2 , na situação \nde voo horizontal ∆P  vale",
    "number": 43,
    "id": "UNICAMP_2018_43",
    "alternatives": [
        "a)  5x10^3 N/m^2.",
        "b)  6x10^3 N/m^2.",
        "c)  1,5x10^6 N/m^2.",
        "d)  1,5x10^8 N/m^2."
    ],
    "associated_images": [],
    "answer": "B",
    "has_associated_images": false,
    "alternatives_type": "string",
    "subject": [
        "physics"
    ],
    "DS": true,
    "TU": true,
    "IU": false,
    "MR": true,
    "ML": false,
    "BK": false
}