{
    "question": "“Gelo  combustível”  ou  “gelo  de  fogo”  é  como  são \nchamados  os  hidratos  de  metano  que  se  formam  a \ntemperaturas muito baixas, em condições de pressão elevada. \nSão geralmente encontrados em sedimentos do fundo do mar ou \nsob  a  camada  de  solo  congelada  dos  polos.  A  considerável \nreserva  de  gelo  combustível  no  planeta  pode  se  tornar  uma \npromissora  fonte  de  energia  alternativa  ao  petróleo. \nConsiderando que a combustão completa de certa massa \nde gelo combustível libera uma quantidade de energia igual \na  E = 7,2 MJ, é correto afirmar que essa energia é capaz \nde  manter  aceso  um  painel  de  LEDs  de  potência \nP = 2  kW  por um intervalo de tempo igual a",
    "number": 44,
    "id": "UNICAMP_2018_44",
    "alternatives": [
        "a)  1 minuto.",
        "b)  144 s.",
        "c)  1 hora.",
        "d)  1 dia."
    ],
    "associated_images": [],
    "answer": "C",
    "has_associated_images": false,
    "alternatives_type": "string",
    "subject": [
        "physics"
    ],
    "DS": true,
    "TU": true,
    "IU": false,
    "MR": true,
    "ML": false,
    "BK": false
}