{
    "question": "Materias termoelétricos são aqueles com alto potencial de \ntransformar  calor  em  energia  elétrica.  A  capacidade  de \nconversão  de  calor  em  eletricidade  é  quantificada  pela \ngrandeza  F = (S^2 * T)/ρk ,  que  é  adimensional  e  função  da \ntemperatura  T   e  das  propriedades  do  material: \nresistividade  elétrica  ρ,  condutividade  térmica  κ, \ncoeficiente Seebeck  S . O gráfico a seguir mostra  ρ em \nfunção de T  para certo material termoelétrico.  Analisando \no  gráfico  e  considerando  κ = 2,0 W/(mxK)  e \nS = 300 µV/K  para  esse  material,  a  uma  temperatura \nT = 300 K , conclui-se que a grandeza F  desse material a \nessa temperatura vale \n [IMAGE 0]",
    "number": 47,
    "id": "UNICAMP_2018_47",
    "alternatives": [
        "a)  0,003.",
        "b)  0,6.",
        "c)  0,9.",
        "d)  90."
    ],
    "associated_images": [
        "imgs/UNICAMP/2018/47/0.jpg"
    ],
    "answer": "C",
    "has_associated_images": true,
    "alternatives_type": "string",
    "subject": [
        "physics"
    ],
    "DS": false,
    "TU": true,
    "IU": true,
    "MR": true,
    "ML": false,
    "BK": false
}