{
    "question": "Uma  lente  de  Fresnel  é  composta  por  um  conjunto  de \nanéis  concêntricos  com  uma  das  faces  plana  e  a  outra \ninclinada,  como  mostra  a  figura  (a).  Essas  lentes, \ngeralmente mais finas que as convencionais, são usadas \nprincipalmente  para  concentrar  um  feixe  luminoso  em \ndeterminado  ponto,  ou  para  colimar  a  luz  de  uma  fonte \nluminosa,  produzindo  um  feixe  paralelo,  como  ilustra  a \nfigura (b). Exemplos desta última aplicação são os faróis de \nautomóveis e os faróis costeiros. O diagrama da figura (c) \nmostra um raio luminoso que passa por um dos anéis de \numa lente de Fresnel de acrílico e sai paralelamente ao \nseu eixo. Se sen(θ1) = 0,5 e sen(θ2) = 0,75, o valor do índice de refração do acrílico é de\n (a) [IMAGE 1] \n (b) [IMAGE 0] \n (c) [IMAGE 2]",
    "number": 48,
    "id": "UNICAMP_2018_48",
    "alternatives": [
        "a)  1,50.",
        "b)  1,41.",
        "c)  1,25.",
        "d)  0,66."
    ],
    "associated_images": [
        "imgs/UNICAMP/2018/48/4.jpg",
        "imgs/UNICAMP/2018/48/3.jpg",
        "imgs/UNICAMP/2018/48/5.jpg"
    ],
    "answer": "A",
    "has_associated_images": true,
    "alternatives_type": "string",
    "subject": [
        "physics"
    ],
    "DS": true,
    "TU": true,
    "IU": true,
    "MR": true,
    "ML": false,
    "BK": false
}