{
    "question": "Os  gregos  sentiram  paixão  pelo  humano,  por  suas \ncapacidades,  por  sua  energia  construtiva.  Por  isso, \ninventaram a polis: a comunidade cidadã em cujo espaço \nartificial,  antropocêntrico,  não  governa  a  necessidade  da \nnatureza, nem a vontade dos deuses, mas a liberdade dos \nhomens, isto é, sua capacidade de raciocinar, de discutir, \nde escolher e de destituir dirigentes, de criar problemas e \npropor soluções. O nome pelo qual hoje conhecemos essa \ninvenção  grega,  a  mais  revolucionária,  politicamente \nfalando,  que  já  se  produziu  na  história  humana,  é \ndemocracia.  \n \n(Adaptado de Fernando Savater, Política para meu filho. São Paulo: \nMartins Fontes, 1996, p. 77.) \n \nAssinale a alternativa correta, considerando o texto acima \ne seus conhecimentos sobre a Grécia Antiga.",
    "number": 49,
    "id": "UNICAMP_2018_49",
    "alternatives": [
        "a)  Para os gregos, a cidade era o espaço do exercício da \nliberdade dos homens e da tirania dos deuses.",
        "b)  Os gregos inventaram a democracia, que tinha então \no mesmo funcionamento do sistema político vigente \natualmente no Brasil.",
        "c)  Para os gregos, a liberdade dos homens era exercida \nna  polis  e  estava  relacionada  à  capacidade  de \ninvenção da política.",
        "d)  A  democracia  foi  uma  invenção  grega  que  criou \nproblemas em função do excesso de liberdade dos \nhomens."
    ],
    "associated_images": [],
    "answer": "C",
    "has_associated_images": false,
    "alternatives_type": "string",
    "subject": [
        "history"
    ],
    "DS": true,
    "TU": true,
    "IU": false,
    "MR": false,
    "ML": false,
    "BK": false
}