{
    "question": "Estamos  acostumados  a  considerar  que  o  sistema \ncentro/periferia,  ao  menos  no  Ocidente,  é  um  eixo \nessencial da estrutura e do funcionamento no espaço das \neconomias, das sociedades, das civilizações. O historiador \nFernand  Braudel  estimou  que  tal  sistema  só  existiu  e \nfuncionou plenamente a partir do século XV. Essa definição \nnão  se  aplica  à  Cristandade  Medieval  sem  importantes \ncorreções. A noção de centro e a oposição centro/periferia \nsão  menos  decisivas  que outros  sistemas  de  orientação \nespacial. O principal sistema é o que opõe o baixo ao alto, \nquer dizer, o Aqui, esse “mundo” imperfeito e marcado pelo \nPecado Original, ao céu, morada de Deus.  \n \n(Adaptado  de  Jacques  Le  Goff  e  Jean-Claude  Schmitt, \n“Centro/Periferia”, em Dicionário temático do ocidente medieval, v. 2. \nSão Paulo: Edusc, 2002, p. 203.) \n \nA partir do texto acima, assinale a alternativa correta.",
    "number": 50,
    "id": "UNICAMP_2018_50",
    "alternatives": [
        "a)  Usada nas Ciências Humanas para a compreensão \nde períodos históricos desde a Antiguidade, a noção \nde centro/periferia perdura até a atualidade e estrutura \no sistema econômico global contemporâneo.",
        "b)  As noções de baixo e alto têm um sentido histórico \nmais  preciso  para  a  compreensão  da  Cristandade \nMedieval do que o sistema centro/periferia.",
        "c)  O  sistema  centro/periferia  é  aplicável  ao  estudo  da \nCristandade Medieval, já que os feudos constituíam o \ncentro da vida econômica e cultural naquele contexto.",
        "d)  O  sistema  centro/periferia  aplicado  durante  a  Era \nMedieval espelhava o sistema de orientação baixo e \nalto, sendo o baixo o mundo do pecado e o alto o \nmundo da virtude cristã."
    ],
    "associated_images": [],
    "answer": "B",
    "has_associated_images": false,
    "alternatives_type": "string",
    "subject": [
        "history"
    ],
    "DS": true,
    "TU": true,
    "IU": false,
    "MR": false,
    "ML": false,
    "BK": false
}