{
    "question": "As  plantações  de  mandioca  encontradas  pelas  saúvas \ncortadeiras nas roças indígenas eram apenas uma entre \nvárias outras. Em muitas situações, a composição química \ndas  folhas  favorecia  a  escolha  de  outras  plantas  e  a \nfolhagem  da  mandioca  era  cortada  apenas  quando  as \npreferidas  das  saúvas  não  eram  suficientes.  Já  na \nagricultura  comercial,  machados  e  foices  de  ferro \npermitiam abrir clareiras em uma escala maior, resultando \nem  grande  homogeneidade  da  flora.  Nas  lavouras  de \nmandioca de finais do século XVII e do início do século \nXVIII, as folhas da mandioca tornavam-se uma das poucas \nopções das formigas. Depois de mais algumas colheitas, a \ninfestação das formigas tornava-se insuportável, por vezes \ncausando o completo despovoamento humano da área.  \n \n(Adaptado  de  Diogo  Cabral,  'O  Brasil  é  um  grande  formigueiro’: \nterritório, ecologia e a história ambiental da América Portuguesa – \nparte 2. HALAC - História Ambiental Latinoamericana y Caribeña. Belo \nHorizonte, v. IV, n. 1, p. 87-113, set. 2014-fev. 2015.) \n \nA partir da leitura do texto e de seus conhecimentos sobre \nHistória do Brasil Colônia, assinale a alternativa correta.",
    "number": 52,
    "id": "UNICAMP_2018_52",
    "alternatives": [
        "a)  A  principal  diferença  entre  as  lavouras  indígenas  e  a \nagricultura  comercial  colonial  estava  no  uso  de \nqueimadas  pelos  europeus,  o  que  não  era  praticado \npelas populações autóctones.",
        "b)  Comparadas à mandioca cultivada pelos indígenas, as \nnovas espécies de mandioca trazidas da Europa eram \nmenos  resistentes  às  formigas  cortadeiras,  e  por  isso \nmais susceptíveis à infestação.",
        "c)  Os colonizadores introduziram no território colonial novas \nespécies de mandioca e milho, que desequilibraram o \nsistema agrícola ameríndio, baseado no sistema rotativo \nde plantação.",
        "d)  A agricultura comercial tendia à homogeneização da flora \nnas  lavouras  da  América  Portuguesa,  combinando \ntradições europeias de plantio com práticas indígenas."
    ],
    "associated_images": [],
    "answer": "D",
    "has_associated_images": false,
    "alternatives_type": "string",
    "subject": [
        "history"
    ],
    "DS": true,
    "TU": true,
    "IU": false,
    "MR": false,
    "ML": false,
    "BK": true
}