{
    "question": "Consideramos  estas  verdades  como  autoevidentes:  que \ntodos os homens e mulheres foram criados iguais; que são \ndotados pelo Criador de certos direitos inalienáveis. Entre \nos direitos inalienáveis estão a vida, a liberdade e a busca \nda felicidade. Para garantir esses direitos, os governos são \ninstituídos.  Os  poderes  do  governo  emanam  do \nconsentimento  daqueles  que  são  governados.  Qualquer \ngoverno  que  se  torna  destrutivo  para  os  direitos \ninalienáveis pode ser destituído por aqueles que sofrem. \nOs  que  sofrem  podem  recusar  lealdade  e  exigir  a \ninstituição  de  um  novo  governo.  E  assim  tem  sido  o \nsofrimento das mulheres sob este governo. E, por isso, é \nnecessário exigir uma mudança.  \n \n(Adaptado de Elizabeth Cady Stanton, A History of Woman Suffrage, \nv. 1. Rochester: Fowler and Wells, 1889, p. 70-71.) \n \nAssinale a alternativa correta.  \n \nO documento acima integra",
    "number": 53,
    "id": "UNICAMP_2018_53",
    "alternatives": [
        "a)  a Declaração de Independência dos Estados Unidos \nda América, baseada nos princípios de Jean-Jacques \nRousseau e do Pacto Social.",
        "b)  a Declaração da primeira Convenção dos Direitos das \nMulheres  nos  Estados  Unidos  da  América,  que \nreconhece os princípios liberais de John Locke e o \ndireito à propriedade privada, ampliando-os.",
        "c)  a Declaração de Independência dos Estados Unidos \nda  América,  baseada  nos  princípios  de  Thomas \nPaine,  que  reconhece  como  direitos  inalienáveis  a \nvida, a liberdade e a busca da felicidade.",
        "d)  a Declaração da primeira Convenção dos Direitos das \nMulheres nos Estados Unidos da América, baseada \nnos princípios de Alexis de Tocqueville, que se \nopunha à democracia na América."
    ],
    "associated_images": [],
    "answer": "B",
    "has_associated_images": false,
    "alternatives_type": "string",
    "subject": [
        "history"
    ],
    "DS": true,
    "TU": true,
    "IU": false,
    "MR": false,
    "ML": false,
    "BK": false
}