{
    "question": "Vistas  em  conjunto,  as  aspirações  ruralistas  não  eram \ncontraditórias  ou  incompatíveis  com  o  programa \ndesenvolvimentista  de  Juscelino  Kubitschek.  A  ideia  de \nincompatibilidade  entre  o  projeto  nacional-\ndesenvolvimentista  e  os  interesses  agrários  era  uma \nficção.  \n \n(Adaptado de Vânia Moreira, “Os Anos JK: industrialização e modelo oligárquico \nde desenvolvimento rural”, em Jorge Ferreira e Lucília Delgado (Orgs.), O Brasil \nRepublicano. v. 3. Rio de Janeiro: Civilização Brasileira, 2003, p. 169-170.) \n \nConsiderando  a  composição  do  setor  rural  nacional  e  o \nprograma  desenvolvimentista  do  governo  JK,  é  correto \nafirmar que:",
    "number": 55,
    "id": "UNICAMP_2018_55",
    "alternatives": [
        "a)  A \"Marcha para o Oeste\" obteve grande êxito porque, \nalém dos grandes ruralistas, conseguia atender também \naos  interesses  dos  pequenos  posseiros,  trabalhadores \nsem terra e indígenas.",
        "b)  O desenvolvimentismo atendia às ambições da oligarquia \nrural,  em  função  das  políticas  de  modernização  da \nagricultura,  permitindo  que  ela  se  beneficiasse  da \nexpansão  do  mercado  consumidor,  um  dos \ndesdobramentos da industrialização.",
        "c)  O Plano de Metas do governo JK fracassou porque os \ninteresses do agronegócio se mostraram posteriormente \ninconciliáveis com as demandas da velha oligarquia rural \ndas regiões Norte e Centro-Oeste.",
        "d)  Os interesses agrários e o projeto de industrialização do \nnacional-desenvolvimentismo eram compatíveis porque o \nPartido  Trabalhista  Brasileiro  era  composto \nprincipalmente pela oligarquia rural."
    ],
    "associated_images": [],
    "answer": "B",
    "has_associated_images": false,
    "alternatives_type": "string",
    "subject": [
        "history"
    ],
    "DS": true,
    "TU": true,
    "IU": false,
    "MR": false,
    "ML": false,
    "BK": true
}