{
    "question": "[IMAGE 0]\nA foto mostra, da esquerda para a direita, os atletas Peter \nNorman  (australiano),  John  Carlos  e  Tommie  Smith  (norte-\namericanos), no pódio dos 200 metros rasos das Olimpíadas \nde 1968, no México. \n(Disponível em http://www.gettyimages.co.uk/detail/news-photo/the-american-\nsprinters-tommie-smith-john-carlos-and-peter-news-photo/186173327#the-\namerican-sprinters-tommie-smithjohn-carlos-and-peter-norman-the-picture-\nid186173327. Acessado em 01/08/2017.) \n \nConsiderando a imagem acima e seus conhecimentos acerca \ndos  Movimentos  de  Direitos  Civis,  assinale  a  alternativa \ncorreta.",
    "number": 56,
    "id": "UNICAMP_2018_56",
    "alternatives": [
        "a)  A  fotografia  registra  o  ato  de  resistência  de  atletas \nnegros  que  defendiam  as  propostas  de  Martin  Luther \nKing e a ação pacifista como caminho para a constituição \nda igualdade racial.",
        "b)  A  fotografia  registra  a  manifestação  política  de  três \natletas que defendiam a Nação Islã e a implementação \nda Ku Klux Klan em todo o território nacional.",
        "c)  A  fotografia  registra  a  manifestação  de  atletas \ndefensores dos Panteras Negras e das ações violentas, \nse necessárias, para a conquista da igualdade racial.",
        "d)  A fotografia registra a resistência de atletas e do Comitê \nOlímpico  Internacional,  que  combatiam  o  sistema  de \ndiscriminação  racial  existente  nos  Estados  Unidos  da \nAmérica."
    ],
    "associated_images": [
        "imgs/UNICAMP/2018/56/0.jpg"
    ],
    "answer": "C",
    "has_associated_images": true,
    "alternatives_type": "string",
    "subject": [
        "history"
    ],
    "DS": true,
    "TU": false,
    "IU": true,
    "MR": false,
    "ML": false,
    "BK": false
}