{
    "question": "“Como  na  Argentina:  Os  corpos brotam  do  chão, como na \nArgentina. Corpo não é reciclável. Corpo não é reduzível. Dá \npara dissolver os corpos em ácido, mas não haveria ácido que \nchegasse para os assassinados do século. Valas mais fundas, \nmais  escombros,  nada  adianta.  Sempre  sobra  um  dedo \nacusando. O corpo é como o nosso passado, não existe mais \ne não vai embora. Tentaram largar o corpo no meio do mar e \nnão deu certo. O corpo boia. O corpo volta. Tentaram forjar o \nprotocolo – foi suicídio, estava fugindo – e o corpo desmentia \ntudo.  O  corpo  incomoda.  O  corpo  faz  muito  silêncio. \nConsciência não é biodegradável. Memórias não apodrecem. \nFicam os dentes.”  \n \n(Luís Fernando Veríssimo, “Como na Argentina”, em A mãe do Freud. Porto \nAlegre: L&PM Editores, 1985, p. 46.) \n \nO texto se refere",
    "number": 57,
    "id": "UNICAMP_2018_57",
    "alternatives": [
        "a)  ao trauma coletivo das políticas repressivas e crimes de \nEstado  praticados  pelos  regimes  ditatoriais  latino-\namericanos.",
        "b)  à memória dos exilados fugidos dos regimes ditatoriais \nlatino-americanos da segunda metade do século XX.",
        "c)  ao movimento dos Montoneros, em busca de seus filhos \ne  netos  desaparecidos  no  período  da  ditadura  na \nArgentina.",
        "d)  aos julgamentos em andamento contra o clientelismo do \nregime peronista praticada na Argentina."
    ],
    "associated_images": [],
    "answer": "A",
    "has_associated_images": false,
    "alternatives_type": "string",
    "subject": [
        "history"
    ],
    "DS": true,
    "TU": true,
    "IU": false,
    "MR": false,
    "ML": false,
    "BK": false
}