{
    "question": "[IMAGE 0]\n(Edgar Fahs Memorial Collection, Department of Special Collections, \nUniversity  of  Pennsylvania  Library.  Disponível  em \nsceti.library.upenn.edu. Acessado em 14/08/2017.) \n \nA ilustração anterior, com Marie Lavoisier representada à \ndireita, foi produzida nas últimas décadas do século XVIII, \ne  mostra  uma  experiência  para  entender  a  fisiologia  da \nrespiração  e  o  papel  do  oxigênio  nela.  Considerando  o \ncontexto  histórico  e  o  seu  conhecimento  de  química, \nassinale a alternativa correta.",
    "number": 58,
    "id": "UNICAMP_2018_58",
    "alternatives": [
        "a)  No século XVIII, Marie Lavoisier, como outras mulheres, \nnão participava da produção do conhecimento científico. \nPor  outro  lado,  seu  marido,  Antoine  Lavoisier,  ficou \nfamoso pela frase “na natureza nada se cria, nada se \nperde,  tudo  se  transforma”,  conhecida  como  a  lei  de \nconservação da quantidade de matéria.",
        "b)  A Revolução Francesa favoreceu cientistas e intelectuais \nfranceses  independentemente  de  suas  posições \nideológicas e das questões de gênero. É o caso de Marie \nLavoisier e de Antoine Lavoisier, este último famoso pela \nfrase “na natureza nada se cria, nada se perde, tudo se \ntransforma”, conhecida como a lei de conservação das \nmassas.",
        "c)  No século XVIII, as mulheres participavam da produção \ndo conhecimento científico. Marie Lavoisier registrou e \npublicou muitos dos experimentos feitos pela equipe de \nseu  marido,  Antoine  Lavoisier,  famoso  pela  frase  “na \nnatureza  nada  se  cria,  nada  se  perde,  tudo  se \ntransforma”, conhecida como a lei de conservação das \nmassas.",
        "d)  A Revolução Francesa garantiu às mulheres a cidadania \ne a participação na produção do conhecimento científico. \nMarie  Lavoisier  registrou  e  publicou  muitos  dos \nexperimentos feitos pela equipe de seu marido, Antoine \nLavoisier, famoso pela frase “na natureza nada se cria, \nnada se perde, tudo se transforma”, conhecida como a lei \nde conservação da quantidade de matéria."
    ],
    "associated_images": [
        "imgs/UNICAMP/2018/58/1.jpg"
    ],
    "answer": "C",
    "has_associated_images": true,
    "alternatives_type": "string",
    "subject": [
        "history"
    ],
    "DS": true,
    "TU": true,
    "IU": false,
    "MR": false,
    "ML": false,
    "BK": false
}