{
    "question": "[IMAGE 0]\n(“Caneta  Desmanipuladora.”  Facebook.  17/10/2016.  Disponível  em \nhttps://www.facebook.com/canetadesmanipuladora/.  Acessado  em \n15/07/2017.)   \nEm  relação  ao  post  adaptado  da  página  do  Facebook \n“Caneta  Desmanipuladora”,  é  correto  afirmar  que  a \n“desmanipulação” (substituição de “já” por “só” e acréscimo \nde “até agora”) explicita a tentativa do jornal de levar o \nleitor a pensar que",
    "number": 6,
    "id": "UNICAMP_2018_6",
    "alternatives": [
        "a)  ainda falta muito a ser pago pela mineradora e há atrasos \nno pagamento.",
        "b)  a Samarco teria pago uma grande parte do que devia  e o \nprazo provavelmente está sendo cumprido.",
        "c)  a  Samarco  já  quitou  o  que  devia  ,  conforme  valor \nhomologado na justiça.",
        "d)  a mineradora não deveria arcar sozinha com a despesa \nda tragédia de Mariana."
    ],
    "associated_images": [
        "imgs/UNICAMP/2018/6/2.jpg"
    ],
    "answer": "B",
    "has_associated_images": true,
    "alternatives_type": "string",
    "subject": [
        "portuguese"
    ],
    "DS": false,
    "TU": true,
    "IU": true,
    "MR": false,
    "ML": false,
    "BK": false
}