{
    "question": "Mesmo  em  manhãs  bem  quentes,  é  comum  ver  um  cão \ntomando sol. O pelo do animal esquenta e sua língua do lado \nde fora sugere que ele está cansado. O pelo do animal está \nmuito quente, mas mesmo assim o cão permanece ao sol, \ngarantindo  a  produção  de  vitamina  D3.  Durante  essa \nexposição ao sol, ocorrem transferências de energia entre o \ncão e o ambiente, por processos indicados por números na \nfigura abaixo. \n [IMAGE 0]\n(Adaptado de KHAN ACADEMY, Endotherms and ectotherms. Disponível em \nwww.khanacademy.org. Acessado em 26/07/17.) \nEm  ordem  crescente,  os  números  correspondem, \nrespectivamente, aos processos de",
    "number": 61,
    "id": "UNICAMP_2018_61",
    "alternatives": [
        "a)  convecção,  evaporação,  radiação,  condução  e \nradiação.",
        "b)  convecção,  radiação,  condução,  radiação  e \nevaporação.",
        "c)  condução,  evaporação,  convecção,  radiação  e \nradiação.",
        "d)  condução,  radiação,  convecção,  evaporação  e \nradiação."
    ],
    "associated_images": [
        "imgs/UNICAMP/2018/61/2.jpg"
    ],
    "answer": "C",
    "has_associated_images": true,
    "alternatives_type": "string",
    "subject": [
        "chemistry"
    ],
    "DS": true,
    "TU": true,
    "IU": true,
    "MR": false,
    "ML": false,
    "BK": false
}