{
    "question": "O livro O Pequeno Príncipe, de Antoine de Saint-Exupéry, \numa das obras literárias mais traduzidas no mundo, traz \nilustrações  inspiradas  na  experiência  do  autor  como \naviador no norte da África. Uma delas, a figura (a), parece \nrepresentar um chapéu ou um elefante engolido por uma \njiboia, dependendo de quem a interpreta. \n [IMAGE 0] \nPara  um  químico,  no  entanto,  essa  figura  pode  se \nassemelhar  a  um  diagrama  de  entalpia,  em  função  da \ncoordenada  da  reação  (figura  b).  Se  a  comparação  for \nválida, a variação de entalpia dessa reação seria",
    "number": 64,
    "id": "UNICAMP_2018_64",
    "alternatives": [
        "a)  praticamente nula, com a formação de dois produtos.",
        "b)  altamente  exotérmica,  com  a  formação  de  dois \nprodutos.",
        "c)  altamente exotérmica,  mas nada se poderia afirmar \nsobre a quantidade de espécies no produto.",
        "d)  praticamente nula, mas nada se poderia afirmar sobre \na quantidade de espécies no produto."
    ],
    "associated_images": [
        "imgs/UNICAMP/2018/64/1.jpg"
    ],
    "answer": "D",
    "has_associated_images": true,
    "alternatives_type": "string",
    "subject": [
        "chemistry"
    ],
    "DS": true,
    "TU": true,
    "IU": true,
    "MR": true,
    "ML": false,
    "BK": false
}