{
    "question": "No  Brasil,  cerca  de  12  milhões  de  pessoas  sofrem  de \ndiabetes mellitus, uma doença causada pela incapacidade \ndo  corpo  em  produzir  insulina  ou  em  utilizá-la \nadequadamente.  No  teste  eletrônico  para  determinar  a \nconcentração  da  glicose  sanguínea,  a  glicose  é \ntransformada em ácido glucônico e o hexacianoferrato(III) é \ntransformado em hexacianoferrato(II), conforme mostra o \nesquema a seguir. \n [IMAGE 0] \nEm relação ao teste eletrônico, é correto afirmar que",
    "number": 66,
    "id": "UNICAMP_2018_66",
    "alternatives": [
        "a)  a  glicose  sofre  uma  reação  de  redução  e  o \nhexacianoferrato(III) sofre uma reação de oxidação.",
        "b)  a  glicose  sofre  uma  reação  de  oxidação  e  o \nhexacianoferrato(III) sofre uma reação de redução.",
        "c)  ambos, glicose e hexacianoferrato(III), sofrem reações \nde oxidação.",
        "d)  ambos, glicose e hexacianoferrato(III), sofrem reações \nde redução."
    ],
    "associated_images": [
        "imgs/UNICAMP/2018/66/0.png"
    ],
    "answer": "B",
    "has_associated_images": true,
    "alternatives_type": "string",
    "subject": [
        "chemistry"
    ],
    "DS": true,
    "TU": true,
    "IU": false,
    "MR": false,
    "ML": false,
    "BK": false
}