{
    "question": "Dados de massas atômicas em Dalton: C = 12 e H = 1.\nMais de 2.000 plantas produzem látex, a partir do qual se \nproduz  a  borracha  natural.  A  Hevea  brasiliensis \n(seringueira)  é  a  mais  importante  fonte  comercial  desse \nlátex.  O  látex  da  Hevea  brasiliensis  consiste  em  um \npolímero  do  cis-1,4-isopreno,  fórmula  C5H8 ,  com  uma \n5 8\nmassa molecular média de 1.310 kDa (quilodaltons). De \nacordo com essas informações, a seringueira produz um \npolímero que tem em média",
    "number": 67,
    "id": "UNICAMP_2018_67",
    "alternatives": [
        "a)  19 monômeros por molécula.",
        "b)  100 monômeros por molécula.",
        "c)  1.310 monômeros por molécula.",
        "d)  19.000 monômeros por molécula."
    ],
    "associated_images": [],
    "answer": "D",
    "has_associated_images": false,
    "alternatives_type": "string",
    "subject": [
        "chemistry"
    ],
    "DS": true,
    "TU": true,
    "IU": false,
    "MR": true,
    "ML": false,
    "BK": false
}