{
    "question": "Em maio deste ano, uma festa do 3º ano do Ensino Médio de \numa escola do Rio Grande do Sul propôs aos alunos que se \npreparavam  para  o  vestibular  uma  atividade  chamada  “Se \nnada der certo”. O objetivo era “trabalhar o cenário de não \naprovação  no  vestibular”,  e  como  “lidar  melhor  com  essa \nfase”.  Os  alunos  compareceram  à  festa  “fantasiados”  de \nfaxineiros,  garis,  domésticas,  agricultores,  entre  outras \nprofissões consideradas de pessoas “fracassadas”. O evento \nteve  repercussão  nacional  e  acirrou  o  debate  sobre  a \nmeritocracia.  Para  Luis  Felipe  Miguel,  professor  de  ciência \npolítica, “o tom de chacota da festa-recreio era óbvio”, e teria \nsido mais interessante “discutir como se constrói a hierarquia \nque  define  algumas  ocupações  como  subalternas  e  outras \ncomo superiores; discutir como alguns podem desprezar os \nsaberes  incorporados  nas  práticas  dessas  profissões \n(subalternas apenas porque contam com quem as faça por \neles); discutir como o que realmente ‘deu certo’ para eles foi a \nloteria do nascimento, que, na nossa sociedade, determina a \nparte do leão das trajetórias individuais”. \n \n(Adaptado de Fernanda Valente, Dia do ’se nada der certo’ acende debate sobre \nmeritocracia  e  privilégio.  Carta  Capital,  06/06/2017.  Disponível  em \nhttp://justificando.cartacapital.com.br/2017/06/06/dia-do-se-nada-der-certo-\nacende-debate-sobre-meritocracia-e-privilegio/. Acessado em 08/06/2017.)  \n \nAs  alternativas  a  seguir  reproduzem  trechos  de  uma \nentrevista  do  professor  Sidney  Chalhoub  (Unicamp  e \nHarvard) sobre o mito da meritocracia.  \n(Manuel  Alves  Filho,  A  meritocracia  é  um  mito  que  alimenta  as \ndesigualdades, diz Sidney Chalhoub. Jornal da Unicamp, 07/06/2017.) \n \nAssinale  aquela  que  dialoga  diretamente  com  a  notícia \nacima.",
    "number": 7,
    "id": "UNICAMP_2018_7",
    "alternatives": [
        "a)  É  preciso  promover  a  inclusão  “e  fazer  com  que  o \nconhecimento  que  essas  pessoas  trarão  à \nUniversidade seja reconhecido e disseminado”.",
        "b)  Com a adesão da Unicamp ao sistema de cotas, um \n“novo  contingente  de  alunos  colocará  em  cheque \nvários hábitos da universidade”.",
        "c)  “As melhores universidades do mundo (que servem de \nreferência)  adotam  a  diversidade  no  ingresso  dos \nestudantes há bastante tempo”.",
        "d)  “O  ideal  seria  que  todos  aqueles  que  tivessem \ncondições  intelectuais  e  interesse  em  entrar  na \nuniversidade obtivessem uma vaga”."
    ],
    "associated_images": [],
    "answer": "A",
    "has_associated_images": false,
    "alternatives_type": "string",
    "subject": [
        "portuguese"
    ],
    "DS": false,
    "TU": true,
    "IU": false,
    "MR": false,
    "ML": false,
    "BK": true
}