{
    "question": "[IMAGE 0]\nAo  percorrer  a  Ferrovia  Transiberiana,  de  Moscou  a \nVladivostok, em uma extensão de 9.289 km, atravessamos \ndiferentes unidades do relevo russo:",
    "number": 70,
    "id": "UNICAMP_2018_70",
    "alternatives": [
        "a)  Montes Urais, Planície Russa, Planalto da Anatólia e \nPlanalto Central Siberiano.",
        "b)  Planalto do Decã, Planalto Central Siberiano, Montes \nUrais e Planície Russa.",
        "c)  Planalto  Central  Siberiano,  Planície  Russa,  Montes \nUrais e Planalto dos Bálcãs.",
        "d)  Planície  Russa,  Montes  Urais,  Planalto  Central \nSiberiano e Planalto de Aldan."
    ],
    "associated_images": [
        "imgs/UNICAMP/2018/70/0.jpg"
    ],
    "answer": "D",
    "has_associated_images": true,
    "alternatives_type": "string",
    "subject": [
        "geography"
    ],
    "DS": true,
    "TU": true,
    "IU": true,
    "MR": false,
    "ML": false,
    "BK": false
}