{
    "question": "O referendo realizado no Reino Unido em junho de 2016 \nconduziu  ao  Brexit,  após  43  anos  de  adesão  à  União \nEuropeia.  São  potenciais  consequências  dessa  decisão, \nnos níveis nacional e continental, respectivamente,",
    "number": 71,
    "id": "UNICAMP_2018_71",
    "alternatives": [
        "a)  o pedido da Irlanda do Norte por um novo referendo \npara  decidir  sua  permanência  no  Reino  Unido  e  a \ncontinuidade da livre circulação da moeda europeia, o \neuro, no Reino Unido.",
        "b)  o pedido da Inglaterra por  um novo referendo para \ndecidir  sua  permanência  no  Reino  Unido  e  a \ncontinuidade da livre circulação da moeda europeia, o \neuro, no Reino Unido.",
        "c)  o  pedido  da  Escócia  por  um  novo  referendo  para \ndecidir  sua  permanência  no  Reino  Unido  e  o \ncomprometimento  da  livre  circulação  de  cidadãos \neuropeus no Reino Unido.",
        "d)  o pedido do País de Gales por um novo  referendo \npara  decidir  sua  permanência  no  Reino  Unido  e  o \ncomprometimento  da  livre  circulação  de  cidadãos \neuropeus no Reino Unido."
    ],
    "associated_images": [],
    "answer": "C",
    "has_associated_images": false,
    "alternatives_type": "string",
    "subject": [
        "geography"
    ],
    "DS": true,
    "TU": true,
    "IU": false,
    "MR": false,
    "ML": false,
    "BK": false
}