{
    "question": "Detroit  foi  símbolo  mundial  da  indústria  automotiva. \nChegou a abrigar quase 2 milhões de habitantes entre as \ndécadas de 1960 e 1970. Em 2010, porém, havia perdido \nmais de um milhão de habitantes. O espaço urbano entrou \nem colapso, com fábricas em ruínas, casas abandonadas, \nsupressão de serviços públicos essenciais, crescimento da \npobreza  e  do  desemprego.  Em  2013,  foi  decretada  a \nfalência  da  cidade.  Essa  crise  urbana  vivida  por  Detroit \nresulta dos seguintes processos:",
    "number": 73,
    "id": "UNICAMP_2018_73",
    "alternatives": [
        "a)  ascensão do taylorismo; protecionismo econômico e \nconcorrência com capitais europeus; deslocamento de \nindústrias para cidades vizinhas.",
        "b)  consolidação  do  regime  de  acumulação  fordista; \nprotecionismo econômico e concorrência com capitais \neuropeus;  deslocamento  de  indústrias  para  outros \npaíses;",
        "c)  declínio  do  toyotismo;  liberalização  econômica  e \nconcorrência com capitais asiáticos; deslocamento de \nindústrias para cidades vizinhas.",
        "d)  ascensão  do  regime  de  acumulação  flexível; \nliberalização econômica e concorrência com capitais \nasiáticos;  deslocamento  de  indústrias  para  outros \npaíses."
    ],
    "associated_images": [],
    "answer": "D",
    "has_associated_images": false,
    "alternatives_type": "string",
    "subject": [
        "geography",
        "history"
    ],
    "DS": true,
    "TU": true,
    "IU": false,
    "MR": false,
    "ML": false,
    "BK": false
}