{
    "question": "[IMAGE 0]\nA figura anterior destaca um domínio natural marcado por \nespecificidades  físicas  e  de  ocupação  pela  população. \nAssinale  a  alternativa  que  indica  corretamente  as \ncaracterísticas naturais e humanas predominantes nesse \ndomínio.  \n \n(Adaptado  de  Azis  Ab´Saber,  Os  domínios  de  natureza  no  Brasil: \npotencialidades paisagísticas. São Paulo: Ateliêr Editorial, 2003, p. 159.)",
    "number": 74,
    "id": "UNICAMP_2018_74",
    "alternatives": [
        "a)  Relevo de Mares de Morro; solos de tipo latossolos; \ngrande  concentração  da  população  ao  longo  dos \ncursos d’água da região.",
        "b)  Relevo  de  Altiplanos  Basálticos;  solos  de  tipo \npodzólicos;  grande  dispersão  da  população  pelos \ndiversos ecossistemas regionais.",
        "c)  Relevo Residual de Colinas com afloramento rochoso; \nsolos de tipo litólicos; grande dispersão da população \npelo espaço regional.",
        "d)  Relevo  de  Terras  Baixas;  solos  de  tipo  gleissolos; \ngrande  concentração  da  população  nas  áreas \ninundáveis sazonalmente."
    ],
    "associated_images": [
        "imgs/UNICAMP/2018/74/0.jpg"
    ],
    "answer": "C",
    "has_associated_images": true,
    "alternatives_type": "string",
    "subject": [
        "geography"
    ],
    "DS": true,
    "TU": true,
    "IU": true,
    "MR": false,
    "ML": false,
    "BK": true
}