{
    "question": "Frequentemente o terrorismo recorre a ações de grande \nimpacto. Contudo, seu objetivo maior é o de influenciar os \nespíritos;  antes  de  tudo,  ele  visa  a  aterrorizar,  e  se \ndistingue  da  criminalidade.  Invocando  reivindicações \npolíticas,  de  natureza  social,  econômica  ou  religiosa,  o \nterrorismo",
    "number": 78,
    "id": "UNICAMP_2018_78",
    "alternatives": [
        "a)  realiza-se apenas no âmbito internacional, enquanto a \ncriminalidade  é  marcada  pelo  objetivo  primeiro  do \nganho financeiro.",
        "b)  realiza-se nacional e internacionalmente, enquanto a \ncriminalidade  é  marcada  pelo  objetivo  primeiro  do \nganho financeiro.",
        "c)  realiza-se apenas no âmbito internacional, enquanto a \ncriminalidade  é  marcada  basicamente  por  objetivos \nideológicos.",
        "d)  realiza-se nacional e internacionalmente, enquanto a \ncriminalidade  é  marcada  basicamente  por  objetivos \nideológicos."
    ],
    "associated_images": [],
    "answer": "B",
    "has_associated_images": false,
    "alternatives_type": "string",
    "subject": [
        "geography"
    ],
    "DS": true,
    "TU": true,
    "IU": false,
    "MR": false,
    "ML": false,
    "BK": false
}