{
    "question": "A figura a seguir exibe uma representação estilizada do \nmapa  do  Estado  de  São  Paulo.  As  linhas  pontilhadas \nhorizontais  e  verticais  indicam  intervalos  iguais  de \nlongitude e latitude, e o ponto preto representa a cidade de \nCampinas.  \n [IMAGE 0] \nConsidere  que  o  Estado  de  São  Paulo  está, \naproximadamente, entre as latitudes   e   Sul e entre \nas longitudes   e   Oeste. A partir da representação \nacima, conclui-se que Campinas se localiza entre",
    "number": 79,
    "id": "UNICAMP_2018_79",
    "alternatives": [
        "a) as latitudes 24° e 25° Sul.",
        "b) as latitudes 21° e 22° Sul.",
        "c) as longitudes 46° e 48° Oeste.",
        "d) as longitudes 50° e 52° Oeste."
    ],
    "associated_images": [
        "imgs/UNICAMP/2018/79/1.jpg"
    ],
    "answer": "C",
    "has_associated_images": true,
    "alternatives_type": "string",
    "subject": [
        "geography"
    ],
    "DS": true,
    "TU": true,
    "IU": true,
    "MR": true,
    "ML": false,
    "BK": false
}