{
    "question": "O  título  do  romance  Caminhos  cruzados,  de  Érico \nVeríssimo,",
    "number": 8,
    "id": "UNICAMP_2018_8",
    "alternatives": [
        "a)  alude às dificuldades vividas pelas personagens mais \nrepresentativas da elite urbana, além de sugerir que \nnenhum homem é uma ilha.",
        "b)  sugere  que  a  vida  social  das  personagens  é \nconstituída  pelo  conjunto  de  relações  econômicas  e \npsicológicas dos indivíduos.",
        "c)  remete à técnica narrativa do romance, no qual várias \nhistórias são relacionadas, sem o estabelecimento de \num protagonista principal.",
        "d)  simboliza  as  relações  de  poder  da  classe  burguesa \nemergente  e o seu desejo de controlar a conduta ética \nda sociedade."
    ],
    "associated_images": [],
    "answer": "C",
    "has_associated_images": false,
    "alternatives_type": "string",
    "subject": [
        "portuguese"
    ],
    "DS": true,
    "TU": false,
    "IU": false,
    "MR": false,
    "ML": false,
    "BK": true
}