{
    "question": "[IMAGE 0] \n(Fonte: Fabio R. Marin e Daniel S. P. Nassif “Mudanças climáticas e a cana-de-\naçúcar no Brasil: fisiologia, conjuntura e cenário futuro”. Revista Brasileira de \nEngenharia Agrícola e Ambiental. v. 17, n 2, 2013, p. 233.) \n \nA  figura  acima  indica  a  distribuição  de  usinas \nsucroenergéticas  no  Brasil  em  2010.  Essas  usinas \nprovocaram  aumento  da  produção  de  vinhaça,  resíduo \npastoso e malcheiroso resultante da destilação do caldo de \ncana-de-açúcar fermentado.  \n \nAssinale a alternativa correta.",
    "number": 80,
    "id": "UNICAMP_2018_80",
    "alternatives": [
        "a)  No Centro-Oeste, as usinas estão concentradas em \náreas anteriormente ocupadas pelo Cerrado; quando \na  vinhaça  atinge  os  rios,  ocorre  aumento  na \nquantidade de micro-organismos nocivos aos peixes.",
        "b)  O  processamento  da  cana  no  Sudeste  está \nconcentrado no Vale do Paraíba; a vinhaça é rica em \ncompostos sulfurados, leva à contaminação ambiental \ne não serve como fertilizante.",
        "c)  As usinas do Nordeste concentram-se no Agreste; a \nvinhaça  é  rica  em  matéria  orgânica  e  pode  ser \nutilizada como adubo para o solo.",
        "d)  Na região Norte há poucas usinas, situadas apenas \nnas  Terras  Altas  amazônicas;  a  vinhaça  é  rica  em \nmatéria  orgânica,  mas  o  processo  de  destilação \nelimina seus nutrientes."
    ],
    "associated_images": [
        "imgs/UNICAMP/2018/80/2.jpg"
    ],
    "answer": "A",
    "has_associated_images": true,
    "alternatives_type": "string",
    "subject": [
        "geography"
    ],
    "DS": true,
    "TU": true,
    "IU": true,
    "MR": false,
    "ML": false,
    "BK": true
}