{
    "question": "Fósseis do organismo Spriggina (em vista dorsal na figura \na  seguir),  que  viveu  há  550  milhões  de  anos,  foram \ndescobertos nas montanhas de Ediacara, na Austrália. Tais \nfósseis  estão  entre  os  mais  antigos  vestígios  de  seres \nmulticelulares já encontrados.\n [IMAGE 0] \n(Fonte: https://museumvictoria.com.au/melbournemuseum/ \ndiscoverycentre/600-million-years/timeline/ediacaran/spriggina. \nAcessado em 10/07/2017.) \n \nEsse  animal  primitivo,  cuja  classificação  desafia  os \npesquisadores,  possui  algumas  características  ainda \nencontradas na maioria dos animais existentes hoje. Esse \nanimal apresenta",
    "number": 85,
    "id": "UNICAMP_2018_85",
    "alternatives": [
        "a)  simetria  bilateral,  com  eixo  ântero-posterior  bem \ndefinido, características não encontradas em cnidários, \nporíferos e equinodermos.",
        "b)  simetria  radial,  com  eixo  dorsoventral  bem  definido, \ncaracterísticas  não  encontradas  em  cnidários, \nmoluscos e equinodermos.",
        "c)  simetria  dorsoventral,  com  eixo  ântero-posterior  bem \ndefinido, características não encontradas em cordados, \nporíferos e cnidários.",
        "d)  simetria  pentarradial,  com  eixo  dorsoventral  bem \ndefinido, características não encontradas em cnidários, \ncordados e equinodermos."
    ],
    "associated_images": [
        "imgs/UNICAMP/2018/85/0.jpg"
    ],
    "answer": "A",
    "has_associated_images": true,
    "alternatives_type": "string",
    "subject": [
        "biology"
    ],
    "DS": true,
    "TU": true,
    "IU": true,
    "MR": false,
    "ML": false,
    "BK": false
}