{
    "question": "Altas concentrações de metais pesados foram encontradas \nnas  águas  de  inúmeras  bacias  hidrográficas  brasileiras. \nEsses  poluentes  podem  rapidamente  se  acumular  em \nseres vivos. Por exemplo, peixes podem absorver metais \npesados da água e pela ingestão de alimentos, retendo-os \nem seu tecido muscular. \n \n(Adaptado de Daniel P. de Lima e outros, Contaminação por metais \npesados em peixes e água da bacia do rio Cassiporé, Estado do \nAmapá, Brasil. Acta Amazonica, Manaus, 45, pp. 405-414, 2015.)  \n \nAssinale a alternativa correta.",
    "number": 89,
    "id": "UNICAMP_2018_89",
    "alternatives": [
        "a)  Metais pesados, como o urânio, são encontrados em \nmaiores concentrações em herbívoros longevos ou do \nmeio  da  teia  alimentar,  como  tartarugas  marinhas  e \npeixes de fundo de rio.",
        "b)  Metais  pesados,  como  o  mercúrio,  são  encontrados \nem maiores concentrações em carnívoros do meio da \nteia  alimentar,  como  aves  de  rapina  e  peixes \npredatórios.",
        "c)  Metais  pesados,  como  o  ferro,  são  encontrados  em \nmaiores concentrações em herbívoros e carnívoros do \ntopo da teia alimentar, como aves de rapina e peixes \npredatórios.",
        "d)  Metais pesados, como o chumbo, são encontrados em \nmaiores concentrações em predadores longevos ou do \ntopo da teia alimentar, como aves de rapina e peixes \npredatórios."
    ],
    "associated_images": [],
    "answer": "D",
    "has_associated_images": false,
    "alternatives_type": "string",
    "subject": [
        "biology"
    ],
    "DS": true,
    "TU": true,
    "IU": false,
    "MR": false,
    "ML": false,
    "BK": false
}