{
    "question": "Algumas  plantas  de  ambientes  áridos  apresentam  o \nchamado \"metabolismo ácido das crassuláceas\", em que \nhá captação do CO  atmosférico durante a noite, quando \n2\nos estômatos estão abertos. Como resultado, as plantas \nproduzem ácidos orgânicos, que posteriormente fornecem \nsubstrato para a principal enzima fotossintética durante o \nperíodo diurno. É correto afirmar que essas plantas",
    "number": 90,
    "id": "UNICAMP_2018_90",
    "alternatives": [
        "a)  respiram e fotossintetizam apenas durante o período \ndiurno.",
        "b)  respiram e fotossintetizam apenas durante o período \nnoturno.",
        "c)  respiram o dia todo e fotossintetizam apenas durante o \nperíodo diurno.",
        "d)  respiram e fotossintetizam o dia todo."
    ],
    "associated_images": [],
    "answer": "C",
    "has_associated_images": false,
    "alternatives_type": "string",
    "subject": [
        "biology"
    ],
    "DS": true,
    "TU": true,
    "IU": false,
    "MR": false,
    "ML": false,
    "BK": false
}