{
    "question": "Entre todas as palavras do momento, a mais flamejante \ntalvez  seja  desigualdade.  E  nem  é  uma  boa  palavra, \nincomoda.  Começa  com  des.  Des  de  desalento,  des  de \ndesespero,  des  de  desesperança.  Des,  definitivamente, \nnão é um bom prefixo.  \nDesigualdade.  A  palavra  do  ano,  talvez  da  década,  não \nimporta  em  que  dicionário.  Doravante  ouviremos  falar \nmuito nela.  \nDe-si-gual-da-de. Há quem não veja nem soletre, mas está \nescrita no destino de todos os busões da cidade, sentido \ncentro/subúrbio, na linha reta de um trem. Solano Trindade, \nno  sinal  fechado,  fez  seu  primeiro  rap,  “tem  gente  com \nfome, tem gente com fome, tem gente com fome”, somente \ncom  esses  substantivos.  Você  ainda  não  conhece  o \nSolano? Corra, dá tempo. Dá tempo para você entender \nque  vivemos  essa  desigualdade.  Pegue  um  busão  da \nAvenida Paulista para a Cidade Tiradentes, passe o vale-\ntransporte na catraca e simbora – mais de 30 quilômetros. \nO patrão jardinesco vive 23 anos a mais, em média, do que \num  humaníssimo  habitante  da  Cidade  Tiradentes,  por \ntodas as razões sociais que a gente bem conhece.  \nEvitei  as  estatísticas  nessa  crônica.  Podia  matar  de \ndesesperança os leitores, os números rendem manchete, \nmas carecem de rostos humanos. Pega a visão, imprensa, \nsó há uma possibilidade de fazer a grande cobertura: mire-\nse na desigualdade, talvez não haja mais jeito de achar \nque os pontos da bolsa de valores signifiquem a ideia de \nfazer um país.  \n(Adaptado de Xico Sá, A vidinha sururu da desigualdade brasileira. Em El País, \n28/10/2019.  Disponível  em  https://brasil.elpais.com/brasil/2019/10/28/opinion/ \n1572287747_637859.html?fbclid=IwAR1VPA7qDYs1Q0Ilcdy6UGAJTwBO_snM\nDUAw4yZpZ3zyA1ExQx_XB9Kq2qU. Acessado em 25/05/2020.) \nAssinale a alternativa que identifica corretamente recursos \nlinguísticos explorados pelo autor nessa crônica.",
    "number": 11,
    "id": "UNICAMP_2021_11",
    "alternatives": [
        "a)  Uso de verbos no imperativo, linguagem informal, texto \nimpessoal.",
        "b)  Marcas  de  coloquialidade,  uso  de  primeira  pessoa, \nlinguagem objetiva.",
        "c)  Marcas  de  oralidade,  uso  expressivo  de  recursos \nortográficos, subjetividade do autor.",
        "d)  Uso de variação linguística, linguagem neutra, apelo \nao tom coloquial."
    ],
    "associated_images": [],
    "answer": "C",
    "has_associated_images": false,
    "alternatives_type": "string",
    "subject": [
        "portuguese"
    ],
    "DS": true,
    "TU": true,
    "IU": false,
    "MR": false,
    "ML": false,
    "BK": false
}