{
    "question": "“Se  Cabral  tivesse  uma  vaga  noção  d’ACAPA  de  hoje, \nvéspera  do  22  de  abril  de  2020,  provavelmente  teria \ndesviado o curso de suas caravelas rumo a outras terras.” \n [IMAGE 0] \n(ACAPA. Disponível em https://www.facebook.com/acapabr/. Acessado em 30/ \n04/2020.) \n \n \nACAPA  é  um  perfil  de  Facebook,  que  publica  capas \npossíveis de revista. O efeito humorístico na leitura dessa \nedição de ACAPA decorre mais precisamente do uso",
    "number": 12,
    "id": "UNICAMP_2021_12",
    "alternatives": [
        "a)  da expressão “terra à vista”, que remete à época em \nque a terra ainda era plana.",
        "b)  da  expressão  “abundam  birutas”,  em  referência  aos \npovos originários do Brasil.",
        "c)  do  pronome  relativo  “cujo”  para  indicar  o  destino \ntraçado para a terra plana há 520 anos.",
        "d)  da  imagem  de  uma  biruta  mostrando  a  direção  do \nvento, aliada à referência a “birutas” atuais."
    ],
    "associated_images": [
        "imgs/UNICAMP/2021/day1/12/1.jpg"
    ],
    "answer": "D",
    "has_associated_images": true,
    "alternatives_type": "string",
    "subject": [
        "portuguese"
    ],
    "DS": true,
    "TU": true,
    "IU": true,
    "MR": false,
    "ML": false,
    "BK": true
}