{
    "question": "[IMAGE 0] \n (Disponível  em  https://toonhole.com/comic/what-would-you-like-for-christmas. \nAcessado em 30/07/2020.) \n \nAo reformular a sua pergunta, o Papai Noel",
    "number": 13,
    "id": "UNICAMP_2021_13",
    "alternatives": [
        "a)  confere maior formalidade à sua indagação.",
        "b)  questiona a viabilidade do pedido feito por Sally.",
        "c)  critica posicionamentos sexistas presentes no pedido \nde Sally.",
        "d)  satiriza  as  problemáticas  da  dívida  estudantil  e  do \nmachismo."
    ],
    "associated_images": [
        "imgs/UNICAMP/2021/day1/13/1.jpg"
    ],
    "answer": "B",
    "has_associated_images": true,
    "alternatives_type": "string",
    "subject": [
        "english"
    ],
    "DS": false,
    "TU": true,
    "IU": true,
    "MR": false,
    "ML": true,
    "BK": false
}