{
    "question": "A  página  Greengo  Dictionary  apresenta,  em  inglês, \ninterpretações  bem-humoradas  de  expressões  do \nportuguês do Brasil. \n [IMAGE 0] \n(Disponível  em  https://www.instagram.com/greengodictionary.  Acessado  em \n26/05/2020.) \n \nPode-se dizer que a expressão “little lecture”",
    "number": 14,
    "id": "UNICAMP_2021_14",
    "alternatives": [
        "a)  abrange  os  sentidos  das  palavras  “mansplaining”  e \n“manterrupting”, contextualizando o uso da expressão \nno Brasil.",
        "b)  contrasta com os sentidos das palavras “mansplaining” \ne  “manterrupting”,  contemplando  aspectos  culturais \nespecíficos do Brasil.",
        "c)  expande  os  sentidos  das  palavras  “mansplaining”  e \n“manterrupting”, indicando um uso em contextos mais \nformais.",
        "d)  modifica  os  sentidos  das  palavras  “mansplaining”  e \n“manterrupting”, destacando diferenças culturais entre \no inglês e o português."
    ],
    "associated_images": [
        "imgs/UNICAMP/2021/day1/14/0.jpg"
    ],
    "answer": "A",
    "has_associated_images": true,
    "alternatives_type": "string",
    "subject": [
        "english"
    ],
    "DS": false,
    "TU": false,
    "IU": true,
    "MR": false,
    "ML": true,
    "BK": false
}