{
    "question": "Em uma entrevista, a escritora nigeriana Ayobami Adebayo \nrefletiu sobre os personagens principais (Yejide e Akin) e o \ncontexto sociopolítico de seu romance Stay With Me. \n [IMAGE 0]\nWhile  writing,  I  also  started  thinking \nabout the middle class in Nigeria. When \nYejide visits her mother-in-law, there’s a \nvery low fence in front of their house. It’s \nbarely  a  fence.  When Yejide  and  Akin \nbuild  their  own  house  in  the  early \nnineties, they erect a fence that’s higher \nthan  the  house.  You  can’t  see  inside. \nThat  was  something  I  observed  about \narchitecture  in  Nigeria—that  at  some \npoint,  probably  in  the  eighties  and  nineties,  when  things \nbecame quite turbulent and there was all of this insecurity, \none of the ways the people who could afford to insulate \nthemselves  against  what  was  going  on  did  was  to  build \nhigher  fences,  to  use  money  as  a  shield  in  a  sense.  I \nwanted that political turbulence to play in the background. \n(Adaptado de https://www.theparisreview.org/blog/2017/08/08/great-expectations \n-interview-ayobami-adebayo/. Acessado em 21/07/2020.) \n \nSegundo  a  autora,  as  casas  e  as  cercas  na  Nigéria \nrepresentam",
    "number": 15,
    "id": "UNICAMP_2021_15",
    "alternatives": [
        "a)  o poder aquisitivo da classe média e sua tentativa de \nse distanciar da realidade política.",
        "b)  a  desigualdade  social  e  seus  impactos  para  a \nturbulência política enfatizada no romance.",
        "c)  a tentativa da classe média de exercer um impacto na \nrealidade política nos anos 1980 e 1990.",
        "d)  a violência e a corrupção dos anos 1980 e 1990 e seus \nimpactos nos personagens do romance."
    ],
    "associated_images": [
        "imgs/UNICAMP/2021/day1/15/0.jpg"
    ],
    "answer": "A",
    "has_associated_images": true,
    "alternatives_type": "string",
    "subject": [
        "english"
    ],
    "DS": false,
    "TU": true,
    "IU": false,
    "MR": false,
    "ML": true,
    "BK": false
}