{
    "question": "Reproduz-se abaixo uma carta do poeta inglês John Keats \na sua amada Fanny Brawne. \n \nSweetest Fanny, \n \nWhen you passed my window home yesterday, I was filled \nwith as much admiration as if I had then seen you for the \nfirst  time.  You  uttered  a  half  complaint  once  that  I  only \nloved your Beauty. Have I nothing else then to love in you \nbut that? Do not I see your heart? Nothing has been able to \nturn your thoughts a moment from me. Even if you did not \nlove me I could not help an entire devotion to you: how \nmuch more deeply then must I feel for you knowing you \nlove  me.  My  Mind  has  been  the  most  discontented  and \nrestless one that ever was put into a body too small for it. I \nnever felt my Mind repose upon anything with complete and \nundistracted enjoyment – upon no person but you. When \nyou are in the room my thoughts never fly out of window: \nyou always concentrate my whole senses. \n \nYour affectionate, \nJ. Keats \n(Adaptado de http://www.john-keats.com/briefe/. Acessado em 25/08/20.) \n \nO autor da carta",
    "number": 19,
    "id": "UNICAMP_2021_19",
    "alternatives": [
        "a)  lamenta o fato de que a mulher que ele adora não o \nama da mesma forma.",
        "b)  revela  que  o  amor  por  essa  mulher  lhe  trouxe \nintranquilidade e pensamentos negativos.",
        "c)  mostra sua admiração por uma mulher que, para ele, \nencarna a beleza em sua essência.",
        "d)  afirma  que  seus  sentimentos  pela  mulher  não \nmudariam mesmo se não fosse correspondido."
    ],
    "associated_images": [],
    "answer": "D",
    "has_associated_images": false,
    "alternatives_type": "string",
    "subject": [
        "english"
    ],
    "DS": true,
    "TU": true,
    "IU": false,
    "MR": false,
    "ML": true,
    "BK": false
}