{
    "question": "Sejam p(x) e q(x) polinômios de grau 2 tais que p(0) < q(0). Sabendo que p(1)=q(1) e p(-1)=q(-1) o gráfico \nde f(x)=p(x)-q(x) pode ser representado por",
    "number": 23,
    "id": "UNICAMP_2021_23",
    "alternatives": [
        "a) [IMAGE 1]",
        "b) [IMAGE 2]",
        "c) [IMAGE 3]",
        "d) [IMAGE 0]"
    ],
    "associated_images": [
        "imgs/UNICAMP/2021/day1/23/3.jpg",
        "imgs/UNICAMP/2021/day1/23/0.jpg",
        "imgs/UNICAMP/2021/day1/23/1.jpg",
        "imgs/UNICAMP/2021/day1/23/2.jpg"
    ],
    "answer": "A",
    "has_associated_images": true,
    "alternatives_type": "images",
    "subject": [
        "mathematics"
    ],
    "DS": true,
    "TU": true,
    "IU": true,
    "MR": true,
    "ML": false,
    "BK": false
}