{
    "question": "Leia o texto para responder a questão. \nO  projeto  PRODES  –  Monitoramento  do  desmatamento \ndas  formações  florestais  na  Amazônia  Legal  -,  do  INPE \n(Instituto  Nacional  de  Pesquisas  Espaciais),  monitora  as \náreas  desmatadas  da  Amazônia  legal  e  mantém  um \nregistro  da  área  desmatada  por  ano.  Um  levantamento \nsobre esses dados a partir de 2016 mostrou que em 2019 \nhouve  um  acréscimo  de  35%  da  área  desmatada  em \nrelação a 2018, de 45% em relação a 2017 e de 28% em \nrelação a 2016. \n(Fonte: http://terrabrasilis.dpi.inpe.br. Acessado em 12/12/2020.)\nSabendo que a soma das áreas desmatadas nos anos de \n2017, 2018 e 2019 foi de 24.600 km2, a área desmatada no \nano de 2019 está entre",
    "number": 24,
    "id": "UNICAMP_2021_24",
    "alternatives": [
        "a)  8.601 km^2 e 9.200 km^2.",
        "b)  9.201 km^2 e 9.800 km^2.",
        "c)  8.801 km^2 e 10.400 km^2.",
        "d)  10.401 km^2 e 11.200 km^2."
    ],
    "associated_images": [],
    "answer": "C",
    "has_associated_images": false,
    "alternatives_type": "string",
    "subject": [
        "mathematics"
    ],
    "DS": false,
    "TU": true,
    "IU": false,
    "MR": true,
    "ML": false,
    "BK": false
}