{
    "question": "Considere que os ângulos internos de um triângulo formam \numa  progressão  aritmética.  Dado  que  a,b,𝑐  são  as \nmedidas dos lados do triângulo, sendo ",
    "number": 27,
    "id": "UNICAMP_2021_27",
    "alternatives": [
        "a) b^2 +ac = a^2 +c^2.",
        "b) a^2 +bc = b^2 +c^2.",
        "c) a^2 - bc = b^2 +c^2.",
        "d) b^2 - ac = a^2 +c^2."
    ],
    "associated_images": [],
    "answer": "A",
    "has_associated_images": false,
    "alternatives_type": "string",
    "subject": [
        "mathematics"
    ],
    "DS": true,
    "TU": true,
    "IU": false,
    "MR": true,
    "ML": false,
    "BK": false
}