{
    "question": "A figura abaixo exibe um quadrado ABCD em que M é o \nponto médio do lado CD. \n [IMAGE 0] \nCom base na figura, tg(θ) + tg(α) é igual a",
    "number": 28,
    "id": "UNICAMP_2021_28",
    "alternatives": [
        "a) 7.",
        "b) 6.",
        "c) 5.",
        "d) 4."
    ],
    "associated_images": [
        "imgs/UNICAMP/2021/day1/28/1.jpg"
    ],
    "answer": "C",
    "has_associated_images": true,
    "alternatives_type": "string",
    "subject": [
        "mathematics"
    ],
    "DS": true,
    "TU": true,
    "IU": false,
    "MR": true,
    "ML": false,
    "BK": false
}