{
    "question": "Considere a,b,c,d termos consecutivos de uma progressão \naritmética de números reais com razão r diferente de 0. Denote por D \no determinante da matriz \n [[a,b],[c,d]]\nÉ correto afirmar que D/(r^2) vale .",
    "number": 29,
    "id": "UNICAMP_2021_29",
    "alternatives": [
        "a) -1",
        "b) -2",
        "c) -3",
        "d) -4"
    ],
    "associated_images": [],
    "answer": "B",
    "has_associated_images": false,
    "alternatives_type": "string",
    "subject": [
        "mathematics"
    ],
    "DS": true,
    "TU": true,
    "IU": false,
    "MR": true,
    "ML": false,
    "BK": false
}