{
    "question": "Mudam-se os tempos, mudam-se as vontades,  \nMuda-se o ser, muda-se a confiança:  \nTodo o mundo é composto de mudança,  \nTomando sempre novas qualidades.  \n \nContinuamente vemos novidades,  \nDiferentes em tudo da esperança:  \nDo mal ficam as mágoas na lembrança,  \nE do bem (se algum houve) as saudades.  \n \nO tempo cobre o chão de verde manto,  \nQue já coberto foi de neve fria,  \nE em mim converte em choro o doce canto.  \n \nE afora este mudar-se cada dia,  \nOutra mudança faz de mor espanto,  \nQue não se muda já como soía*.  \n(Luís Vaz de Camões) \n \n*soía: terceira pessoa do pretérito imperfeito do indicativo \ndo verbo “soer” (costumar, ser de costume). \n(Luís de Camões, 20 sonetos. Campinas: Editora da Unicamp, p.91.) \n \nIndique a afirmação que se aplica ao soneto escrito por \nCamões.",
    "number": 3,
    "id": "UNICAMP_2021_3",
    "alternatives": [
        "a)  O  poema  retoma  o  tema  renascentista  da  mudança \ndas  coisas,  que  o  poeta  sente  como  motivo  de \nesperança e de fé na vida.",
        "b)  A  ideia  de  transformação  refere-se  às  coisas  do \nmundo, mas não afeta o estado de espírito do poeta, \nem razão de sua crença amorosa.",
        "c)  Tudo  sempre  se  renova,  diferentemente  das \nesperanças  do  poeta,  que  acolhem  suas  mágoas  e \nsaudades.",
        "d)  Não apenas o estado de espírito do poeta se altera, \nmas  também  a  experiência  que  ele  tem  da  própria \nmudança."
    ],
    "associated_images": [],
    "answer": "D",
    "has_associated_images": false,
    "alternatives_type": "string",
    "subject": [
        "portuguese"
    ],
    "DS": true,
    "TU": true,
    "IU": false,
    "MR": false,
    "ML": false,
    "BK": false
}