{
    "question": "Seja x um número real tal que os primeiros três termos de \numa  progressão  geométrica  infinita  são  1,   2x, -3x + 1, \nnesta ordem. Sabendo que todos os termos da progressão \nsão positivos, a soma de todos eles é igual a",
    "number": 30,
    "id": "UNICAMP_2021_30",
    "alternatives": [
        "a) 3/2",
        "b) 2",
        "c) 5/2",
        "d) 3"
    ],
    "associated_images": [],
    "answer": "B",
    "has_associated_images": false,
    "alternatives_type": "string",
    "subject": [
        "mathematics"
    ],
    "DS": true,
    "TU": true,
    "IU": false,
    "MR": true,
    "ML": false,
    "BK": false
}