{
    "question": "No início do expediente do dia 16 de março de 2020, uma \nfarmácia  colocou  à  disposição  dos  clientes  um  frasco \ncilíndrico  de  500ml  (500 cm^3)  de  álcool  em  gel  para \nálcool havia baixado 5 cm. Sabendo que a base do cilindro \ntem diâmetro de 6 cm e admitindo o mesmo consumo de \nálcool em gel nos dias seguintes, calcula-se que o frasco \nficou vazio no dia",
    "number": 32,
    "id": "UNICAMP_2021_32",
    "alternatives": [
        "a)  17 de março.",
        "b)  18 de março.",
        "c)  19 de março.",
        "d)  20 de março."
    ],
    "associated_images": [],
    "answer": "C",
    "has_associated_images": false,
    "alternatives_type": "string",
    "subject": [
        "mathematics"
    ],
    "DS": true,
    "TU": true,
    "IU": false,
    "MR": true,
    "ML": false,
    "BK": false
}