{
    "question": "Ao passar pelo sensor magnético, a velocidade linear de \num ponto de uma fita cassete é v  0,045 m/s. Depois de \npassar  pelo  sensor,  a  fita  é  enrolada  em  uma  bobina \ncircular  de  diâmetro  d  6,0 cm.  Em  quanto  tempo  a \nbobina completa uma volta? \n \na)  0,65 s.  c)  4,0 s. \n   \nb)  1,3 s.  d)  0,27 s.",
    "number": 33,
    "id": "UNICAMP_2021_33",
    "alternatives": [
        "a) 0,65 s.",
        "b)  1,3 s.",
        "c)  4,0 s.",
        "d)  0,27 s."
    ],
    "associated_images": [],
    "answer": "C",
    "has_associated_images": false,
    "alternatives_type": "string",
    "subject": [
        "physics"
    ],
    "DS": true,
    "TU": true,
    "IU": false,
    "MR": true,
    "ML": false,
    "BK": false
}