{
    "question": "A figura abaixo mostra o braço de um toca-discos de vinil. \nNela  são  indicadas,  nos  seus  respectivos  pontos  de \natuação, as seguintes forças: peso do braço (Pb), peso do\ncontrapeso  (Pc) e força normal aplicada pelo suporte do \nbraço (N). Para  que  o  braço  fique  em  equilíbrio,  é \nnecessário que a soma dos torques seja igual a zero. No \ncaso do braço da figura, o módulo do torque de cada força \nem  relação  ao  ponto  O  (suporte  do  braço)  é  igual  ao \nproduto  do  módulo  da  força  pela  distância  do  ponto  de \naplicação da força até O. Adote torque positivo para forças \nque tendem a acelerar o braço no sentido horário e torque \nnegativo para o sentido anti-horário. Sendo  |Pc| = 1,5 Newtons,\n |Pb| = 0,3 Newtons e  |N| = 1,8 Newtons, qual deve ser a distância D  do \ncontrapeso  ao  ponto  O  para  que  o  braço  fique  em \nequilíbrio? [IMAGE 0]",
    "number": 34,
    "id": "UNICAMP_2021_34",
    "alternatives": [
        "a) 2,0 cm.",
        "b) 2,4 cm.",
        "c) 3,6 cm.",
        "d) 6,0 cm."
    ],
    "associated_images": [
        "imgs/UNICAMP/2021/day1/34/0.jpg"
    ],
    "answer": "B",
    "has_associated_images": true,
    "alternatives_type": "string",
    "subject": [
        "physics"
    ],
    "DS": true,
    "TU": true,
    "IU": true,
    "MR": true,
    "ML": false,
    "BK": false
}