{
    "question": "A  força  normal  aplicada  pela  agulha  de  um  toca-discos \n\nsobre  o  disco  tem  módulo  igual  a  |N| = 2,0x10^2 Newtons.  A \nárea  de  contato  entre  a  agulha  e  o  disco  é  igual  a \n1,6x10^(-3) mm^2.  Qual  é  a  pressão  exercida  pela  agulha \nsobre o disco? \nDado: 1,0 atm = 1,0 x10^5 N/m^2",
    "number": 35,
    "id": "UNICAMP_2021_35",
    "alternatives": [
        "a) 1,25 x 10^(-4) atm.",
        "b) 3,20 x 10^(-3) atm.",
        "c) 3,20 x 10^1 atm.",
        "d) 1,25 x 10^2 atm."
    ],
    "associated_images": [],
    "answer": "D",
    "has_associated_images": false,
    "alternatives_type": "string",
    "subject": [
        "physics"
    ],
    "DS": true,
    "TU": true,
    "IU": false,
    "MR": true,
    "ML": false,
    "BK": false
}