{
    "question": "Um  microchip  de  massa  m = 2,0 x 10^(-6) g  é  composto \nmajoritariamente  de  silício.  Durante  um  minuto  de \nfuncionamento, o circuito elétrico do dispositivo dissipa, na \nforma térmica, uma quantidade de energia  Q = 0,96 mJ.\nConsidere  que  o  calor  específico  do  silício  é \nc = 800 J/kg ºC.  Caso  não  houvesse  nenhum \nmecanismo  de  escoamento  de  calor  para  fora  do \ndispositivo, em quanto sua temperatura aumentaria após \nesse tempo de funcionamento? ",
    "number": 38,
    "id": "UNICAMP_2021_38",
    "alternatives": [
        "a) 4,8 x 10^1 ºC.",
        "b) 1,6 x 10^2 ºC.",
        "c) 6,0 x 10^2 ºC.",
        "d) 1,2 x 10^3 ºC."
    ],
    "associated_images": [],
    "answer": "C",
    "has_associated_images": false,
    "alternatives_type": "string",
    "subject": [
        "physics"
    ],
    "DS": true,
    "TU": true,
    "IU": false,
    "MR": true,
    "ML": false,
    "BK": false
}