{
    "question": "A  diferença  de  potencial  elétrico,  U ,  é  proporcional  à \ncorrente elétrica,  i , em um trecho de um circuito elétrico \nresistivo,  com  constante  de  proporcionalidade  dada  pela \nresistência  equivalente,  Req, no  trecho  do  circuito.  Além disso, no caso de resistores  dispostos  em  série,  a \nresistência equivalente é dada pela soma das resistências \n (Req = R1 +R2 +...). A corrente elétrica,  ib ,no trecho  B \ndo circuito abaixo é três vezes maior que a corrente elétrica \nno trecho  A , ou seja, ib/ia = 3. Quanto vale a resistência Rb2? [IMAGE 0]",
    "number": 39,
    "id": "UNICAMP_2021_39",
    "alternatives": [
        "a) 2,0 Ω.",
        "b) 14 Ω.",
        "c) 18 Ω.",
        "d) 66 Ω."
    ],
    "associated_images": [
        "imgs/UNICAMP/2021/day1/39/2.jpg"
    ],
    "answer": "A",
    "has_associated_images": true,
    "alternatives_type": "string",
    "subject": [
        "physics"
    ],
    "DS": true,
    "TU": true,
    "IU": true,
    "MR": true,
    "ML": false,
    "BK": false
}