{
    "question": "Um  dos  fatores  que  determinam  a  capacidade  de \narmazenamento  de  dados  nos  discos  laser  é  o \ncomprimento  de  onda  do  laser  usado  para  gravação  e \nleitura (ver figura abaixo). Isto porque  o diâmetro  d  do \nfeixe  laser  no  ponto  de  leitura  no  disco  é  diretamente \nproporcional ao comprimento de onda, λ. No caso do Blu-\nRay, usa-se um comprimento de onda na faixa azul (daí o \nnome, em inglês), que é menor que o do CD e o do DVD. \nAs lentes usadas no leitor de Blu-Ray são tais que vale a \nrelação dbr =1,2λbr.\n [IMAGE 0] \nA  partir  das  informações  da  figura,  conclui-se  que  a \nfrequência do laser usado no leitor Blu-Ray é",
    "number": 40,
    "id": "UNICAMP_2021_40",
    "alternatives": [
        "a) 3,2 x 10^14 Hz.",
        "c) 6,2 x 10^14 Hz.",
        "b) 5,2 x 10^14 Hz.",
        "d) 7,5 x 10^14 Hz."
    ],
    "associated_images": [
        "imgs/UNICAMP/2021/day1/40/1.jpg"
    ],
    "answer": "D",
    "has_associated_images": true,
    "alternatives_type": "string",
    "subject": [
        "physics"
    ],
    "DS": true,
    "TU": true,
    "IU": true,
    "MR": true,
    "ML": false,
    "BK": false
}