{
    "question": "Um  estudo  científico  desenvolveu  um  novo  concreto \necológico capaz de alcançar uma emissão de CO2  a um \nnível abaixo de zero. Esse material é composto de uma \nmistura especial à base de um silicato duplo de cálcio, em \nvez de cimento. Além de sua produção apresentar baixa \nemissão de CO2 , o endurecimento do concreto ocorre pela \nabsorção  de  CO2 .  Esse  processo  de  endurecimento, apesar de lento quando realizado na atmosfera, pode ser \nacelerado  ao  se  capturar  o  gás  numa  usina  térmica  de \nenergia,  por  exemplo.  Também  observou-se  que  a \nabsorção de NOx  e SOx  pode diminuir a absorção de CO2 . \n [IMAGE 0]\n(Adaptado de I. Yoshioka e outros. Energy Procedia 37, 2013, 6018-6025.) \n De acordo com o estudo, comparando-se o balanço final \nde  CO2   entre  o  concreto  comum  e  o  novo  concreto ecológico, após o processo de cura haveria uma diferença \nno CO2  de cerca de",
    "number": 48,
    "id": "UNICAMP_2021_48",
    "alternatives": [
        "a)  452 kg por metro cúbico de concreto. Testes com NO  \nx\ne  SO   foram  realizados,  pois  esses  gases  podem \nx\ncompor o gás utilizado na produção do cimento.",
        "b)  452 kg por metro cúbico de concreto. Testes com NO  \nx\ne  SO   foram  realizados,  pois  esses  gases  podem \nx\ncompor o gás utilizado no processo de endurecimento.",
        "c)  257 kg por metro cúbico de concreto. Testes com NO  \nx\ne  SO   foram  realizados,  pois  esses  gases  podem \nx\ncompor o gás utilizado no processo de endurecimento.",
        "d)  257 kg por metro cúbico de concreto. Testes com NO  \nx\ne  SO   foram  realizados,  pois  esses  gases  podem \nx\ncompor o gás utilizado na produção do cimento."
    ],
    "associated_images": [
        "imgs/UNICAMP/2021/day1/48/1.jpg"
    ],
    "answer": "B",
    "has_associated_images": true,
    "alternatives_type": "string",
    "subject": [
        "chemistry"
    ],
    "DS": true,
    "TU": true,
    "IU": true,
    "MR": true,
    "ML": false,
    "BK": false
}