{
    "question": "A doença de Huntington, que é progressiva e degenerativa \ndo sistema nervoso central, compromete significativamente \na capacidade motora e cognitiva.   \nO heredograma a seguir representa o padrão de herança \nentre  os  indivíduos,  sendo  os  indivíduos  doentes \nrepresentados em preto, e os indivíduos não doentes, em \nbranco.  Homens  são  representados  pelos  quadrados  e \nmulheres, pelos círculos. \n [IMAGE 0] \nConsiderando  as  informações  apresentadas,  é  correto \nafirmar que a doença de Huntington",
    "number": 49,
    "id": "UNICAMP_2021_49",
    "alternatives": [
        "a)  é herdada de forma autossômica dominante.",
        "b)  é herdada de forma autossômica recessiva.",
        "c)  apresenta herança ligada ao cromossomo X.",
        "d)  apresenta herança ligada ao cromossomo Y."
    ],
    "associated_images": [
        "imgs/UNICAMP/2021/day1/49/0.jpg"
    ],
    "answer": "A",
    "has_associated_images": true,
    "alternatives_type": "string",
    "subject": [
        "biology"
    ],
    "DS": true,
    "TU": true,
    "IU": true,
    "MR": false,
    "ML": false,
    "BK": false
}