{
    "question": "A necrose pancreática infecciosa (NPi) é uma doença viral \nque causa elevada mortalidade em salmões de água doce \ne água salgada. Em 2007, descobriu-se que a resistência à \ndoença  era  hereditária,  e  as  empresas  de  criação \ncomeçaram  a  implementar  a  seleção  familiar.  Em  2008, \nestudos  genéticos  identificaram  um  único  locus  no \ncromossomo  26  que  poderia  explicar  de  80  a  100%  da \nvariação na resistência ao vírus da NPi. Desde 2009, a \nresistência  à  NPi  do  salmão  pode  ser  avaliada  por \nmarcadores do alelo de resistência. O número de mortes \ndos salmões em decorrência dos surtos de NPi diminuiu \nsignificativamente  de  2009  a  2015.  O  potencial  da \nprodução  de  peixes  para  alimentar  uma  crescente \npopulação  global  pode  ser  aumentado  por  avanços  na \ngenética e na biotecnologia. \n(R. D. Houston e outros. Nature Reviews Genetics, Londres, v. 21, p. 381-409, \nabr. 2020.) \n \n \nConsiderando  as  informações  apresentadas  no  texto, \nassinale  a  alternativa  que  justifica  corretamente  a \ndiminuição na mortalidade dos salmões.",
    "number": 51,
    "id": "UNICAMP_2021_51",
    "alternatives": [
        "a)  Por  meio  da  transgenia,  o  alelo  de  resistência  foi \ninserido  no  cromossomo  26  em  salmões,  sendo \ngerados  organismos  geneticamente  modificados  e \nmais resistentes.",
        "b)  Por  meio  do  melhoramento  genético,  os  salmões \nportadores do alelo de resistência foram selecionados \ne  cruzados  entre  si,  gerando  maior  proporção  de \nindivíduos resistentes.",
        "c)  Por meio da seleção natural, os salmões com alelo de \nresistência  foram  os  mais  adaptados  a  transferir  o \ngene  às  gerações  seguintes  por  reprodução \ndiferencial.",
        "d)  Por  meio  das  mutações  randômicas,  o  alelo  de \nresistência  foi  selecionado  por  isolamento  entre  a \npopulação de salmão de água doce e de água salgada \nao longo do tempo."
    ],
    "associated_images": [],
    "answer": "B",
    "has_associated_images": false,
    "alternatives_type": "string",
    "subject": [
        "biology"
    ],
    "DS": true,
    "TU": true,
    "IU": false,
    "MR": false,
    "ML": false,
    "BK": false
}