{
    "question": "O epitélio nasal e o bronquial apresentam receptores às \nproteínas  virais  do  novo  coronavírus  (SARS-CoV-2).  A \nsecreção  mucosa  liberada  pelas  células  das  vias \nrespiratórias  é  importante  para  a  formação  de  um  gel \nviscoso e lubrificante com grande quantidade de água, que \nfunciona como uma barreira adesiva para muitas partículas \ne  patógenos.  Entretanto,  há  vírus  capazes  de  penetrar \nessa barreira formada pelo muco. \n(W. Sungnak e outros. Nature Medicine, Londres, v. 26, p. 681-687, abr. 2020.) \n\nUtilize a figura abaixo e seus conhecimentos de biologia \ncelular  para  assinalar  a  alternativa  que  preenche \ncorretamente as lacunas na frase a seguir. \n [IMAGE 0] \n(Adaptado de A. Pompa e outros. International Journal of Molecular Sciences, \nBasel, v. 18, p. 703, mar. 2017.) \n Presente na cavidade nasal, na traqueia e nos brônquios, a \ncélula caliciforme apresenta as organelas (i) __________ e \n(ii)  __________  bem  desenvolvidas,  as  quais  são \nresponsáveis  pela  (iii)  __________  e  (iv)  __________, \nrespectivamente, necessárias para a produção do muco.",
    "number": 53,
    "id": "UNICAMP_2021_53",
    "alternatives": [
        "a)  (i) mitocôndria; (ii) retículo endoplasmático agranular; \n(iii) síntese de ATP; (iv) detoxificação.",
        "b)  (i)  complexo  de  Golgi;  (ii)  retículo  endoplasmático \ngranular; (iii) adição de açúcares; (iv) síntese proteica.",
        "c)  (i) retículo endoplasmático agranular; (ii) mitocôndria; \n(iii) detoxificação; (iv) síntese de ATP.",
        "d)  (i) retículo endoplasmático granular; (ii) complexo de \nGolgi; (iii) síntese proteica; (iv) adição de açúcares."
    ],
    "associated_images": [
        "imgs/UNICAMP/2021/day1/53/1.jpg"
    ],
    "answer": "D",
    "has_associated_images": true,
    "alternatives_type": "string",
    "subject": [
        "biology"
    ],
    "DS": true,
    "TU": true,
    "IU": false,
    "MR": false,
    "ML": false,
    "BK": false
}