{
    "question": "Na análise de dois fósseis de animais adultos coletados na \nregião  dos  Campos  Gerais  (Paraná),  destacaram-se  as \nseguintes características: \n \nFóssil 1: Simetria radiada, esqueleto com espinhos e sulco \nambulacral. \n \nFóssil  2:  Simetria  bilateral,  esqueleto  e  dois  pares  de \nantena. \n \nConsiderando  as  características  descritas,  assinale  a \nalternativa que indica animais dos mesmos filos dos fósseis \n1 e 2, respectivamente.",
    "number": 54,
    "id": "UNICAMP_2021_54",
    "alternatives": [
        "a)  Ouriço-do-mar e mexilhão.",
        "b)  Hidra e camarão.",
        "c)  Estrela-do-mar e caranguejo.",
        "d)  Lampreia e caramujo."
    ],
    "associated_images": [],
    "answer": "B",
    "has_associated_images": false,
    "alternatives_type": "string",
    "subject": [
        "biology"
    ],
    "DS": true,
    "TU": true,
    "IU": false,
    "MR": false,
    "ML": false,
    "BK": false
}