{
    "question": "A caça, que passou a ser proibida no país a partir de 1967, \nreduziu  a  população  de  várias  espécies  de  animais  e \ncontribuiu  para  o  risco  de  desequilíbrio  ambiental.  Entre \n1904 e 1969, estima-se que foram mortos pelo menos 20 \nmilhões de animais silvestres nos Estados de Rondônia, \nAcre,  Roraima  e  Amazonas.  A  caça  ilegal  de  animais \nsilvestres  e  a  falta  de  fiscalização  efetiva  em  áreas  de \nproteção  ambiental  alertam  para  a  necessidade  de \nconservação das espécies.  \n(Adaptado de A. Julião e R. Zorzetto. Pesquisa Fapesp, São Paulo, v. 249, p. \n46-51, nov. 2016.) \n \nA figura a seguir indica o número total de animais terrestres \nmortos no período de 1904 a 1969.  \n [IMAGE 0] \n [IMAGE 1] \n(Adaptado de A. P. Antunes e outros. Science Advances, Washington, v. 2, p. 1-\nConsiderando  os  conhecimentos  sobre  biologia  e  as \ninformações fornecidas, é possível concluir que",
    "number": 55,
    "id": "UNICAMP_2021_55",
    "alternatives": [
        "a)  o impacto da caça dos mamíferos carnívoros na teia \nalimentar  é  menor  que  o  da  caça  dos  mamíferos \nherbívoros.",
        "b)  a função ecológica dos grandes mamíferos caçados é \nsubstituída  pela  de  animais  endêmicos  de  pequeno \nporte, mantendo-se o equilíbrio do ecossistema.",
        "c)  a  caça  proporcional  dos  mamíferos  herbívoros  e \ncarnívoros mantém o fluxo de energia estável na teia \nalimentar.",
        "d)  a caça dos grandes mamíferos altera a renovação da \nfloresta,  pois  eles  desempenham  um  papel \nfundamental na dispersão de sementes grandes."
    ],
    "associated_images": [
        "imgs/UNICAMP/2021/day1/55/1.jpg",
        "imgs/UNICAMP/2021/day1/55/2.jpg"
    ],
    "answer": "D",
    "has_associated_images": true,
    "alternatives_type": "string",
    "subject": [
        "biology"
    ],
    "DS": true,
    "TU": true,
    "IU": false,
    "MR": false,
    "ML": false,
    "BK": false
}