{
    "question": "Os recifes de coral constituem importantes ecossistemas \ndo planeta, oferecendo abrigo, áreas de desova e proteção \ncontra predadores, e são o habitat de organismos na base \ndas cadeias alimentares oceânicas. \n \nConsiderando  os  conhecimentos  de  biologia,  é  correto \nafirmar que os corais",
    "number": 56,
    "id": "UNICAMP_2021_56",
    "alternatives": [
        "a)  com organização corporal polipoide são animais fixos \nao  substrato,  com  reprodução  sexuada,  e  os  com \norganização  medusoide  correspondem  aos  animais \nmóveis, com reprodução assexuada.",
        "b)  têm  vários  tentáculos  junto  à  boca,  compostos  por \ncnidoblastos, os quais são células dotadas de flagelos \nque auxiliam na movimentação da água para favorecer \na filtração do alimento e trocas gasosas.",
        "c)  são animais triblásticos, pois em sua fase embrionária \ndistinguem-se três folhetos embrionários (endoderme, \nmesoderme e ectoderme), com ausência do celoma e \npresença de disco basal.",
        "d)  têm  duas  superfícies  epiteliais,  a  epiderme,  que \nreveste externamente o animal, e a gastroderme, que \ndelimita  a  cavidade  gastrovascular;  entre  elas, \nencontram-se células pertencentes à mesogleia."
    ],
    "associated_images": [],
    "answer": "D",
    "has_associated_images": false,
    "alternatives_type": "string",
    "subject": [
        "biology"
    ],
    "DS": true,
    "TU": true,
    "IU": false,
    "MR": false,
    "ML": false,
    "BK": false
}