{
    "question": "“Repartimos a vida em idades, em anos, em meses, em \ndias, em horas, mas todas estas partes são tão duvidosas, \ne tão incertas, que não há idade tão florente, nem saúde \ntão robusta, nem vida tão bem regrada, que tenha um só \nmomento seguro.” \n(Antonio Vieira, “Sermão de Quarta-feira de Cinza – ano de 1673”, em A arte de \nmorrer. São Paulo: Nova Alexandria, 1994, p. 79.) \n \nNesta  passagem  de  um  sermão  proferido  em  1673, \nAntônio  Vieira retomou os argumentos da pregação que \nfizera no ano anterior e acrescentou novas características \nà morte. Para comover os ouvintes, recorreu ao uso de \nanáforas. \n \nAssinale a alternativa que corresponde ao efeito produzido \npelas repetições no sermão.",
    "number": 6,
    "id": "UNICAMP_2021_6",
    "alternatives": [
        "a)  A  repetição  busca  sensibilizar  os  fiéis  para  o \ndesengano da passagem do tempo.",
        "b)  A repetição busca demonstrar aos fiéis o temor de uma \nvida longeva.",
        "c)  A repetição busca sensibilizar os fiéis para o valor de \ncada etapa da vida.",
        "d)  A repetição busca demonstrar aos fiéis a insegurança \nde uma vida cristã."
    ],
    "associated_images": [],
    "answer": "A",
    "has_associated_images": false,
    "alternatives_type": "string",
    "subject": [
        "portuguese"
    ],
    "DS": true,
    "TU": true,
    "IU": false,
    "MR": false,
    "ML": false,
    "BK": false
}