{
    "question": "A casa de morar nas fazendas ou o palacete foram em \ngeral  construídos  a  partir  de  1870.  Representavam  o \npoderio econômico e político do proprietário, assim como o \ngênero da pintura de paisagem que, segundo o historiador \nRafael Marquese, foi mobilizado pela classe senhorial do \nVale  do  Paraíba  como  uma  resposta  direta  à  crise  da \nescravidão negra no Império do Brasil. \n(Adaptado de Ana Luiza Martins, “Representações da economia cafeeira: dos barões \naos ‘Reis do café’, em Wilma Peres Costa e Ana Betraiz Demarchi Barel (orgs.), \nCultura e Poder entre o Império e a República. São Paulo: Alameda, 2018, p. 195.) \n \nA partir do texto acima, é correto afirmar:",
    "number": 60,
    "id": "UNICAMP_2021_60",
    "alternatives": [
        "a)  Os  senhores  do  café  incrementaram  um  sistema  de \nprodução  cafeeiro  moderno  que  atendia  o  mercado \ninternacional. Desde a instalação da corte joanina no \nBrasil,  eles  investiram  nas  formas  de  morar  como \ncapital simbólico.",
        "b)  Na crise capitalista da década de 1870, os produtores \nde  café  no  Brasil  alavancaram  o  tráfico  de \nescravizados vindos de África e investiram na riqueza \nsimbólica de suas propriedades.",
        "c)  No Segundo Reinado, com a intensa crise na obtenção \nde  escravizados  para  as  plantações  de  café  e  a \n \nacirrada disputa na definição das políticas migratórias, \nos cafeicultores redefiniram seu capital simbólico.",
        "d)  O investimento nas casas de fazenda e na pintura de \npaisagem  reafirmava  a  importância  social  da  classe \nsenhorial.  Era  uma  reação  política  contra  a  reforma \nagrária estabelecida na Lei de Terras de 1850."
    ],
    "associated_images": [],
    "answer": "C",
    "has_associated_images": false,
    "alternatives_type": "string",
    "subject": [
        "history"
    ],
    "DS": true,
    "TU": true,
    "IU": false,
    "MR": false,
    "ML": false,
    "BK": true
}