{
    "question": "No plano da imaginação, os asiáticos, fossem chineses ou \njaponeses,  geravam  associações  contraditórias: \nimpassíveis,  teimosos, irredutíveis  no  preço  que fixavam \nnas feiras livres ou em suas casas comerciais, rompendo \ncom o estilo de barganhas e pechinchas incorporado ao dia \na dia dos portugueses, sírios, libaneses, judeus, espanhóis. \nAo  mesmo  tempo,  eram  associados  às  imagens  de \ndelicadeza,  de  gueixa  e  cerejeiras  em  flor,  que  as \nestampas dos calendários, os cartazes de certas peças de \nteatro e das óperas encarregavam de divulgar.  \n(Adaptado de Boris Fausto, O Crime do Restaurante Chinês: carnaval, futebol e \njustiça na São Paulo dos anos 30. São Paulo: Companhia das Letras, 2009: \nposição 220 edição Kindle.)  \n \nO texto do historiador Boris Fausto traz informações sobre \nSão Paulo dos anos 1930. A partir do fragmento, assinale a",
    "number": 62,
    "id": "UNICAMP_2021_62",
    "alternatives": [
        "a)  A história do Brasil registra a convivência de imigrantes \neuropeus  e  asiáticos,  marcada  por  dinâmicas  de \nassimilação e preconceito.",
        "b)  Imigrantes  europeus  gozaram  da  mesma  posição \nsocial que a população negra e ambos os grupos se \nadaptaram bem à vida urbana.",
        "c)  As  atividades  da  greve  de  1917  unificaram  os \ninteresses  de  imigrantes  asiáticos  e  europeus  no \ncampo e na cidade.",
        "d)  Imigrantes  asiáticos  e  europeus  compuseram,  junto \ncom  a  população  negra,  o  novo  cenário  cultural  da \ndemocracia racial da Era Vargas."
    ],
    "associated_images": [],
    "answer": "A",
    "has_associated_images": false,
    "alternatives_type": "string",
    "subject": [
        "history"
    ],
    "DS": true,
    "TU": true,
    "IU": false,
    "MR": false,
    "ML": false,
    "BK": true
}