{
    "question": "[IMAGE 0] \n(The state of agricultural commodity markets. Agricultural trade, climate change and foot \nsecurity. Roma: FAO, 2018. Disponível em http://www.fao.org/3/I954 2EN/i9542en.pdf.) \n \nMuitos autores anunciam o fim da globalização econômica \ne indicam que  parte do comércio global de  mercadorias \npode estar com seus dias contados depois da pandemia da \nCovid19.  Contudo,  o  comércio  internacional  de \nmercadorias,  especialmente  agrícolas,  é  ainda  hoje \nrelevante  para  o  abastecimento  de  muitos  mercados \nnacionais. \nCom base nos gráficos acima e em seus conhecimentos, \nassinale a alternativa correta.",
    "number": 65,
    "id": "UNICAMP_2021_65",
    "alternatives": [
        "a)  A União Europeia não depende do mercado mundial \nde  mercadorias,  porque  o  valor  total  de  suas \nexportações é aproximadamente igual ao valor total de \nsuas importações.",
        "b)  A  economia  brasileira  não  tem  nas  commodities \nagrícolas  importante  ponto  de  sua  pauta  de \nexportação,  porque  5,7%  das  exportações  mundiais \nrepresentam uma cifra muito pequena.",
        "c)  A economia chinesa é, em grande parte, dependente \ndas  importações  de  commodities  agrícolas,  sendo  o \nBrasil  importante  parceiro  comercial  de  suas \nimportações.",
        "d)  Apesar  de  sua  extensão  territorial  relativamente \npequena,  o  Japão  é  um  dos  maiores  produtores  de \ncommodities  agrícolas,  destacando-se  a  produção \nvoltada para o mercado latino-americano."
    ],
    "associated_images": [
        "imgs/UNICAMP/2021/day1/65/0.png"
    ],
    "answer": "C",
    "has_associated_images": true,
    "alternatives_type": "string",
    "subject": [
        "geography"
    ],
    "DS": true,
    "TU": true,
    "IU": true,
    "MR": true,
    "ML": false,
    "BK": false
}