{
    "question": "Em nosso planeta em rápida urbanização, a vida cotidiana \nda crescente população de urbanoides é cada vez mais \nsustentada por sistemas vastos e incrivelmente complexos \nde  infraestrutura  e  tecnologia.  Ainda  que  muitas  vezes \npassem despercebidos – pelo menos quando funcionam –, \nesses  sistemas  permitem  que  a  vida  urbana  moderna \nexista. Seus encanamentos, dutos, servidores, fios e túneis \nsustentam os fluxos, as conexões e os metabolismos que \nsão intrínsecos às cidades contemporâneas. \n(Adaptado de Stephen Graham, Cidades sitiadas. O novo urbanismo militar. São \nPaulo: Editora Boitempo, 2016, p. 345.) \n \nDepreende-se do texto que",
    "number": 67,
    "id": "UNICAMP_2021_67",
    "alternatives": [
        "a)  a  vida  na  cidade  é  composta  por  um  conjunto  de \nindividualidades autossuficientes, sem a necessidade \nde interconexões e solidariedades.",
        "b)  as  cidades  contemporâneas  são  dependentes  de \nsistemas  técnicos  infraestruturais,  mas  cada  vez \nmenos dependentes do trabalho técnico e social.",
        "c)  os bastidores infraestruturais e sociais da vida urbana \ncotidiana,  em  geral  ocultos,  tornam-se  claros  e \npalpáveis em momentos de interrupções sistêmicas.",
        "d)  a  dependência  das  infraestruturas  em  rede  existe \napenas  em  cidades  modernas  e  tecnologicamente \navançadas, as chamadas cidades hight-tech."
    ],
    "associated_images": [],
    "answer": "C",
    "has_associated_images": false,
    "alternatives_type": "string",
    "subject": [
        "geography"
    ],
    "DS": false,
    "TU": true,
    "IU": false,
    "MR": false,
    "ML": false,
    "BK": false
}