{
    "question": "Brasil - Produção Agrícola Municipal - 2016 \n [IMAGE 2] \n [IMAGE 4] \n [IMAGE 5] \n [IMAGE 1] \n [IMAGE 0] \n [IMAGE 3] \nOs mapas anteriores apresentam três culturas temporárias \nde  extrema  importância  para  os  mercados  interno  e \nexterno.  Com  base  na  sua  espacialização,  podemos \nafirmar  que  os  mapas  1,  2,  e  3  representam, \nrespectivamente, as culturas de",
    "number": 68,
    "id": "UNICAMP_2021_68",
    "alternatives": [
        "a)  mandioca, trigo e laranja.",
        "b)  trigo, laranja e mandioca.",
        "c)  laranja, mandioca e trigo.",
        "d)  mandioca, laranja, trigo."
    ],
    "associated_images": [
        "imgs/UNICAMP/2021/day1/68/4.jpg",
        "imgs/UNICAMP/2021/day1/68/8.jpg",
        "imgs/UNICAMP/2021/day1/68/1.jpg",
        "imgs/UNICAMP/2021/day1/68/9.jpg",
        "imgs/UNICAMP/2021/day1/68/7.jpg",
        "imgs/UNICAMP/2021/day1/68/2.jpg"
    ],
    "answer": "A",
    "has_associated_images": true,
    "alternatives_type": "string",
    "subject": [
        "geography"
    ],
    "DS": true,
    "TU": true,
    "IU": false,
    "MR": false,
    "ML": false,
    "BK": true
}