{
    "question": "Os mapas temáticos são elaborados com a utilização de \ntécnicas  que  objetivam  a  melhor  visualização  e \ncomunicação,  distinguindo-se  essencialmente  dos \ntopográficos,  que  representam  fenômenos  de  qualquer \nnatureza, geograficamente distribuídos sobre a superfície \nterrestre. O nível de organização dos dados, qualitativos, \nordenados ou quantitativos, de um mapa está diretamente \nrelacionado ao método de mapeamento e à utilização de \nvariáveis visuais adequadas à sua representação. \n(Rosely  Sampaio  Archela  e  Hervé  Théry,  Orientação  metodológica  para \nconstrução e leitura de mapas temáticos. Revista Confins. n.3. 2008, p. 1-36.) \n [IMAGE 0] \n(Disponível em https://covid.saude.gov.br/) (Acessado em 08/07/2020) \n \nOs  mapas  temáticos  anteriores  mostram  o  cenário \nbrasileiro da pandemia em 7 de julho de 2020. O mapa 1 \napresenta o número de casos confirmados de Covid19 por \nente  federativo  e  o  mapa  2,  a  taxa  de  incidência  da \nCovid19 por Estado brasileiro. No que se refere à análise \ndos dados representados nos mapas, é correto afirmar:",
    "number": 71,
    "id": "UNICAMP_2021_71",
    "alternatives": [
        "a)  O objetivo do mapa 1 é apresentar os dados de forma \nquantitativa,  enquanto  o  mapa  2  prioriza  uma \napresentação qualitativa dos dados.",
        "b)  Os  mapas  1  e  2  apresentam  dados  absolutos \nqualitativos  referentes  à  Covid19  obtidos  em  órgãos \noficiais do governo federal.",
        "c)  O mapa 1 apresenta os dados absolutos dos casos \nconfirmados  de  Covid19,  enquanto  o  mapa  2 \napresenta  a  proporção  de  casos  por  milhão  de \nhabitantes.",
        "d)  Os  mapas  1  e  2  apresentam  dados  proporcionais \nreferentes à Covid19, pois não é possível apresentar \ncom exatidão dados da área de saúde."
    ],
    "associated_images": [
        "imgs/UNICAMP/2021/day1/71/3.png"
    ],
    "answer": "C",
    "has_associated_images": true,
    "alternatives_type": "string",
    "subject": [
        "geography"
    ],
    "DS": true,
    "TU": true,
    "IU": true,
    "MR": false,
    "ML": false,
    "BK": true
}