{
    "question": "A Equipe AzMina fez um experimento buscando no Google \n“frases para o Dia das Mães”. E o resultado foi um festival \nde frases que romantizam a maternidade. Ativaram, então, \n“sua caneta desromantizadora” para “corrigir” essas frases \nque  estamos  tão  acostumados  a  ouvir,  e  muitas  vezes \nreproduzir.  \n [IMAGE 0] \n \n(Adaptado de Equipe AzMina, Caneta desromantizadora de mensagens de dia \ndas mães. Disponível em https://azmina.com.br/reportagens/caneta-desroman \ntizadora-de-mensagens-de-dia-das-maes/. Acessado em 09/05/2020.) \n \nAs frases são “desromantizadas” porque a Equipe AzMina \nreconhece",
    "number": 9,
    "id": "UNICAMP_2021_9",
    "alternatives": [
        "a)  o sofrimento como condição para a vocação materna e \npara a realização feminina .",
        "b)  o  amor  materno  como  herança  familiar,  mesmo \nquando ele é remunerado.",
        "c)  a  sobrecarga  das  mães  na  criação  dos  filhos, \nconsiderando também outras formas de maternidade.",
        "d)  a maternidade como sendo difícil, trabalhosa e, ainda \nassim, heroica e instintiva."
    ],
    "associated_images": [
        "imgs/UNICAMP/2021/day1/9/0.jpg"
    ],
    "answer": "D",
    "has_associated_images": true,
    "alternatives_type": "string",
    "subject": [
        "portuguese"
    ],
    "DS": false,
    "TU": true,
    "IU": true,
    "MR": false,
    "ML": false,
    "BK": true
}