{
    "question": "Glossário: \nBug:  falha  devido  ao  mau  funcionamento  em  um  programa  de \ninformática. \nComputar: contar, incluir.  \nDar load: carregar. \nLolking: site da Internet sobre o jogo \nRanked: partida que dá pontos ao jogador \nServer: servidor; em informática, é um programa ou um computador \nque fornece serviços a uma rede de computadores. \nUpar: subir de nível, recarregar.\nEstrangeirismos  são  palavras  e  expressões  de  outras \nlínguas usadas correntemente em nosso cotidiano. Sobre o \nemprego de palavras estrangeiras no português, o linguista \nSírio Possenti comenta: \n \nTomamos alguns verbos do inglês e os adaptamos a nosso \nsistema  verbal  exclusivamente  segundo  regras  do \nportuguês.  Se  adotarmos  start,  logo  teremos  estartar  (e \ntodas as suas flexões), pois nossa língua não tem sílabas \niniciais  como  st-,  que  imediatamente  se  tornam  est-.  A \nforma nunca será startar,  nem ostartar ou ustartar, nem \nestarter ou estartir, nem printer ou printir, nem atacher ou \natachir etc., etc., etc. \n \n(Adaptado de Sírio Possenti, “A questão dos estrangeirismos”, em \nCarlos Alberto Faraco, Estrangeirismos: guerras em torno da língua. \nSão Paulo: Parábola, 2001, p. 173-174.) \n \nAs alternativas abaixo reproduzem trechos de um fórum de \ndiscussão  na  Internet  sobre  um  jogo  eletrônico.  Nessa \ndiscussão, um jogador queixa-se por não ter conseguido se \nconectar  a  uma  partida  e  ter  perdido  pontos.  Escolha  a \nalternativa  que  contém  um  exemplo  do  processo  de \nadaptação de verbos do inglês para o sistema verbal do \nportuguês, como descreve Sírio Possenti.",
    "number": 1,
    "id": "UNICAMP_2018_1",
    "alternatives": [
        "a)  “Aconteceu  logo  na  manhã  deste  domingo,  quando \niniciei uma ranked.”",
        "b)  “Ela não deu load e pensei que era um bug no site.”",
        "c)  “Entrei no lolking para ver se a partida estava sendo \ncomputada.”",
        "d)  “Nem  upei  meu  personagem  de  tanto  problema  no \nserver.”"
    ],
    "associated_images": [],
    "answer": "D",
    "has_associated_images": false,
    "alternatives_type": "string",
    "subject": [
        "portuguese"
    ],
    "TU": true,
    "IU": false,
    "MR": false,
    "ML": false,
    "BK": true,
    "PRK": false
}