{
    "question": "A fim de dar exemplos de sua teoria da “alma exterior”, o \nnarrador-personagem do conto “O espelho”, de Machado \nde  Assis,  refere-se  a  uma  senhora  conhecida  sua  “que \nmuda de alma exterior cinco, seis vezes por ano”.  \nE, questionado sobre a identidade dessa mulher, afirma: \n“Essa senhora é parenta do diabo, e tem o mesmo nome: \nchama-se Legião...” Considerando o contexto dessa frase \nno conto, pode-se dizer que ela constitui",
    "number": 10,
    "id": "UNICAMP_2018_10",
    "alternatives": [
        "a)  uma crítica à noção de alma exterior como resultante \nda influência do mal.",
        "b)  uma  consideração  cômica  que  ressalta  o  nome \ninusitado da senhora.",
        "c)  uma condenação do comportamento moral da senhora \nem questão.",
        "d)  uma  ironia  com  a  inconstância  dos  valores  sociais \nassociados à alma exterior."
    ],
    "associated_images": [],
    "answer": "D",
    "has_associated_images": false,
    "alternatives_type": "string",
    "subject": [
        "portuguese"
    ],
    "TU": true,
    "IU": false,
    "MR": false,
    "ML": false,
    "BK": true,
    "PRK": true
}