{
    "question": "Transforma-se o amador na coisa amada, \nPor virtude do muito imaginar; \nNão tenho, logo, mais que desejar, \nPois em mim tenho a parte desejada. \n \nSe nela está minha alma transformada, \nQue mais deseja o corpo de alcançar? \nEm si somente pode descansar, \nPois com ele tal alma está liada. \n \n \nMas esta linda e pura semideia, \nQue, como o acidente em seu sujeito, \nAssim como a alma minha se conforma, \n \nEstá no pensamento como ideia; \nE o vivo e puro amor de que sou feito, \nComo a matéria simples busca a forma. \n \n(Luís  de  Camões,  Lírica:  redondilhas  e  sonetos,  Rio  de  Janeiro: \nEdiouro / São Paulo: Publifolha, 1997, p. 85.) \n \nUm dos aspectos mais importantes da lírica de Camões é a \nretomada renascentista de ideias do filósofo grego Platão. \nConsiderando  o  soneto  citado,  pode-se  dizer  que  o \nchamado “neoplatonismo” camoniano",
    "number": 12,
    "id": "UNICAMP_2018_12",
    "alternatives": [
        "a)  é afirmado nos dois primeiros quartetos, uma vez que a \nunião  entre  amador  e  pessoa  amada  resulta  em  uma \nalma única e perfeita.",
        "b)  é confirmado nos dois últimos tercetos, uma vez que a \nbeleza  e  a  pureza  reúnem-se  finalmente  na  matéria \nsimples que deseja.",
        "c)  é negado nos dois primeiros quartetos, uma vez que a \nconsequência da união entre amador e coisa amada é a \nausência de desejo.",
        "d)  é contrariado nos dois últimos tercetos, uma vez que a \npureza  e  a  beleza  mantêm-se  em  harmonia  na  sua \ncondição de ideia."
    ],
    "associated_images": [],
    "answer": "A",
    "has_associated_images": false,
    "alternatives_type": "string",
    "subject": [
        "portuguese",
        "history"
    ],
    "TU": true,
    "IU": false,
    "MR": false,
    "ML": false,
    "BK": false,
    "PRK": true
}