{
    "question": "Durante  dois  anos  o  cortiço  prosperou  de  dia  para  dia, \nganhando forças, socando-se de gente. E ao lado o Miranda \nassustava-se, inquieto com aquela exuberância brutal de vida, \naterrado defronte daquela floresta implacável que lhe crescia \njunto da casa (...). \nÀ  noite  e  aos  domingos  ainda  mais  recrudescia  o  seu \nazedume,  quando  ele,  recolhendo-se  fatigado  do  serviço, \ndeixava-se ficar estendido numa preguiçosa, junto à mesa da \nsala de jantar e ouvia, a contragosto, o grosseiro rumor que \nvinha  da  estalagem  numa  exalação  forte  de  animais \ncansados. Não podia chegar à janela sem receber no rosto \naquele bafo, quente e sensual, que o embebedava com o seu \nfartum de bestas no coito. \n(Aluísio de Azevedo, O cortiço. 14. ed. São Paulo: Ática, 1983, p. 22.) \n \nLevando em conta o excerto, bem como o texto integral do \nromance, é correto afirmar que",
    "number": 13,
    "id": "UNICAMP_2018_13",
    "alternatives": [
        "a)  o grosseiro rumor, a sexualidade desregrada e a exalação \nforte  que  provinham  do  cortiço  decorriam,  segundo \nMiranda, do abandono daquela população pelo governo.",
        "b)  os termos “grosseiro rumor”, “animais”, “bestas no coito”, \nque  fazem  referência  aos  moradores  do  cortiço, \nfuncionam  como  metáforas  da  vida  pulsante  dos  seus \nhabitantes.",
        "c)  o nivelamento sociológico na obra O Cortiço se dá não \nsomente entre os moradores da habitação coletiva e o \nseu  senhorio,  mas  também  entre  eles  e  o  vizinho \nMiranda.",
        "d)  a presença portuguesa, exemplificada nas personagens \nJoão  Romão  e  Miranda,  não  é  relevante  para  o \ndesenvolvimento da narrativa nem para a compreensão \ndo sentido da obra."
    ],
    "associated_images": [],
    "answer": "B",
    "has_associated_images": false,
    "alternatives_type": "string",
    "subject": [
        "portuguese"
    ],
    "TU": true,
    "IU": false,
    "MR": false,
    "ML": false,
    "BK": true,
    "PRK": true
}