{
    "question": "O brasileiro João Guimarães Rosa e o irlandês James Joyce \nsão  autores  reverenciados  pela  inventividade  de  sua \nlinguagem  literária,  em  que  abundam  neologismos.  Muitas \nvezes, por essa razão, Guimarães Rosa e Joyce são citados \ncomo  exemplos  de  autores  \"praticamente  intraduzíveis\". \nMesmo sem ter lido os autores, é possível identificar alguns \ndos seus neologismos, pois são baseados em processos de \nformação de palavras comuns ao português e ao inglês. \n \nEntre  os  recursos  comuns  aos  neologismos  de  Guimarães \nRosa e de James Joyce, estão: \n \ni.  Onomatopeia  (formação  de  uma  palavra  a  partir  de \numa  reprodução  aproximada  de  um  som  natural, \nutilizando-se os recursos da língua); e \nii.  Derivação (formação de novas palavras pelo acréscimo \nde  prefixos  ou  sufixos  a  palavras  já  existentes  na \nlíngua). \n \nOs  neologismos  que  aparecem  nas  opções  abaixo  foram \nextraídos de obras de Guimarães Rosa (GR) e James Joyce \n(JJ). Assinale a opção em que os processos (i) e (ii) estão \npresentes:",
    "number": 14,
    "id": "UNICAMP_2018_14",
    "alternatives": [
        "a)  Quinculinculim (GR, No Urubuquaquá, no Pinhém) \ne tattarrattat (JJ, Ulisses).",
        "b)  Transtrazer  (GR,  Grande  sertão:  veredas)  e  monoideal \n(JJ, Ulisses).",
        "c)  Rtststr  (JJ,  Ulisses)  e  quinculinculim  (GR,  No \nUrubuquaquá, no Pinhém).",
        "d)  Tattarrattat  (JJ,  Ulisses)  e  inesquecer-se  (GR,  Ave, \nPalavra)."
    ],
    "associated_images": [],
    "answer": "D",
    "has_associated_images": false,
    "alternatives_type": "string",
    "subject": [
        "portuguese"
    ],
    "TU": true,
    "IU": false,
    "MR": false,
    "ML": false,
    "BK": false,
    "PRK": true
}