{
    "question": "“ODORICO \nEu sei. É um movimento subversivo procurando me intrigar \ncom  a  opinião  pública  e  criar  problemas  à  minha \nadministração. Sei, sim. É uma conspiração. Eles não queriam \no cemitério. Desde o princípio foram contra. E agora que o \ncemitério  está  pronto  caem  de  pau  em  cima  de  mim,  me \nchamam de demagogo, de tudo..”  \n(...) \n“ODORICO \nPois eu quero que depois o senhor soletre esta gazeta de \nponta a ponta. Neco Pedreira o senhor conhece? \nZECA \nConheço não sinhô. \nODORICO \nÉ o dono do jornal. Elemento perigoso. Sua primeira missão \ncomo delegado é dar uma batida na redação dessa gazeta \nsubversiva  e  sacudir  a  marreta  em  nome  da  lei  e  da \ndemocracia...” \n \n(Dias Gomes, O bem amado. 12.ed. Rio de Janeiro: Bertrand Brasil, \n2014, p. 40 e 68.) \n \nA  peça  de  Dias  Gomes  é  uma  crítica  a  um  momento \nhistórico  e  político  da  sociedade  brasileira.  Odorico \nParaguassu tornou-se um personagem emblemático desse \nperíodo porque por meio dele",
    "number": 16,
    "id": "UNICAMP_2018_16",
    "alternatives": [
        "a) simbolizou-se a defesa da democracia a qualquer custo. \nEssa defesa resultou em uma sociedade cindida entre o \nrespeito  à  lei  e  o  seu  uso  particular,  temas  políticos \ncomuns  aos  países  latino-americanos  nos  anos  de \n1970.",
        "b)  representaram-se  o  atropelo  da  lei  constitucional,  a \nrelativização da liberdade de imprensa e a construção \nde  um  inimigo  interno  que  justificasse  o  arbítrio  das \ndecisões do executivo, próprios aos Anos de Chumbo.",
        "c) explicitaram-se as leis que regiam a vida política e social \nde uma nação subdesenvolvida da América Latina na \ndécada  de  1970,  marcada  pela  inércia  e  pela \ncumplicidade dos cidadãos com a corrupção sistêmica \ndo país.",
        "d) fez-se a defesa da democracia e do respeito irrestrito à \nlei constitucional para um projeto de nação brasileira da \ndécada  1970,  que  enfrentava  o  espírito  demagógico \ndos políticos latino-americanos."
    ],
    "associated_images": [],
    "answer": "B",
    "has_associated_images": false,
    "alternatives_type": "string",
    "subject": [
        "history"
    ],
    "TU": true,
    "IU": false,
    "MR": false,
    "ML": false,
    "BK": true,
    "PRK": true
}