{
    "question": "Lançando-se  determinada  moeda  tendenciosa,  a \nprobabilidade de sair cara é o dobro da probabilidade de \nsair  coroa.  Em  dois  lançamentos  dessa  moeda,  a \nprobabilidade de sair o mesmo resultado é igual a",
    "number": 19,
    "id": "UNICAMP_2018_19",
    "alternatives": [
        "a)  1/2.",
        "b)  5/9.",
        "c)  2/3.",
        "d)  3/5"
    ],
    "associated_images": [],
    "answer": "B",
    "has_associated_images": false,
    "alternatives_type": "string",
    "subject": [
        "mathematics"
    ],
    "TU": true,
    "IU": false,
    "MR": true,
    "ML": false,
    "BK": false,
    "PRK": true
}