{
    "question": "Leia,  a  seguir,  um  excerto  de  “Terrorismo  Literário”,  um \nmanifesto do escritor Ferréz. \n \nA capoeira não vem mais, agora reagimos com a palavra, \nporque  pouca  coisa  mudou,  principalmente  para  nós.  A \nliteratura  marginal  se  faz  presente  para  representar  a \n \n \ncultura de um povo composto de minorias, mas em seu \ntodo uma maioria. \nA Literatura Marginal, sempre é bom frisar, é uma literatura \nfeita por minorias, sejam elas raciais ou socioeconômicas. \nLiteratura feita à margem dos núcleos centrais do saber e \nda  grande  cultura  nacional,  isto  é,  de  grande  poder \naquisitivo.  Mas  alguns  dizem  que  sua  principal \ncaracterística é a linguagem, é o jeito que falamos, que \ncontamos a história, bom, isso fica para os estudiosos.  \nCansei de ouvir:   “Mas o que cês tão fazendo é separar \na literatura, a do gueto e a do centro”. E nunca cansarei de \nresponder:   “O barato já tá separado há muito tempo, foi \nfeito todo um mundo de teses e de estudos do lado de lá, e \ndo de cá mal terminamos o ensino dito básico.” \n \n(Adaptado  de  Ferréz,  “Terrorismo  literário”,  em  Ferréz  (Org.), \nLiteratura marginal: talentos da escrita periférica. Rio de Janeiro: Agir, \n2005, p. 9,12,13.) \n \nFerréz defende sua proposta literária como uma",
    "number": 2,
    "id": "UNICAMP_2018_2",
    "alternatives": [
        "a)  descoberta de que é preciso reagir com a palavra para \nque não haja separação entre a grande cultura nacional e \na literatura feita por minorias.",
        "b)  comprovação  de  que,  sendo  as  minorias  de  fato  uma \nmaioria, não faz sentido distinguir duas literaturas, uma do \ncentro e outra da periferia.",
        "c)  manifestação de que a literatura marginal tem seu modo \npróprio de falar e de contar histórias, já reconhecido pelos \nestudiosos.",
        "d)  constatação  de  que  é  preciso  reagir  com  a  palavra  e \nmostrar-se nesse lugar marginal como literatura feita por \nminorias que juntas formam uma maioria."
    ],
    "associated_images": [],
    "answer": "D",
    "has_associated_images": false,
    "alternatives_type": "string",
    "subject": [
        "portuguese"
    ],
    "TU": true,
    "IU": false,
    "MR": false,
    "ML": false,
    "BK": false,
    "PRK": false
}