{
    "question": "A figura a seguir exibe o gráfico de uma função y=f(x) para 0 <= x <= 3. \n [IMAGE 3] \nO gráfico de y=[f(x)]^2 é dado por ",
    "number": 21,
    "id": "UNICAMP_2018_21",
    "alternatives": [
        "a) [IMAGE 4]",
        "b) [IMAGE 1]",
        "c) [IMAGE 0]",
        "d) [IMAGE 2]"
    ],
    "associated_images": [
        "imgs/UNICAMP/2018/21/4.jpg",
        "imgs/UNICAMP/2018/21/3.jpg",
        "imgs/UNICAMP/2018/21/5.jpg",
        "imgs/UNICAMP/2018/21/1.jpg",
        "imgs/UNICAMP/2018/21/2.jpg"
    ],
    "answer": "C",
    "has_associated_images": true,
    "alternatives_type": "images",
    "subject": [
        "mathematics"
    ],
    "TU": true,
    "IU": true,
    "MR": true,
    "ML": false,
    "BK": false,
    "PRK": true
}