{
    "question": "Seja x um número real tal que sen(x) + cos(x) = 0,2. Logo, \n |sen(x) - cos(x)| \n igual a",
    "number": 24,
    "id": "UNICAMP_2018_24",
    "alternatives": [
        "a) 0,5.",
        "b) 0,8.",
        "c) 1,1.",
        "d) 1,4."
    ],
    "associated_images": [],
    "answer": "D",
    "has_associated_images": false,
    "alternatives_type": "string",
    "subject": [
        "mathematics"
    ],
    "TU": true,
    "IU": false,
    "MR": true,
    "ML": false,
    "BK": false,
    "PRK": true
}