{
    "question": "Sabendo que k é um número real, considere o sistema linear nas variáveis reais x e y,\nx+ky=1\nx+y=k\né Correto afirmar que esse sistema",
    "number": 26,
    "id": "UNICAMP_2018_26",
    "alternatives": [
        "a) tem solução para todo k.",
        "b) não tem solução para nenhum k.",
        "c) não tem solução se k=1",
        "d) tem infinitas soluções se k > 1."
    ],
    "associated_images": [],
    "answer": "A",
    "has_associated_images": false,
    "alternatives_type": "string",
    "subject": [
        "mathematics"
    ],
    "TU": true,
    "IU": false,
    "MR": true,
    "ML": false,
    "BK": false,
    "PRK": true
}