{
    "question": "Sejam p(x) e q(x) polinômios  com  coeficientes  reais. \nDividindo-se p(x) por q(x), obtém-se  quociente  e  resto \niguais a x^2 + 1.Nessas condições,  \ncorreto afirmar que",
    "number": 28,
    "id": "UNICAMP_2018_28",
    "alternatives": [
        "a)  o grau de p(x)  menor que 5.",
        "b)  o grau de q(x)  menor que 3.",
        "c)  p(x) tem raízes complexas.",
        "d)  q(x) tem raízes reais."
    ],
    "associated_images": [],
    "answer": "C",
    "has_associated_images": false,
    "alternatives_type": "string",
    "subject": [
        "mathematics"
    ],
    "TU": true,
    "IU": false,
    "MR": true,
    "ML": false,
    "BK": false,
    "PRK": true
}