{
    "question": "[IMAGE 0]\n(Disponível em http://www.psyche.com.br/taxonomy/term/4. Acessado \nem 02/06/2017.) \n \nNo  contexto  deste  grafite,  as  frases  “menos  presos \npolíticos” e “mais políticos presos” expressam",
    "number": 3,
    "id": "UNICAMP_2018_3",
    "alternatives": [
        "a)  uma  relação  de  contradição,  uma  vez  que  indicam \nsentidos opostos.",
        "b)  uma relação de consequência, já que a diminuição de \num grupo conduz ao aumento de outro.",
        "c)  uma relação de contraste, pois reivindicam o aumento \nde um tipo de presos e a redução de outro.",
        "d)  uma relação de complementaridade, porque remetem \na subconjuntos de uma mesma categoria."
    ],
    "associated_images": [
        "imgs/UNICAMP/2018/3/1.jpg"
    ],
    "answer": "C",
    "has_associated_images": true,
    "alternatives_type": "string",
    "subject": [
        "portuguese"
    ],
    "TU": true,
    "IU": true,
    "MR": false,
    "ML": false,
    "BK": false,
    "PRK": false
}