{
    "question": "FIGURA 1 \n   [IMAGE 0] \nFIGURA 2 \n [IMAGE 1] \n(Adaptado de 16 Traduções hilárias de placas e avisos em inglês feitos para a copa. Mega Curioso, 07/06/2014. Disponível em http://www.megacurioso.com.br/copa-do-mundo-2014/44531-16-traducoes-hilarias-de-placas-e-avisos-em-ingles-feitos-para-a-copa.htm. Acessado em 10/07/2017.) \n \nEntre as inadequações no uso do inglês observadas nas figuras 1 e 2, podemos citar:",
    "number": 30,
    "id": "UNICAMP_2018_30",
    "alternatives": [
        "a)  erros no emprego dos tempos verbais em inglês.",
        "b)  equívoco  quanto  à  classe  gramatical  de  certas \npalavras.",
        "c)  desconhecimento  das  diferenças  entre  inglês  oral  e \nescrito",
        "d)  erros de tradução causados por falsos cognatos."
    ],
    "associated_images": [
        "imgs/UNICAMP/2018/30/0.jpg",
        "imgs/UNICAMP/2018/30/1.jpg"
    ],
    "answer": "B",
    "has_associated_images": true,
    "alternatives_type": "string",
    "subject": [
        "english"
    ],
    "TU": true,
    "IU": true,
    "MR": false,
    "ML": true,
    "BK": false,
    "PRK": true
}