{
    "question": "ZOMBIE NEUROSCIENCE \n \nI don’t know if cockroaches dream, but I imagine if they do, \njewel wasps feature prominently in their nightmares. These \nsmall,  solitary  tropical  wasps  are  of  little  concern  to  us \nhumans; after all, they don’t manipulate our minds so that \nthey  can  serve  us  up  as  willing,  living  meals  to  their \nnewborns, as they do to unsuspecting cockroaches. The \nstory is simple, if grotesque: the female wasp controls the \nminds of the cockroaches she feeds to her offspring, taking \naway their sense of fear or will to escape their fate. What \nturns a once healthy cockroach into a mindless zombie it’s \nvenom. Not just any venom, either: a specific venom that \nacts like a drug, targeting the cockroach's brain. \n \n(Adaptado  de  Christie  Wilcox,  Zombie  Neuroscience.  Scientific \nAmerican, New York, v. 315, n. 2, p. 70–73, 2016.) \n \nDe acordo com o autor,",
    "number": 33,
    "id": "UNICAMP_2018_33",
    "alternatives": [
        "a)  certas  baratas  conseguem  escapar  de  ataques  de \nvespas comportando-se como zumbis.",
        "b)  baratas  são  capazes  de  ações  predatórias  que  mal \npodemos imaginar.",
        "c)  vespas fêmeas de uma certa espécie podem controlar \na mente das baratas.",
        "d)  uma barata pode inocular um veneno que transforma \numa outra barata em um zumbi."
    ],
    "associated_images": [],
    "answer": "C",
    "has_associated_images": false,
    "alternatives_type": "string",
    "subject": [
        "english"
    ],
    "TU": true,
    "IU": false,
    "MR": false,
    "ML": true,
    "BK": false,
    "PRK": false
}