{
    "question": "[IMAGE 0]\nFigure 1: Therapeutic areas in emerging markets\nThe colour of the dots represents the relative \nintensity of therapeutic area research within a \nspecific country across each row. The size of the \ndots represents the relative proportions of research \nacross different countries within a specific therapeutic \narea in each column. \n \n \n(Adaptado de Ajay Gautam, Lily Li e Kumar Srinivasan, Market watch: \nTherapeutic area ‘heat map’ for emerging markets. Nature Reviews \nDrug Discovery 14, p. 518, jul. 2015.) \n \nDe acordo com o gráfico apresentado,",
    "number": 34,
    "id": "UNICAMP_2018_34",
    "alternatives": [
        "a)  doença  autoimune  é  um  tema  pesquisado \nintensamente em todos os países.",
        "b)  a China é o país com o menor mercado potencial para \ntratamentos médicos, apesar de ser populosa.",
        "c)  Índia e África do Sul dão importância semelhante às \npesquisas sobre doenças infecciosas.",
        "d)  no  Brasil,  na  Rússia  e  na  Índia,  a  quantidade  de \ndoentes de câncer é aproximadamente a mesma."
    ],
    "associated_images": [
        "imgs/UNICAMP/2018/34/0.jpg"
    ],
    "answer": "C",
    "has_associated_images": true,
    "alternatives_type": "string",
    "subject": [
        "english"
    ],
    "TU": true,
    "IU": true,
    "MR": true,
    "ML": true,
    "BK": false,
    "PRK": false
}