{
    "question": "Olaudah Equiano's Biography \n [IMAGE 0]\nOlaudah Equiano (1745 –1797) foi um escritor abolicionista \nafricano do século XVIII que viveu na pele os horrores da \nescravidão nas Américas. Leia o trecho abaixo, retirado da \nsua autobiografia. \nHitherto  I  had  thought  only \nslavery dreadful; but the state \nof  a  free  negro  appeared  to \nme  now  equally  so  at  least, \nand  in  some  respects  even \nworse,  for  they  live  in \nconstant  alarm  for  their \nliberty;  and  even  this  is  but \nnominal,  for  they  are \nuniversally  insulted  and \nplundered  without  the \npossibility of redress; for such \nis  the  equity  of  the  West \nIndian  laws,  that  no  free \nnegro's  evidence  will  be \nadmitted  in  their  courts  of \njustice.  In  this  situation  is  it \nsurprising  that  slaves,  when \nfairly  treated,  should  prefer \neven the misery of slavery to \nsuch a mockery of freedom? \n \n(Adaptado de Olaudah Equiano, The Interesting Narrative of the Life of \nOlaudah Equiano or Gustavus Vassa, the African. Peterborough, Canada: \nBroadview Press, 2001, p. 250.) \n \nSegundo o testemunho de Olaudah Equiano,",
    "number": 35,
    "id": "UNICAMP_2018_35",
    "alternatives": [
        "a)  embora tivessem direitos assegurados no tribunal, os \nex-escravos não podiam requerer indenizações pelo \ntempo passado no cativeiro.",
        "b)  os ex-escravos eram, em princípio, protegidos pelas \nleis  das  Índias  Ocidentais  Britânicas,  que  previam \ntratamento igualitário aos cidadãos livres.",
        "c)  os  escravos  libertos  dispunham  de  uma  falsa \nliberdade, pois não gozavam dos mesmos direitos nos \ntribunais que os cidadãos nascidos livres.",
        "d)  muitos ex-escravos preferiam voltar à antiga condição, \nmesmo  sob  patrões  severos,  levando  em  conta  a \nmaneira como viviam depois de libertos."
    ],
    "associated_images": [
        "imgs/UNICAMP/2018/35/1.jpg"
    ],
    "answer": "C",
    "has_associated_images": true,
    "alternatives_type": "string",
    "subject": [
        "english"
    ],
    "TU": true,
    "IU": false,
    "MR": false,
    "ML": true,
    "BK": false,
    "PRK": false
}