{
    "question": "Coral reefs are colorful underwater forests which teem with \nlife  and  act  as  a  natural  protective  barrier  for  coastal \nregions.  The  fishes  and  plants  which  call  them  home \nbelong  to  some  of  the  most  diverse  ―  and  fragile  ― \necosystems on the planet. Higher sea temperatures from \nglobal warming have already caused major coral bleaching \nevents. Bleaching occurs when corals respond to the stress \nof warmer temperatures by expelling the colorful algae that \nlive  within  them.  Increased  levels  of  atmospheric  carbon \ndioxide result in higher levels of CO2  in the water, leading to ocean acidification, which is also a threat to coral. As the \noceans  become  more  acidic,  the  corals'  ability  to  form \nskeletons  through  calcification  is  inhibited,  causing  their \ngrowth to slow. Increasing  sea levels caused by  melting \nsea  ice  could  also  cause  problems  for  some  reefs  by \nmaking  them  too  deep  to  receive  adequate  sunlight, \nanother factor important for survival. \n \n(Adaptado  de  Coral  Reefs,  The  National  Wildlife  Federation. \nDisponível  em  https://www.nwf.org/Wildlife/Threats-to-Wildlife/Global-\nWarming/Effects-on-Wildlife-and-Habitat/Coral-Reefs.aspx.  Acessado \nem 26/07/2017.) \n \nConsiderando  o  texto  e  seus  conhecimentos,  assinale  a \nalternativa correta.  \n \nOs  recifes  de  corais  estão  seriamente  ameaçados  pela \ncombinação dos seguintes fatores:",
    "number": 37,
    "id": "UNICAMP_2018_37",
    "alternatives": [
        "a)  branqueamento das esponjas calcáreas pela exalação \nde  suas  algas  simbiontes;  acidificação  marinha  em \nvirtude da elevação do nível do mar; e menor taxa \nfotossintética pelo aumento do CO2  nos oceanos.",
        "b)  bloqueio das conchas dos cnidários pela expulsão de \nsuas  algas  parasíticas;  acidificação  marinha  em \nvirtude  dos  maiores  níveis  de  CO2 no  ar;  e  maior incidência  de  luz  solar  por  causa  do  degelo  das \ncalotas polares.",
        "c)  branqueamento  dos  pólipos  de  cnidários  pela \nexpulsão  de  suas  algas  simbiontes;  acidificação \nmarinha em virtude dos maiores níveis de CO2 no ar; e  menor  taxa  fotossintética  em  razão  dos  níveis \noceânicos elevados.",
        "d)  bloqueio  das  esponjas  calcáreas  pela  aquisição  de \nalgas comensalistas; acidificação marinha em virtude \ndos maiores níveis de CO2  no ar; e maior incidência de luz solar por causa do degelo das calotas polares"
    ],
    "associated_images": [],
    "answer": "C",
    "has_associated_images": false,
    "alternatives_type": "string",
    "subject": [
        "english"
    ],
    "TU": true,
    "IU": false,
    "MR": false,
    "ML": true,
    "BK": false,
    "PRK": false
}