{
    "question": "The  modern  F=ma  form  of  Newton's  second  law  occurs \nnowhere in any edition of the Principia even though he had \nseen his second law formulated in this way in print during \nthe interval between the second and third editions in Jacob \nHermann's  Phoronomia  of  1716.  Instead,  it  has  the \nfollowing formulation in all three editions: A change in (1) \n________  is  proportional  to  the  motive  (2)  ________ \nimpressed and takes place along the (3) _________ line in \nwhich that force is (4)________. In the body of the Principia \nthis law is applied both to (5) _______  cases, in which an \ninstantaneous impulse such as from impact is effecting the \nchange in motion, and to cases of (6) _______ action, such \nas the change in motion in the continuous deceleration of a \nbody moving in a resisting medium. Newton thus appears \nto  have  intended  his  second  law  to  be  neutral  between \ndiscrete forces (that is, what we now call impulses) and \ncontinuous forces. \n \n(Adaptado  de  George  Smith,  \"Newton's  Philosophiae  Naturalis  Principia \nMathematica\",  em  Edward  N.  Zalta  (ed.),  The  Stanford  Encyclopedia  of \nPhilosophy  (Winter  2008  Edition).  Disponível  em \nhttps://plato.stanford.edu/archives/win2008/entries/newton-principia/.  Acessado \nem 24/10/2017.) \n \nAssinale  a  alternativa  que  apresenta  a  sequência \nadequada de palavras que preenchem as lacunas do texto \nacima, para que os conceitos utilizados estejam corretos.",
    "number": 38,
    "id": "UNICAMP_2018_38",
    "alternatives": [
        "a)  Motion, force, straight, impressed, discrete, continuous.",
        "b)  Force, motion, impressed, straight, discrete, continuous.",
        "c)  Motion, force, impressed, straight, continuous, discrete.",
        "d)  Force, motion, straight, impressed, continuous, discrete."
    ],
    "associated_images": [],
    "answer": "C",
    "has_associated_images": false,
    "alternatives_type": "string",
    "subject": [
        "english",
        "physics"
    ],
    "TU": true,
    "IU": false,
    "MR": false,
    "ML": true,
    "BK": false,
    "PRK": true
}