{
    "question": "Sempre que necessário, use aceleração da gravidade \ng = 10 m/s^2\nA figura abaixo ilustra uma alavanca que gira em torno do \nponto O. Dois triângulos, do mesmo material e de mesma \nespessura, estão presos por fios de massa desprezível nos \nextremos da alavanca. Um triângulo é equilátero; o outro é \nretângulo  e  isósceles,  e  sua  hipotenusa  tem  o  mesmo \ncomprimento  que  os  lados  do  triângulo  equilátero.  Note \nque, neste caso, o peso dos objetos é proporcional à sua \nárea.  Conclui-se  que,  na  condição  de  equilíbrio  da \nalavanca, a razão das distâncias, i/e, é igual a\n[IMAGE 0]",
    "number": 39,
    "id": "UNICAMP_2018_39",
    "alternatives": [
        "a) √3,",
        "b) √3/3",
        "c) 2.",
        "d) 3."
    ],
    "associated_images": [
        "imgs/UNICAMP/2018/39/0.jpg"
    ],
    "answer": "A",
    "has_associated_images": true,
    "alternatives_type": "string",
    "subject": [
        "mathematics",
        "physics"
    ],
    "TU": true,
    "IU": true,
    "MR": true,
    "ML": false,
    "BK": false,
    "PRK": true
}