{
    "question": "Situado  na  costa  peruana,  Chankillo,  o  mais  antigo \nobservatório das Américas, é composto por treze torres que se \nalinham de norte a sul ao longo de uma colina. Em 21 de \ndezembro, quando ocorre o solstício de verão no Hemisfério \nSul, o Sol nasce à direita da primeira torre (sul), na extrema \ndireita, a partir de um ponto de observação definido. À medida \nque os dias passam, a posição em que o Sol nasce se desloca \nentre as torres rumo à esquerda (norte). Pode-se calcular o \ndia do ano, observando-se qual torre coincide com a posição \ndo Sol ao amanhecer. Em 21 de junho, solstício de inverno no \nHemisfério Sul, o Sol nasce à esquerda da última torre na \nextrema esquerda e, à medida que os dias passam, vai se \nmovendo rumo à direita, para reiniciar o ciclo no dezembro \nseguinte.  Sabendo que as torres de Chankillo se posicionam \nao longo de 300 metros no eixo norte-sul, a velocidade escalar \nmédia com a qual a posição do nascer do Sol se desloca \natravés das torres é de aproximadamente \n [IMAGE 0]",
    "number": 40,
    "id": "UNICAMP_2018_40",
    "alternatives": [
        "a)  0,8 m/dia.",
        "b)  1,6 m/dia.",
        "c)  25 m/dia.",
        "d)  50 m/dia."
    ],
    "associated_images": [
        "imgs/UNICAMP/2018/40/1.jpg"
    ],
    "answer": "B",
    "has_associated_images": true,
    "alternatives_type": "string",
    "subject": [
        "physics"
    ],
    "TU": true,
    "IU": false,
    "MR": true,
    "ML": false,
    "BK": false,
    "PRK": true
}