{
    "question": "Recentemente,  a  agência  espacial  americana  anunciou  a \ndescoberta de um planeta a trinta e nove anos-luz da Terra, \norbitando  uma  estrela  anã  vermelha  que  faz  parte  da \nconstelação de Cetus. O novo planeta possui dimensões e \nmassa pouco maiores do que as da Terra e se tornou um dos \nprincipais  candidatos  a  abrigar  vida  fora  do  sistema  solar. \nConsidere  este  novo  planeta  esférico  com  um  raio  igual  a \nRp = 2Rt  e massa Mp = 8Mt , em que Rt  e Mt são o raio\ne a massa da Terra, respectivamente. Para planetas esféricos \nde  massa  M   e  raio  R ,  a  aceleração  da  gravidade  na \nsuperfície do planeta é dada por  = GM/R^2, , em que G  é uma \nconstante universal. Assim, considerando a Terra esférica e \nusando a aceleração da gravidade na sua superfície, o valor \nda  aceleração  da  gravidade  na  superfície  do  novo  planeta \nserá de",
    "number": 41,
    "id": "UNICAMP_2018_41",
    "alternatives": [
        "a)  5 m/s^2.",
        "b)  20 m/s^2.",
        "c)  40 m/s^2.",
        "d)  80 m/s^2."
    ],
    "associated_images": [],
    "answer": "B",
    "has_associated_images": false,
    "alternatives_type": "string",
    "subject": [
        "physics"
    ],
    "TU": true,
    "IU": false,
    "MR": true,
    "ML": false,
    "BK": false,
    "PRK": false
}