{
    "question": "Um  conjunto  de  placas  de  aquecimento  solar  eleva  a \ntemperatura da água de um reservatório de 500 litros de \n20 oC  para  47  oC  em  algumas  horas.  Se  no  lugar  das \nplacas solares fosse usada uma resistência elétrica, quanta \nenergia elétrica seria consumida para produzir o mesmo \naquecimento?  Adote  1,0  kg/litro  para  a  densidade  e \n4,0 kJ/(kg∙oC) para o calor específico da água. Além disso, \nuse 1 kWh = 10^3 W x 3.600 s = 3,6 x 10^6 J.",
    "number": 45,
    "id": "UNICAMP_2018_45",
    "alternatives": [
        "a)  15 kWh.",
        "b)  26 kWh.",
        "c)  40.000 kWh.",
        "d)  54.000 kWh."
    ],
    "associated_images": [],
    "answer": "A",
    "has_associated_images": false,
    "alternatives_type": "string",
    "subject": [
        "physics"
    ],
    "TU": true,
    "IU": false,
    "MR": true,
    "ML": false,
    "BK": false,
    "PRK": true
}