{
    "question": "Nos  últimos  anos,  materiais  exóticos  conhecidos  como \nisolantes  topológicos  se  tornaram  objeto  de  intensa \ninvestigação  científica  em  todo  o  mundo.  De  forma \nsimplificada,  esses  materiais  se  caracterizam  por  serem \nisolantes elétricos no seu interior, mas condutores na sua \nsuperfície.  Desta  forma,  se  um  isolante  topológico  for \nsubmetido a uma diferença de potencial U , teremos uma \nresistência efetiva na superfície diferente da resistência do \nseu volume, como mostra o circuito equivalente da figura \nabaixo. Nessa situação, a razão  F = Is/Iv  entre a corrente Is que  \natravessa  a  porção  condutora  na  superfície  e  a corrente  Iv  que atravessa a porção isolante no interior do material vale \n[IMAGE 0],",
    "number": 46,
    "id": "UNICAMP_2018_46",
    "alternatives": [
        "a)  0,002.",
        "b)  0,2.",
        "c)  100,2.",
        "d)  500."
    ],
    "associated_images": [
        "imgs/UNICAMP/2018/46/1.jpg"
    ],
    "answer": "D",
    "has_associated_images": true,
    "alternatives_type": "string",
    "subject": [
        "physics"
    ],
    "TU": true,
    "IU": true,
    "MR": true,
    "ML": false,
    "BK": false,
    "PRK": true
}