{
    "question": "[IMAGE 0]\n(Bruno Fonseca. Facebook. Disponível em \nhttps://www.facebook.com/museumazzaropi/. Acessado em \n31/08/2017.) \n \nConsiderando os sentidos produzidos pela tirinha, é correto \nafirmar que o autor explora o fato de que palavras como \n“ontem”, “hoje” e “amanhã”",
    "number": 5,
    "id": "UNICAMP_2018_5",
    "alternatives": [
        "a)  mudam de sentido dependendo de quem fala.",
        "b)  adquirem sentido no contexto em que são enunciadas.",
        "c)  deslocam-se de um sentido concreto para um abstrato.",
        "d)  evidenciam o sentido fixo dos advérbios de tempo."
    ],
    "associated_images": [
        "imgs/UNICAMP/2018/5/1.jpg"
    ],
    "answer": "B",
    "has_associated_images": true,
    "alternatives_type": "string",
    "subject": [
        "portuguese"
    ],
    "TU": true,
    "IU": true,
    "MR": false,
    "ML": false,
    "BK": false,
    "PRK": false
}