{
    "question": "Na  formação  das  monarquias  confessionais  da  Época \nModerna  houve  reforço  das  identidades  territoriais,  em \nfunção  de  critérios  de  caráter  religioso  ou  confessional. \nSimultaneamente, houve uma progressiva incorporação da \nIgreja ao corpo do Estado, através de medidas de caráter \npatrimonial  e  jurisdicional  que  procuravam  uma  maior \nsujeição das estruturas e agentes eclesiásticos ao poder \ndo príncipe. Na busca pela homogeneização da fé dentro \nde  um  território  político,  a  Igreja  cumpria  também  papel \nfundamental na formação do Estado moderno por meio de \nseus  mecanismos  de  disciplinamento  social  dos \ncomportamentos.  \n \n(Adaptado  de  Frederico  Palomo,  A  Contra-Reforma  em  Portugal, \n1540-1700. Lisboa: Livros Horizonte, 2006, p.52.) \n \nConsiderando o texto acima e seus conhecimentos sobre a \nEuropa Moderna, assinale a alternativa correta.",
    "number": 51,
    "id": "UNICAMP_2018_51",
    "alternatives": [
        "a)  Cada monarquia confessional adotou uma identidade \nreligiosa  e  medidas  repressivas  em  relação  às \ndissidências  religiosas  que  poderiam  ameaçar  tal \nunidade.",
        "b)  Monarquias  confessionais  são  aquelas  unidades \npolíticas  nas  quais  havia  a  convivência  pacífica  de \nduas  ou  mais  confissões  religiosas,  num  mesmo \nterritório.",
        "c)  São  consideradas  monarquias  confessionais  os \nterritórios  protestantes  que  se  mostravam  mais \npropícios  ao  desenvolvimento  do  capitalismo \ncomercial, tornando-se, assim, nações enriquecidas.",
        "d)  As  monarquias  confessionais  contavam  com  a \ninstituição do Tribunal do Santo Ofício da Inquisição \nem seu território, uma forma de controle cultural sobre \nreligiões politeístas."
    ],
    "associated_images": [],
    "answer": "A",
    "has_associated_images": false,
    "alternatives_type": "string",
    "subject": [
        "history"
    ],
    "TU": true,
    "IU": false,
    "MR": false,
    "ML": false,
    "BK": false,
    "PRK": true
}