{
    "question": "Em julho de 1917, convocou-se, em São Paulo, uma greve \ngeral,  com  adesão  de  45.000  trabalhadores,  para  pedir \naumento salarial. A greve se estendeu ao Rio de Janeiro e \nlevou o governo a reforçar o aparato repressivo e decretar \nestado de sítio em 1918. Nos anos de 1917-1919, o Chile \nregistrou o recrudescimento da agitação sindical. Mobilizavam-\nse  com  facilidade  100.000  trabalhadores,  como  durante  as \nmanifestações contra o custo dos alimentos em 1918 e 1919. \nA Argentina foi outro país que teve um movimento sindical \npoderoso. Entre 1917 e 1921, o movimento sindical conheceu \nseu apogeu. Apenas durante o ano de 1919, registraram-se \n367 greves na capital Buenos Aires.  \n \n(Adaptado  de  Olivier  Dabène,  América  Latina  no  século  XX.  Porto  Alegre: \nEDIPUCRS, 2003, p. 64-65.) \n \nConsiderando o texto acima e seus conhecimentos sobre o \ntema, assinale a alternativa correta.",
    "number": 54,
    "id": "UNICAMP_2018_54",
    "alternatives": [
        "a)  Os  movimentos  grevistas  foram  espontâneos  e \napartidários nos anos de 1910, rejeitando a infiltração \nideológica  das  lideranças  sindicais,  de  maioria \nmarxista  e  comunista,  pouco  mobilizadoras  no \nperíodo.",
        "b)  Os  movimentos  sindicais  estavam  em  processo  de \nfortalecimento,  entre  outras  razões,  pela  intensa \nruralização dos países latino-americanos na década \nde 1900.",
        "c)  O  processo  de  fortalecimento  dos  movimentos \nsindicais enfrentou um forte aparato repressivo, nos \nanos  de  1920,  marcado  pela  colaboração  entre  os \nEstados latino-americanos.",
        "d)  Os  movimentos  sindicais  latino-americanos \napresentavam, em 1917, especificidades em relação \naos da Europa quanto às pautas reivindicatórias dos \ntrabalhadores."
    ],
    "associated_images": [],
    "answer": "D",
    "has_associated_images": false,
    "alternatives_type": "string",
    "subject": [
        "history"
    ],
    "TU": true,
    "IU": false,
    "MR": false,
    "ML": false,
    "BK": true,
    "PRK": true
}