{
    "question": "O pastor norte-americano Pat Robertson, dono do canal de \ncomunicação Christian Broadcasting Network, afirmou que a \ntragédia  provocada  pelo  terremoto  no  Haiti,  em  janeiro  de \n2010, foi decorrente do “pacto com o diabo” que setores da \npopulação haitiana teriam feito para que o país se tornasse \nindependente. Nas palavras do Pastor, \"Os haitianos estavam \nsob o jugo da França. Eles se uniram e fizeram um pacto com \no  diabo.  Disseram:  'Serviremos  a  ti  caso  nos  liberte  da \nFrança'\".  \n \n(Adaptado de Haroldo Ceravolo Sereza, “Pastor americano atribui terremoto a \n'pacto com o Diabo' e provoca protestos; país se libertou da França em 1804”. \nUol  notícias.  14/01/2010.  Disponível  em  https://noticias.uol.com.br/ \nespeciais/terremoto-haiti/ultnot/2010/01/14/ult9967u9.jhtm.  Acessado  em \n30/08/2017.) \n \nA partir da leitura do texto e de seus conhecimentos, assinale \na alternativa correta.",
    "number": 59,
    "id": "UNICAMP_2018_59",
    "alternatives": [
        "a)  A independência do Haiti foi decisiva para que o Império \nBrasileiro,  que  projetava  a  construção  de  um  Estado \nNação  reconhecido  internacionalmente,  reprimisse \nmovimentos como a Revolta Malês, em Salvador (1835).",
        "b)  A declaração do Pastor é pautada em preconceitos em \nrelação às práticas religiosas dos afrodescendentes no \nHaiti.  A  conquista  espiritual,  parte  dos  projetos \nimperialistas,  garantiu  a  eliminação  de  religiões \nconsideradas pagãs nas Américas.",
        "c)  Colônia francesa nas Antilhas, Saint Domingue tornou-se \nresponsável por 40% da produção mundial de cacau no \nséculo  XVIII.  A  mão  de  obra  empregada  era \nmajoritariamente escrava, com a exploração de africanos \nou de seus descendentes.",
        "d)  O processo de independência do Haiti foi apoiado por \noutras  colônias,  interrompendo  o  projeto  imperialista \neuropeu no Novo Mundo. Após 1804, os EUA conduzem \nas  ações  imperialistas  na  América,  tornando-se  a \nprincipal referência cultural no continente."
    ],
    "associated_images": [],
    "answer": "A",
    "has_associated_images": false,
    "alternatives_type": "string",
    "subject": [
        "history"
    ],
    "TU": true,
    "IU": false,
    "MR": false,
    "ML": false,
    "BK": false,
    "PRK": true
}