{
    "question": "Dados: 1 mol de elétrons corresponde a uma carga de 96.500 \nC; Sn: 119 g∙mol-1.\n A galvano-plastia consiste em revestir um metal por outro a fim \nde protegê-lo contra a corrosão ou melhorar sua aparência. O \nestanho, por exemplo, é utilizado como revestimento do aço \nempregado em embalagens de alimentos. Na galvanoplastia, \na espessura da camada pode ser controlada com a corrente \nelétrica  e  o  tempo  empregados.  A  figura  abaixo  é  uma \nrepresentação esquemática desse processo. \n [IMAGE 0]\nConsiderando  a  aplicação  de  uma  corrente  constante  com \nintensidade  igual  a  9,65  x  10^(-3) A,  a  massa  depositada  de \nestanho após 1 min 40 s será de aproximadamente",
    "number": 60,
    "id": "UNICAMP_2018_60",
    "alternatives": [
        "a)  0,6 mg e ocorre, no processo, a transformação de energia \nquímica em energia elétrica.",
        "b)  0,6 mg e ocorre, no processo, a transformação de energia \nelétrica em energia química.",
        "c)  1,2 mg e ocorre, no processo, a transformação de energia \nelétrica em energia química.",
        "d)  1,2 mg e ocorre, no processo, a transformação de energia \nquímica em energia elétrica."
    ],
    "associated_images": [
        "imgs/UNICAMP/2018/60/1.jpg"
    ],
    "answer": "B",
    "has_associated_images": true,
    "alternatives_type": "string",
    "subject": [
        "chemistry"
    ],
    "TU": true,
    "IU": true,
    "MR": true,
    "ML": false,
    "BK": false,
    "PRK": true
}