{
    "question": "Com a crise hídrica de 2015 no Brasil, foi necessário ligar \nas  usinas  termoelétricas  para  a  geração  de  eletricidade, \nmedida  que  fez  elevar  o  custo  da  energia  para  os \nbrasileiros. O governo passou então a adotar bandeiras de \ncores diferentes na conta de luz para alertar a população. \nA bandeira vermelha indicaria que a energia estaria mais \ncara. O esquema a seguir representa um determinado tipo \nde usina termoelétrica. \n [IMAGE 0] \n(Adaptado  de  BITESIZE.  Thermal  power  stations.  Disponível  em \nhttp://www.bbc.co.uk/bitesize/standard/physics/energy_matters/genera\ntion_of_electricity/revision/1/. Acessado em 26/07/17.) \n \nConforme o esquema apresentado, no funcionamento da \nusina há",
    "number": 62,
    "id": "UNICAMP_2018_62",
    "alternatives": [
        "a)  duas  transformações  químicas,  uma  transformação \nfísica e não mais que três tipos de energia.",
        "b)  uma transformação química, uma transformação física \ne não mais que dois tipos de energia.",
        "c)  duas transformações químicas, duas transformações \nfísicas e pelo menos dois tipos de energia.",
        "d)  uma  transformação  química,  duas  transformações \nfísicas e pelo menos três tipos de energia."
    ],
    "associated_images": [
        "imgs/UNICAMP/2018/62/0.jpg"
    ],
    "answer": "D",
    "has_associated_images": true,
    "alternatives_type": "string",
    "subject": [
        "chemistry"
    ],
    "TU": true,
    "IU": true,
    "MR": false,
    "ML": false,
    "BK": false,
    "PRK": true
}