{
    "question": "Icebergs flutuam na água do mar, assim como o gelo em \num copo com água potável. Imagine a situação inicial de \num  copo  com  água  e  gelo,  em  equilíbrio  térmico  à \ntemperatura de 0 °C. Com o passar do tempo o gelo vai \n \nderretendo.  Enquanto  houver  gelo,  a  temperatura  do \nsistema",
    "number": 63,
    "id": "UNICAMP_2018_63",
    "alternatives": [
        "a)  permanece  constante,  mas  o  volume  do  sistema \naumenta.",
        "b)  permanece  constante,  mas  o  volume  do  sistema \ndiminui.",
        "c)  diminui e o volume do sistema aumenta.",
        "d)  diminui, assim como o volume do sistema."
    ],
    "associated_images": [],
    "answer": "B",
    "has_associated_images": false,
    "alternatives_type": "string",
    "subject": [
        "physics"
    ],
    "TU": true,
    "IU": false,
    "MR": true,
    "ML": false,
    "BK": false,
    "PRK": true
}