{
    "question": "Em 12 de maio de 2017 o Metrô de São Paulo trocou 240 \nmetros de trilhos de uma de suas linhas, numa operação \nfeita de madrugada, em apenas três horas. Na solda entre \no trilho novo e o usado empregou-se uma reação química \ndenominada  térmita,  que  permite  a  obtenção  de  uma \ntemperatura local de cerca de 2.000 °C. A reação utilizada \nfoi  entre  um  óxido  de  ferro  e  o  alumínio  metálico.  De \nacordo  com  essas  informações,  uma  possível  equação \ntermoquímica do processo utilizado seria",
    "number": 65,
    "id": "UNICAMP_2018_65",
    "alternatives": [
        "a) Fe2O3 + 2AI -> 2Fe + AI2O3; H = +852 kJ mol^(-1)",
        "b) FeO3 + AI -> Fe + AIO3; H = -852 kJ mol^(-1)",
        "c) FeO3 + AI -> Fe + AIO3; H = +852 kJ mol^(-1)",
        "d) Fe2O3 + 2AI -> 2Fe + AI2O3; H = -852 kJ mol^(-1)"
    ],
    "associated_images": [],
    "answer": "D",
    "has_associated_images": false,
    "alternatives_type": "string",
    "subject": [
        "chemistry"
    ],
    "TU": true,
    "IU": false,
    "MR": true,
    "ML": false,
    "BK": false,
    "PRK": true
}