{
    "question": "A calda bordalesa é uma das formulações mais antigas e mais \neficazes que se conhece. Ela foi descoberta na França no final \ndo  século  XIX,  quase  por  acaso,  por  um  agricultor  que \naplicava  água  de  cal  nos  cachos  de  uva  para  evitar  que \nfossem roubados; a cal promovia uma mudança na aparência \ne  no  sabor  das  uvas.  O  agricultor  logo  percebeu  que  as \nplantas  assim  tratadas  estavam  livres  de  antracnose. \nEstudando-se  o  caso,  descobriu-se  que  o  efeito  estava \nassociado ao fato de a água de cal ter sido preparada em \ntachos de cobre. Atualmente, para preparar a calda bordalesa, \ncoloca-se o sulfato de cobre em um pano de algodão que é \nmergulhado  em  um  vasilhame  plástico  com  água  morna. \nParalelamente, coloca-se cal em um balde e adiciona-se água \naos poucos. Após quatro horas, adiciona-se aos poucos, e \nmexendo sempre, a solução de sulfato de cobre à água de cal.  \n \n(Adaptado de Gervásio Paulus, André Muller e Luiz Barcellos, Agroecologia \naplicada: práticas e métodos para uma agricultura de base ecológica. Porto \nAlegre: EMATER-RS, 2000, p. 86.)\n Dados de massas molares em g∙mol-1: sulfato de cobre (II) \npentaidratado = 250; hidróxido de cálcio = 74.\nNa preparação da calda bordalesa são usados 100 g de \nsulfato de cobre(II) pentaidratado e 100 g de hidróxido de \ncálcio (cal extinta). Para uma reação estequiométrica entre \nos  íons  cobre  e  hidroxila,  há  um  excesso  de \naproximadamente",
    "number": 68,
    "id": "UNICAMP_2018_68",
    "alternatives": [
        "a)  1,9 mol de hidroxila.",
        "b)  2,3 mol de hidroxila.",
        "c)  2,5 mol de cobre.",
        "d)  3,4 mol de cobre."
    ],
    "associated_images": [],
    "answer": "A",
    "has_associated_images": false,
    "alternatives_type": "string",
    "subject": [
        "chemistry"
    ],
    "TU": true,
    "IU": false,
    "MR": true,
    "ML": false,
    "BK": false,
    "PRK": true
}