{
    "question": "A calda bordalesa é uma das formulações mais antigas e mais \neficazes que se conhece. Ela foi descoberta na França no final \ndo  século  XIX,  quase  por  acaso,  por  um  agricultor  que \naplicava  água  de  cal  nos  cachos  de  uva  para  evitar  que \nfossem roubados; a cal promovia uma mudança na aparência \ne  no  sabor  das  uvas.  O  agricultor  logo  percebeu  que  as \nplantas  assim  tratadas  estavam  livres  de  antracnose. \nEstudando-se  o  caso,  descobriu-se  que  o  efeito  estava \nassociado ao fato de a água de cal ter sido preparada em \ntachos de cobre. Atualmente, para preparar a calda bordalesa, \ncoloca-se o sulfato de cobre em um pano de algodão que é \nmergulhado  em  um  vasilhame  plástico  com  água  morna. \nParalelamente, coloca-se cal em um balde e adiciona-se água \naos poucos. Após quatro horas, adiciona-se aos poucos, e \nmexendo sempre, a solução de sulfato de cobre à água de cal.  \n \n(Adaptado de Gervásio Paulus, André Muller e Luiz Barcellos, Agroecologia \naplicada: práticas e métodos para uma agricultura de base ecológica. Porto \nAlegre: EMATER-RS, 2000, p. 86.)\nNa formulação da calda bordalesa fornecida pela EMATER, \nrecomenda-se um teste para verificar se a calda ficou ácida: \ncoloca-se  uma  faca  de  aço  carbono  na  solução  por  três \nminutos. Se a lâmina da faca adquirir uma coloração marrom \nao ser retirada da calda, deve-se adicionar mais cal à mistura. \nSe  não  ficar  marrom,  a  calda  está  pronta  para  o  uso.  De \nacordo com esse teste, conclui-se que a cal deve promover",
    "number": 69,
    "id": "UNICAMP_2018_69",
    "alternatives": [
        "a)  uma diminuição do pH, e o sulfato de cobre(II), por sua \nvez,  um  aumento  do  pH  da  água  devido  à  reação SO4^(-2) + H2O -> HSO4^(-) + OH^(-).",
        "b)  um aumento do pH, e o sulfato de cobre(II), por sua vez, \numa  diminuição  do  pH  da  água  devido  à  reação Cu^(+2) + H2O -> Cu(OH)^(+) + H^(+).",
        "c)  uma diminuição do pH, e o sulfato de cobre(II), por sua \nvez,  um  aumento  do  pH  da  água  devido  à  reação Cu^(+2) + H2O -> Cu(OH)^(+) + H^(+).",
        "d)  um aumento do pH, e o sulfato de cobre(II), por sua vez, \numa  diminuição  do  pH  da  água  devido  à  reação SO4^(-2) + H2O -> HSO4^(-) + OH^(-)."
    ],
    "associated_images": [],
    "answer": "B",
    "has_associated_images": false,
    "alternatives_type": "string",
    "subject": [
        "chemistry"
    ],
    "TU": true,
    "IU": false,
    "MR": true,
    "ML": false,
    "BK": false,
    "PRK": true
}