{
    "question": "Em  junho  de  2017,  o  governo  dos  Estados  Unidos  da \nAmérica (EUA) se retirou do “Acordo de Paris”, assinado \nem 2015 por 195 países. Sobre as medidas previstas no \nAcordo  para  a  redução  da  emissão  de  gases  do  efeito \nestufa, e o motivo da saída dos Estados Unidos do referido \nacordo, é correto afirmar que",
    "number": 72,
    "id": "UNICAMP_2018_72",
    "alternatives": [
        "a)  são  medidas  deliberativas  e  os  países  signatários \npagarão multas pelo descumprimento das metas; os \nEUA  não  aceitam  o  papel  da  ONU  na  função  de \nagente fiscalizador.",
        "b)  são  medidas  propositivas  e  os  países  signatários \ndeverão definir metas para os próximos anos; os EUA \nnão  concordam  com  o  controle  externo  sobre  suas \nfontes poluidoras.",
        "c)  são  medidas  restritivas  e  os  países  signatários \nsofrerão  punições  políticas  e  econômicas  se  não \natingirem as metas; os EUA não aprovam a presença \nda Rússia no acordo.",
        "d)  são  medidas  normativas  e  os  países  signatários \ndeverão definir as estratégias a serem adotadas; os \nEUA  não  aceitam  assumir  as  mesmas \nresponsabilidades  da  Índia,  o  maior  poluidor  do \nplaneta."
    ],
    "associated_images": [],
    "answer": "B",
    "has_associated_images": false,
    "alternatives_type": "string",
    "subject": [
        "geography"
    ],
    "TU": true,
    "IU": false,
    "MR": false,
    "ML": false,
    "BK": false,
    "PRK": true
}