{
    "question": "[IMAGE 0]\nSanta  Catarina  exemplifica  um  fenômeno  nacional:  a \ncriação de Regiões Metropolitanas (RMs). Considerando a \naplicação desse instrumento de planejamento territorial no \nEstado em questão, assinale a alternativa correta.",
    "number": 75,
    "id": "UNICAMP_2018_75",
    "alternatives": [
        "a)  Está em curso a formação de uma cidade-região no \nEstado, impulsionando profundas transformações na \nrede urbana, o que justificou a criação das onze RMs \npara viabilizar o planejamento e a gestão territorial.",
        "b)  O  real  processo  de  metropolização  em  Santa \nCatarina,  dinamizado  nas  últimas  décadas,  não \nabrange a totalidade do Estado, permitindo concluir \nque  a  criação  das  onze  RMs  obedeceu  a  critérios \nmais políticos do que técnicos.",
        "c)  O  adensamento  populacional,  com  a  formação  de \ngrandes cidades conurbadas em todas as regiões do \nEstado, levou ao diagnóstico de que há um processo \ngeneralizado de metropolização e justificou a criação \ndas onze RMs.",
        "d)  Em função de intensa urbanização regional foi criada \na RM de Florianópolis nos anos 1970; já as demais \nRMs somente se justificaram a partir das mudanças \ndemográficas e econômicas da década passada."
    ],
    "associated_images": [
        "imgs/UNICAMP/2018/75/1.jpg"
    ],
    "answer": "B",
    "has_associated_images": true,
    "alternatives_type": "string",
    "subject": [
        "geography"
    ],
    "TU": true,
    "IU": true,
    "MR": false,
    "ML": false,
    "BK": false,
    "PRK": true
}