{
    "question": "[IMAGE 0] \n(Fonte: https://pt.climate-data.org/location/714809/. Acessado em 21/08/2017.) \n \nO climograma acima refere-se a uma região",
    "number": 76,
    "id": "UNICAMP_2018_76",
    "alternatives": [
        "a)  subtropical,  onde  as  temperaturas  mais  altas  estão \nconcentradas  no  verão  e  as  precipitações  estão \nconcentradas no outono.",
        "b)  polar,  onde  as  temperaturas  mais  baixas  estão \nconcentradas no inverno e as precipitações estão bem \ndistribuídas ao longo do ano.",
        "c)  tropical,  onde  as  altas  temperaturas  estão  bem \ndistribuídas ao longo de todo o ano e as precipitações \nestão concentradas no verão.",
        "d)  temperada, onde as temperaturas médias mantêm-se \nao  longo  de  todo  o  ano  e  as  precipitações  estão \nconcentradas no inverno."
    ],
    "associated_images": [
        "imgs/UNICAMP/2018/76/1.jpg"
    ],
    "answer": "C",
    "has_associated_images": true,
    "alternatives_type": "string",
    "subject": [
        "geography"
    ],
    "TU": true,
    "IU": true,
    "MR": true,
    "ML": false,
    "BK": false,
    "PRK": true
}