{
    "question": "Assinale  a  alternativa  correta  sobre  a  presença  de \nagrotóxicos  e  de  sementes  transgênicas  na  agricultura \nbrasileira.",
    "number": 77,
    "id": "UNICAMP_2018_77",
    "alternatives": [
        "a)  O  uso  de  agrotóxicos  e  sementes  transgênicas \nassocia-se à busca de maior produtividade, sobretudo \nem áreas de fronteira agrícola.",
        "b)  As  sementes  transgênicas  e  o  uso  de  agrotóxicos \nadequados ampliaram o interesse de países da União \nEuropeia pelos produtos agrícolas brasileiros.",
        "c)  O uso de agrotóxicos no Brasil reduziu a necessidade \nde  aproveitamento  das  sementes  transgênicas  nos \ncultivos agrícolas de grãos no país.",
        "d)  Por ser signatário de acordos internacionais, o Brasil \nreduziu o uso de agrotóxicos e sementes transgênicas \nem áreas próximas a mananciais."
    ],
    "associated_images": [],
    "answer": "A",
    "has_associated_images": false,
    "alternatives_type": "string",
    "subject": [
        "geography"
    ],
    "TU": true,
    "IU": false,
    "MR": false,
    "ML": false,
    "BK": true,
    "PRK": true
}