{
    "question": "Os eixos do gráfico a seguir representam duas variáveis, \numa  delas  não  identificada  no  gráfico.  Uma  curva \nrepresenta  animais  endotérmicos  e  a  outra,  animais \nectotérmicos.  \n [IMAGE 0]\n(Adaptado  de  KHAN  ACADEMY,  Endotherms  and  ectotherms. \nDisponível em www.khanacademy.org. Acessado em 10/08/17.) \n \nA curva que corretamente se aplica ao ser humano é",
    "number": 81,
    "id": "UNICAMP_2018_81",
    "alternatives": [
        "a)  a curva A, sendo que o eixo horizontal representa a \ntemperatura externa e o eixo vertical, o consumo de \nO2.",
        "b)  a curva A, sendo que o eixo horizontal representa a \ntemperatura interna e o eixo vertical, o consumo de \nO2",
        "c)  a curva B, sendo que o eixo horizontal representa a \ntemperatura externa e o eixo vertical, a liberação de \nCO2.",
        "d)  a curva B, sendo que o eixo horizontal representa a \ntemperatura interna e o eixo vertical, a liberação de \nCO2."
    ],
    "associated_images": [
        "imgs/UNICAMP/2018/81/0.png"
    ],
    "answer": "A",
    "has_associated_images": true,
    "alternatives_type": "string",
    "subject": [
        "biology"
    ],
    "TU": true,
    "IU": true,
    "MR": true,
    "ML": false,
    "BK": false,
    "PRK": true
}