{
    "question": "Os  anfíbios  constituem  um  dos  grupos  de  animais  com \nmaior número de espécies ameaçadas de extinção. Entre \noutras razões, isso ocorre porque eles são suscetíveis à \ncontaminação  por  substâncias  nocivas  e  à  infecção  por \nfungos. Os anfíbios apresentam tal suscetibilidade porque \ntêm",
    "number": 82,
    "id": "UNICAMP_2018_82",
    "alternatives": [
        "a)  hábitos  aquáticos,  que  os  tornam  suscetíveis  a \npredadores.",
        "b)  pulmões  bem  desenvolvidos,  que  acumulam \nimpurezas e fungos.",
        "c)  sangue  frio,  que  diminui  a  atividade  de  enzimas \nhepáticas.",
        "d)  pele úmida e permeável, que possibilita a respiração \ncutânea."
    ],
    "associated_images": [],
    "answer": "D",
    "has_associated_images": false,
    "alternatives_type": "string",
    "subject": [
        "biology"
    ],
    "TU": true,
    "IU": false,
    "MR": false,
    "ML": false,
    "BK": false,
    "PRK": true
}