{
    "question": "Em  alguns  casos,  as  organelas  celulares  podem \ntransformar-se e perder a funcionalidade, como acontece \ncom  os  cloroplastos.  Em  plantas  com  alta  atividade  de \nfotossíntese,  mas  com  crescimento  paralisado  e  sem \ndrenos ativos (como flores e frutos), os cloroplastos podem \ndar origem a",
    "number": 83,
    "id": "UNICAMP_2018_83",
    "alternatives": [
        "a)  protoplastos ― células vegetais desprovidas de parede \ncelular.",
        "b)  amiloplastos  ―  organelas  em  que  ocorre  acúmulo  de \namido.",
        "c)  proplastos  ―  organelas  imaturas  que  dão  origem  a \ncloroplastos.",
        "d)  cromoplastos  ―  organelas  em  que  ocorre  acúmulo  de \npigmentos."
    ],
    "associated_images": [],
    "answer": "B",
    "has_associated_images": false,
    "alternatives_type": "string",
    "subject": [
        "biology"
    ],
    "TU": true,
    "IU": false,
    "MR": false,
    "ML": false,
    "BK": false,
    "PRK": true
}