{
    "question": "Em  2016,  a  Organização  Mundial  de  Saúde  (OMS) \napresentou  novas  diretrizes  para  o  tratamento  de  três \ndoenças  sexualmente  transmissíveis:  sífilis,  gonorreia  e \nclamidíase. As três doenças citadas são causadas por",
    "number": 84,
    "id": "UNICAMP_2018_84",
    "alternatives": [
        "a)  microrganismos  (bactérias  ou  vírus),  que  passaram \ndos  macacos  para  o  ser  humano  há  muitos  anos, \nlevando ao surgimento de epidemias e pandemias.",
        "b)  bactérias,  que  podem  se  tornar  resistentes  a \nantibióticos,  se  utilizados  em  excesso  ou  de  forma \ninapropriada, dificultando o tratamento.",
        "c)  bactérias, que podem ser tratadas e eliminadas pelo \nuso  diligente  de  preservativos  (masculinos  ou \nfemininos) durante as relações sexuais.",
        "d)  protozoários,  que  podem  ser  tratados  e  eliminados \npelo  uso  diligente  de  preservativos  (masculinos  ou \nfemininos) durante as relações sexuais."
    ],
    "associated_images": [],
    "answer": "B",
    "has_associated_images": false,
    "alternatives_type": "string",
    "subject": [
        "biology"
    ],
    "TU": true,
    "IU": false,
    "MR": false,
    "ML": false,
    "BK": false,
    "PRK": true
}