{
    "question": "Assinale  a  alternativa  que  preenche  corretamente  as \nlacunas nas definições a seguir. \n \n(i)  ____________  é  o  conjunto  de  toda  a  informação \ngenética de um organismo.  \n \n(ii) _____________ é um trecho do material genético que \nfornece  instruções  para  a  fabricação  de  um  produto \ngênico.  \n \n(iii)  _____________  é  a  constituição  de  alelos  que  um \nindivíduo possui em um determinado loco gênico. \n \n(iv) _____________ é a correspondência que existe entre \ncódons  e  aminoácidos,  relativa  a  uma  sequência \ncodificadora no DNA.",
    "number": 86,
    "id": "UNICAMP_2018_86",
    "alternatives": [
        "a)  (i)  Código  genético;  (ii)  Alelo;  (iii)  Homozigoto;  (iv) Gene.",
        "b)  (i)  Genoma;  (ii)  Gene;  (iii)  Genótipo;  (iv)  Código genético.",
        "c)  (i) Código genético; (ii) DNA; (iii) Genótipo; (iv) tRNA.",
        "d)  (i) Genoma; (ii) Código genético; (iii) Homozigoto; (iv) tRNA."
    ],
    "associated_images": [],
    "answer": "B",
    "has_associated_images": false,
    "alternatives_type": "string",
    "subject": [
        "biology"
    ],
    "TU": true,
    "IU": false,
    "MR": false,
    "ML": false,
    "BK": false,
    "PRK": true
}