{
    "question": "Para  um  determinado  caráter,  fenótipo  é  o  conjunto  de \ncaracterísticas  que  o  organismo  exibe  como  fruto  de  seu \ngenótipo.  No  entanto,  no  molusco  hermafrodita  Lymnaea \nperegra, ocorre algo diferente. Neste animal, há dois tipos de \nfenótipo  da  concha  (ver  figura  a  seguir),  que  não  são \ndeterminados  pelo  genótipo  do  próprio  indivíduo.  A  prole \nformada pela fertilização de óvulos vindos de um parental com \ngenótipos  AA  ou  Aa  tem  conchas  dextrógiras;  já  a  prole \nformada pela fertilização de óvulos vindos de um parental aa \ntem conchas levógiras.  \n  Concha dextrógira [IMAGE 0] \n Concha levógira [IMAGE 1] \nSe  óvulos  de  um  molusco  Aa  forem  fertilizados  por \nespermatozoides de um molusco aa, as probabilidades de \nocorrência de indivíduos Aa dextrógiros, Aa levógiros, aa \ndextrógiros  e  aa  levógiros  na  prole  resultante  são, \nrespectivamente,",
    "number": 87,
    "id": "UNICAMP_2018_87",
    "alternatives": [
        "a)  1/4, 1/4, 1/4 e 1/4.",
        "b)  1/2, 0, 0 e 1/2.",
        "c)  1/2, 0, 1/2 e 0.",
        "d)  1, 0, 0 e 0."
    ],
    "associated_images": [
        "imgs/UNICAMP/2018/87/1.jpg",
        "imgs/UNICAMP/2018/87/2.jpg"
    ],
    "answer": "C",
    "has_associated_images": true,
    "alternatives_type": "string",
    "subject": [
        "biology"
    ],
    "TU": true,
    "IU": false,
    "MR": true,
    "ML": false,
    "BK": false,
    "PRK": true
}