{
    "question": "O mapa a seguir mostra duas áreas oceânicas, A e B. \n [IMAGE 0] \n(Fonte: Google Maps. Acessado em 10/07/2017.) \n \nUm estudo mostrou que na localidade A são encontradas sete \n(7)  espécies  de  camarões-pistola.  Na  localidade  B  são \nencontradas outras sete (7) espécies, sendo que cada espécie \ndo local A tem uma espécie-irmã correspondente no local B \n(espécies-irmãs  são  espécies  originadas  de  um  mesmo \nancestral comum recente). É correto afirmar que",
    "number": 88,
    "id": "UNICAMP_2018_88",
    "alternatives": [
        "a)  o  canal  do  Panamá  permitiu  que  camarões-pistola \nmigrassem  de  A  para  B,  adaptando-se  ao  novo \nambiente,  diferenciando-se  e  originando  novas \nespécies semelhantes às do lado A.",
        "b)  vulcões expeliram substâncias mutagênicas durante o \nTerciário,  o  que  aumentou  a  variabilidade  genética \ndos  camarão-pistola,  originando  espécies-irmãs  nas \náreas oceânicas A e B.",
        "c)  o istmo do Panamá interpôs uma barreira geográfica, \nformando  dois  grupos  isolados  para  cada  espécie \nancestral,  que  puderam  então  se  diferenciar, \noriginando espécies-irmãs nos oceanos A e B.",
        "d)  o impacto de um asteroide no final do Cretáceo levou \na uma extinção em massa, fornecendo as condições \npara a radiação adaptativa dos camarões-pistola, com \nconsequente formação de espécies-irmãs."
    ],
    "associated_images": [
        "imgs/UNICAMP/2018/88/3.jpg"
    ],
    "answer": "C",
    "has_associated_images": true,
    "alternatives_type": "string",
    "subject": [
        "biology"
    ],
    "TU": true,
    "IU": true,
    "MR": false,
    "ML": false,
    "BK": false,
    "PRK": true
}