{
    "question": "“Sapo não pula por boniteza, mas porém por percisão.”  \n \n(“Provérbio capiau” citado em epígrafe no conto “A hora e a \nvez  de  Augusto  Matraga”,  em  João  Guimarães  Rosa, \nSagarana. Rio de Janeiro: Nova Fronteira, 2015, p.287.) \n \nElementos textuais que antecedem a narrativa como, por \nexemplo,  o  provérbio  citado,  funcionam,  em  alguns \nautores, como pista para se entender o sentido das ações \nficcionais.  No  excerto  acima,  as  ideias  de  beleza  e \nnecessidade são contrapostas com vistas à produção de \num  sentido  de  ordem  moral.  Considerando-se  a  jornada \nheroica  de  Augusto  Matraga,  é  correto  afirmar  que  a \nnarrativa",
    "number": 9,
    "id": "UNICAMP_2018_9",
    "alternatives": [
        "a) contradiz o sentido moral do provérbio, uma vez que o \nprotagonista não é fiel ao seu propósito de mudar os \nhábitos antigos.",
        "b) confirma o sentido moral do provérbio, uma vez que o \nprotagonista  realiza  uma  série  de  ações  para  corrigir \nseu caráter e reordenar eticamente sua vida.",
        "c)  ratifica  o  sentido  moral  do  provérbio,  uma  vez  que  o \nprotagonista é seduzido pelos encantos da natureza e \npelos prazeres da bebida e do fumo.",
        "d)  refuta  o  sentido  moral  do  provérbio,  uma  vez  que  o \nprotagonista não consegue agir sem as motivações da \nbeleza física e do afeto femininos."
    ],
    "associated_images": [],
    "answer": "B",
    "has_associated_images": false,
    "alternatives_type": "string",
    "subject": [
        "portuguese"
    ],
    "TU": true,
    "IU": false,
    "MR": false,
    "ML": false,
    "BK": true,
    "PRK": true
}