{
    "question": "Texto 1\n“Desde que, naufragado, se salvara, o marinheiro vivia ali... \nComo ele não tinha meio de voltar à pátria, e cada vez que \nse lembrava dela sofria, pôs-se a sonhar uma pátria que nun-\nca tivesse tido: pôs-se a fazer ter sido sua uma outra pátria, \numa outra espécie de país com outras espécies de paisagens, \ne outra gente, e outro feitio de passarem pelas ruas e de se \ndebruçarem das janelas (...)” \n(PESSOA, Fernando. O Marinheiro. Campinas: Editora da UNICAMP, p. 59, 2020.)\nTexto 2\n“Na capacidade para amoldar-se a todos os meios, em pre-\njuízo, muitas vezes de suas próprias características raciais e \nculturais, revelou o português melhores aptidões de coloni-\nzador do que os demais povos (...). Os portugueses precisa-\nram anular-se durante o longo tempo para afinal vencerem. \nComo o grão de trigo dos Evangelhos, o qual há de primei-\nramente morrer para depois crescer e dar muitos frutos.” \n(HOLANDA, Sérgio Buarque de. Raízes do Brasil. São Paulo: Companhia das Letras, p. \n224, 2016.)\nLevando em conta os textos 1 e 2, assinale a alternativa correta.",
    "number": 10,
    "id": "UNICAMP_2023_10",
    "alternatives": [
        "a)  O marinheiro e o colonizador português são capazes de criar \nvalores e paisagens, reinventando-se, a ponto de forjarem \noutra realidade e outra memória do passado.",
        "b)  O marinheiro e o colonizador português constroem novos \nmundos e valores no além-mar, mas são incapazes de anular \nsua identidade original.",
        "c)  O marinheiro e o colonizador português, apesar do esforço \nde construção cultural, limitam-se a transpor integralmen-\nte o que aprenderam no passado para as configurações do \nfuturo.",
        "d)  O marinheiro e o colonizador português acabam anulando \nsuas identidades originais, representando, assim, figuras in-\nquestionáveis de niilismo."
    ],
    "associated_images": [],
    "answer": "A",
    "has_associated_images": false,
    "alternatives_type": "string",
    "TU": true,
    "IU": false,
    "MR": false,
    "ML": false,
    "BK": false,
    "subject": [
        "portuguese"
    ],
    "PRK": false
}