{
    "question": "“Deus fez o mar, as árvore, as criança, o amor\nO homem me deu a favela, o crack, a trairagem, as arma, as \nbebida, as puta\nEu?! Eu tenho uma Bíblia velha, uma pistola automática e \num sentimento de revolta\nEu tô tentando sobreviver no inferno”. \n(RACIONAIS MC’S. Gênesis. In: Sobrevivendo no inferno. São Paulo: Companhia das Le-\ntras, p. 45, 2018.)\nA palavra “Gênesis” dá nome ao primeiro livro da Bíblia. Con-\nsiderando a obra, na íntegra, dos Racionais MC’s e o excerto \nacima dela reproduzido, pode-se dizer que, em relação a esse \ntrecho, “gênesis” seria uma alusão",
    "number": 12,
    "id": "UNICAMP_2023_12",
    "alternatives": [
        "a)  à influência do cristianismo na dinâmica das comunidades \nperiféricas.",
        "b)  ao colapso planetário entrevisto já na origem do mundo na-\ntural.",
        "c)  à origem divina do mundo contraposta aos problemas cria-\ndos pelo homem.",
        "d)  à origem religiosa dos conflitos armados e da violência social \nno Brasil."
    ],
    "associated_images": [],
    "answer": "C",
    "has_associated_images": false,
    "alternatives_type": "string",
    "TU": true,
    "IU": false,
    "MR": false,
    "ML": false,
    "BK": false,
    "subject": [
        "portuguese"
    ],
    "PRK": false
}