{
    "question": "Um artigo científico relata a construção e a eficiência de um re-\nator fotocatalítico de fluxo contínuo para a degradação de hor-\nmônios presentes em águas tratadas para consumo humano. \nNum trecho desse estudo, os autores afirmam: “é interessante \nnotar que 80% de estrogênio foram removidos numa alimen-\ntação a 200 ng/L, 25 mW/cm2 e 300 L/(m2 h), enquanto que as \nremoções de progesterona e testosterona ficaram em 44% e \n33%, respectivamente”. \nDe acordo com essas informações, pode-se inferir que o reator \né capaz de degradar",
    "number": 13,
    "id": "UNICAMP_2023_13",
    "alternatives": [
        "a)  dois hormônios femininos e um masculino, sendo que de-\ngrada melhor um feminino.",
        "b)  dois hormônios femininos e um masculino, sendo que de-\ngrada melhor o masculino.",
        "c)  somente hormônios masculinos, sendo que degrada melhor \no estrogênio.",
        "d)  somente hormônios femininos, sendo que degrada melhor \no estrogênio.\n"
    ],
    "associated_images": [],
    "answer": "A",
    "has_associated_images": false,
    "alternatives_type": "string",
    "TU": true,
    "IU": false,
    "MR": false,
    "ML": false,
    "BK": false,
    "subject": [
        "biology"
    ],
    "PRK": true
}