{
    "question": "Leia os textos 1 e 2, a seguir, para responder a questão.\nTexto 1\nA Química Verde é uma área multidisciplinar que cria, desen-\nvolve e aplica produtos e processos químicos que visam à redu-\nção ou eliminação do uso e da geração de substâncias nocivas \nao meio ambiente e ao homem. Em 2019, para reunir várias \nações relativas à Química Verde, os pesquisadores Paul T. Anas-\ntas e Julie B. Zimmerman propuseram a Tabela Periódica dos \nElementos Figurativos da Química Verde e Sustentável – TPQVS \n(figura abaixo). Assim como na Tabela Periódica dos Elementos \nQuímicos, a TPQVS apresenta “elementos”, os quais, porém, \nrepresentam ações associadas aos preceitos da Química Verde, \nsendo que cada grupo (G) da TPQVS reúne ações com os mes-\nmos preceitos. \n[IMAGE 0]\nTexto 2\n“A Química é pura beleza;\nOs átomos e as moléculas são a realeza,\nreagindo no compasso da natureza\npara transformar o mundo com delicadeza.\nSou um simples menestrel da ciência\nque defende suas ideias com veemência.\nComo Químico, quero atuar com sapiência,\ndesenvolvendo processos de alta eficiência.\nA Química não é mais poluição;\npara o fóssil ela tem a substituição;\nrenovando o verde como solução.\nVivemos num tempo de ambiguidade,\nonde a terra, a água e o ar estão em vulnerabilidade.\nFaçamos da Química o caminho para a sustentabilidade”\n(MOTA, Claudio J. A. Conferência de Abertura da 45ª. Reunião Anual da Sociedade Bra-\nsileira de Química, 2022.)\nUm dos princípios da Química Verde, ilustrado por um dos gru-\npos na TPQVS (texto I), é a economia atômica, dada pela razão \nda massa do produto de interesse pela massa total dos reagen-\ntes, sendo que quanto mais próximo de 1 é seu valor, maior é a \neconomia atômica. Considerando as reações de produção dos \ndois principais biocombustíveis utilizados no contexto brasileiro,\nSíntese do biodiesel:\nC H O  + 3 C H OH → 3 C H O  + C H O\n57 104 6 2 5 20 38 2 3 8 3\nSíntese do etanol:\nC H O  + H O → 4 C H OH + 4 CO\n12 22 11 2 2 5 2\n\nDados de Massa Molar (g/mol): C H O  = 884; C H OH = 46; \n57 104 6 2 5\nC H O  = 310; C H O  = 92; C H O  = 342; H O = 18; CO  \n20 38 2 3 8 3 12 22 11 2 2\n= 44.\npode-se afirmar que há uma maior economia de átomos e",
    "number": 14,
    "id": "UNICAMP_2023_14",
    "alternatives": [
        "a)  maior geração de subprodutos (mol de subprodutos/ mol de \nsubstrato) na síntese do etanol.",
        "b)  menor geração de subprodutos (mol de subprodutos/ mol \nde substrato) na síntese do etanol.",
        "c)  maior geração de subprodutos (mol de subprodutos/ mol de \nsubstrato) na síntese do biodiesel.",
        "d)  menor geração de subprodutos (mol de subprodutos/ mol \nde substrato) na síntese do biodiesel."
    ],
    "associated_images": [
        "imgs/UNICAMP/2023/14/0.jpg"
    ],
    "answer": "D",
    "has_associated_images": true,
    "alternatives_type": "string",
    "TU": true,
    "IU": false,
    "MR": true,
    "ML": false,
    "BK": false,
    "subject": [
        "chemistry"
    ],
    "PRK": true
}