{
    "question": "Leia os textos 1 e 2, a seguir, para responder a questão.\nTexto 1\nA Química Verde é uma área multidisciplinar que cria, desen-\nvolve e aplica produtos e processos químicos que visam à redu-\nção ou eliminação do uso e da geração de substâncias nocivas \nao meio ambiente e ao homem. Em 2019, para reunir várias \nações relativas à Química Verde, os pesquisadores Paul T. Anas-\ntas e Julie B. Zimmerman propuseram a Tabela Periódica dos \nElementos Figurativos da Química Verde e Sustentável – TPQVS \n(figura abaixo). Assim como na Tabela Periódica dos Elementos \nQuímicos, a TPQVS apresenta “elementos”, os quais, porém, \nrepresentam ações associadas aos preceitos da Química Verde, \nsendo que cada grupo (G) da TPQVS reúne ações com os mes-\nmos preceitos. \n[IMAGE 0]\nTexto 2\n“A Química é pura beleza;\nOs átomos e as moléculas são a realeza,\nreagindo no compasso da natureza\npara transformar o mundo com delicadeza.\nSou um simples menestrel da ciência\nque defende suas ideias com veemência.\nComo Químico, quero atuar com sapiência,\ndesenvolvendo processos de alta eficiência.\nA Química não é mais poluição;\npara o fóssil ela tem a substituição;\nrenovando o verde como solução.\nVivemos num tempo de ambiguidade,\nonde a terra, a água e o ar estão em vulnerabilidade.\nFaçamos da Química o caminho para a sustentabilidade”\n(MOTA, Claudio J. A. Conferência de Abertura da 45ª. Reunião Anual da Sociedade Bra-\nsileira de Química, 2022.)\nConsiderando a proposta da Química Verde, as frases em negri-\nto do poema (texto II) podem, em interpretação livre, ser asso-\nciadas, respectivamente, aos seguintes grupos da TPQVS:",
    "number": 15,
    "id": "UNICAMP_2023_15",
    "alternatives": [
        "a)  catálise (G8), economia atômica (G2), matérias-primas reno-\nváveis (G7), prevenção de resíduos (G1).",
        "b)  matérias-primas  renováveis  (G7),  catálise  (G8),  economia \natômica (G2), prevenção de resíduos (G1).",
        "c)  catálise  (G8),  matérias-primas  renováveis  (G7),  economia \natômica (G2), prevenção de resíduos (G1).",
        "d)  matérias-primas  renováveis  (G7),  prevenção  de  resíduos \n(G1), catálise (G8), economia atômica (G2)."
    ],
    "associated_images": [
        "imgs/UNICAMP/2023/15/0.jpg"
    ],
    "answer": "A",
    "has_associated_images": true,
    "alternatives_type": "string",
    "TU": true,
    "IU": true,
    "MR": false,
    "ML": false,
    "BK": false,
    "subject": [
        "chemistry"
    ],
    "PRK": true
}