{
    "question": "Com o objetivo de mitigar problemas ambientais e encontrar \nalternativas viáveis para a produção de combustíveis, muitas \npropostas têm sido sugeridas. As figuras a seguir mostram rotas \nde transformação que possibilitariam alcançar o objetivo citado.\nLegenda:[IMAGE 0]\nA[IMAGE 1]\nB[IMAGE 2]\nC[IMAGE 3]\nD[IMAGE 4]\nAs figuras anteriores trazem a representação esquemática de di-\nferentes sistemas catalíticos para a reação de transformação de",
    "number": 16,
    "id": "UNICAMP_2023_16",
    "alternatives": [
        "a)  dióxido de carbono em etanol, sendo que A, B, C e D repre-\nsentam, respectivamente: biocatálise, catálise homogênea, \ncatálise heterogênea e fotocatálise.",
        "b)  dióxido de carbono em etanol, sendo que A, B, C e D repre-\nsentam, respectivamente: biocatálise, catálise homogênea, \nfotocatálise e catálise heterogênea.",
        "c)  metano em metanol, sendo que A, B, C e D representam, \nrespectivamente: biocatálise, catálise homogênea, catálise \nheterogênea e fotocatálise.",
        "d)  metano em metanol, sendo que A, B, C e D representam, \nrespectivamente: biocatálise, catálise homogênea, fotocatá-\nlise e catálise heterogênea."
    ],
    "associated_images": [
        "imgs/UNICAMP/2023/16/4.jpg",
        "imgs/UNICAMP/2023/16/1.jpg",
        "imgs/UNICAMP/2023/16/3.jpg",
        "imgs/UNICAMP/2023/16/0.jpg",
        "imgs/UNICAMP/2023/16/2.jpg"
    ],
    "answer": "C",
    "has_associated_images": true,
    "alternatives_type": "string",
    "TU": false,
    "IU": true,
    "MR": false,
    "ML": false,
    "BK": false,
    "subject": [
        "chemistry"
    ],
    "PRK": true
}