{
    "question": "Os cigarros eletrônicos, de modo geral, contêm uma cápsula \ncom uma solução líquida de nicotina e aromatizantes que são \nvaporizados e posteriormente inalados pelo usuário. Apesar de \nas propagandas afirmarem que a concentração de substâncias \ntóxicas nos cigarros eletrônicos é menor, a principal substância \ncausadora da dependência, a nicotina, está presente em grande \nparte desses produtos. A nicotina é inicialmente absorvida e, \nem seguida, metabolizada no organismo. Após um período, a \ndiminuição de sua concentração no plasma sanguíneo faz com \nque o usuário sinta a necessidade da inalação de uma nova \ndose. O gráfico abaixo mostra a concentração de nicotina no \nplasma sanguíneo de três indivíduos, em função do tempo, \napós utilização de um cigarro eletrônico, aspirando a mesma \ndosagem da substância.\n[IMAGE 0]\nCom base nessas informações, pode-se inferir que, para o perí-\nodo de estudo, a velocidade de absorção da nicotina é",
    "number": 17,
    "id": "UNICAMP_2023_17",
    "alternatives": [
        "a)  maior para o indivíduo X e a velocidade média de metaboli-\nzação é menor para o indivíduo Y.",
        "b)  maior para o indivíduo X e a velocidade média de metaboli-\nzação é menor para o indivíduo Z.",
        "c)  menor para o indivíduo Z e a velocidade média de metabo-\nlização é maior para o indivíduo Y.",
        "d)  menor para o indivíduo Z e a velocidade média de metabo-\nlização é menor para o indivíduo X."
    ],
    "associated_images": [
        "imgs/UNICAMP/2023/17/0.png"
    ],
    "answer": "B",
    "has_associated_images": true,
    "alternatives_type": "string",
    "TU": true,
    "IU": true,
    "MR": true,
    "ML": false,
    "BK": false,
    "subject": [
        "biology"
    ],
    "PRK": true
}