{
    "question": "A caiação ou pintura com cal hidratada (Ca(OH)2) é uma das \nformas mais antigas para o revestimento da fachada de edifí-\ncios. A cal virgem (CaO) - produzida a partir do aquecimento \ndo calcário (CaCO3) –, ao ser colocada em água, forma a cal \nhidratada que, uma vez aplicada à parede e em contato com o \nCO2  do ar atmosférico, vai se transformando em seu precursor, \n\no carbonato de cálcio. Dessa forma, o carbonato de cálcio fica \naderido à parede, protegendo-a, conservando-a e embelezan-\ndo-a. \nConsidere as equações a seguir:\ni) CaCO3  → CaO + CO2  ; ∆H = 178 kJ/mol\nii) CaO + H2O → Ca(OH)2  ; ∆H = -109 kJ/mol\niii) Ca(OH)2  + CO2  → CaCO3  + H2O ; ∆H= ?\nLevando em conta apenas as equações do processo de trans-\nformação e produção do carbonato de cálcio (equações i a iii), \npode-se afirmar que o processo",
    "number": 18,
    "id": "UNICAMP_2023_18",
    "alternatives": [
        "a)  pode ser considerado carbono neutro e que a última equa-\nção representa uma reação que levaria ao aquecimento da \nparede onde a cal foi aplicada.",
        "b)  pode ser considerado carbono neutro e que a última equa-\nção representa uma reação que levaria ao resfriamento da \nparede onde a cal foi aplicada.",
        "c)  não pode ser considerado carbono neutro e que a última \nequação representa uma reação que levaria ao aquecimento \nda parede onde a cal foi aplicada.",
        "d)  não pode ser considerado carbono neutro e que a última \nequação representa uma reação que levaria ao resfriamento \nda parede onde a cal foi aplicada."
    ],
    "associated_images": [],
    "answer": "A",
    "has_associated_images": false,
    "alternatives_type": "string",
    "TU": true,
    "IU": false,
    "MR": true,
    "ML": false,
    "BK": false,
    "subject": [
        "chemistry"
    ],
    "PRK": true
}