{
    "question": "Num estudo cientifico publicado em 2022 no Chemical Science, \nos autores aqueceram amostras de casca seca de banana, utili-\nzando, num curto período de tempo, uma lâmpada de alta in-\ntensidade luminosa. Essa técnica de aquecimento denomina-se \npirólise por luz. Essa irradiação promoveu a formação de um \ntipo de carvão e produtos gasosos. Em um experimento, a \nquantificação dos gases produzidos encontra-se na figura abai-\nxo.\n [IMAGE 0]\nA partir dessas informações, pode-se inferir que um possível in-\nteresse dos autores era obter combustíveis a partir de biomassa. \nSendo assim, pode-se dizer que o objetivo foi alcançado para \nhidrocarbonetos",
    "number": 19,
    "id": "UNICAMP_2023_19",
    "alternatives": [
        "a)  leves, mas a maior quantidade em mol de gás foi a de hi-\ndrogênio.",
        "b)  leves, mas a maior quantidade em mol de gás foi a de mo-\nnóxido de carbono.",
        "c)  pesados, mas a maior quantidade em mol de gás foi a de \nhidrogênio.",
        "d)  pesados, mas a maior quantidade em mol de gás foi a de \nmonóxido de carbono."
    ],
    "associated_images": [
        "imgs/UNICAMP/2023/19/0.png"
    ],
    "answer": "B",
    "has_associated_images": true,
    "alternatives_type": "string",
    "TU": true,
    "IU": true,
    "MR": true,
    "ML": false,
    "BK": false,
    "subject": [
        "chemistry"
    ],
    "PRK": true
}