{
    "question": "[IMAGE 0]\nO provocativo artigo intitulado, em tradu-\nção livre, “O nitrogênio é o próximo car-\nbono?”, publicado em 2017, enfatiza, já no início, que, assim \ncomo o carbono abasteceu a revolução industrial, o nitrogênio \nteria abastecido a revolução na agricultura (a dita “revolução \nverde”), o que continuaria ocorrendo nos dias atuais. O gráfi-\nco a seguir mostra o crescimento do nitrogênio antropogênico \nreativo em comparação com o crescimento da emissão de CO , \n2\napontando para um futuro de potenciais problemas ambientais.\n[IMAGE 1]\nLevando em conta o comentário sobre o artigo e os dados do \ngráfico, marque a alternativa correta sobre o que representam \nas faixas A, B e C.",
    "number": 20,
    "id": "UNICAMP_2023_20",
    "alternatives": [
        "a)  A: uso de fertilizantes, B: fixação do nitrogênio e C: emissão \nde NO .\nx",
        "b)  A: uso de fertilizantes, B: emissão de NO  e C: fixação do \nx\nnitrogênio.",
        "c)  A: emissão de NO , B: uso de fertilizantes e C: fixação do \nx \nnitrogênio.",
        "d)  A: fixação do nitrogênio, B: emissão de NO  e C: uso de \nx\nfertilizantes."
    ],
    "associated_images": [
        "imgs/UNICAMP/2023/20/1.jpg",
        "imgs/UNICAMP/2023/20/2.jpg"
    ],
    "answer": "D",
    "has_associated_images": true,
    "alternatives_type": "string",
    "TU": true,
    "IU": true,
    "MR": true,
    "ML": false,
    "BK": false,
    "subject": [
        "chemistry"
    ],
    "PRK": true
}