{
    "question": "No ano de 2020, iniciou-se um conflito interno na Etiópia, com \ncomplexas implicações humanitárias, econômicas e geopolíti-\ncas, adicionando novas tensões à frágil estabilidade política na \nregião do Chifre da África. \n(Adaptado de YARED, Tegbaru. Institute for Security Studies – ISS. Acesso em 09/06/2022.)\nAs causas do atual conflito na Etiópia resultam",
    "number": 21,
    "id": "UNICAMP_2023_21",
    "alternatives": [
        "a)  da instabilidade das instituições estatais gerada pelo proces-\nso de colonização europeia no século XVIII.",
        "b)  do conflito bélico com a Eritreia em razão da disputa pela \nsaída para o Mar Mediterrâneo.",
        "c)  da tentativa de secessão da região do Tigré em função dos \nconflitos étnico-religiosos e políticos.",
        "d)  da participação de interesses estrangeiros na gestão dos re-\ncursos naturais etíopes, a exemplo do petróleo."
    ],
    "associated_images": [],
    "answer": "C",
    "has_associated_images": false,
    "alternatives_type": "string",
    "TU": true,
    "IU": false,
    "MR": false,
    "ML": false,
    "BK": false,
    "subject": [
        "geography"
    ],
    "PRK": true
}