{
    "question": "Antibiotic resistance is possible because bacteria are able\nto exchange genetic material through a process known as\nbacterial conjugation. In one experiment, resistance to\ntetracycline (a commonly used antibiotic) was studied in\nEscherichia coli by introducing a tetracycline-resistant\nbacterium to a tetracycline-sensitive strain. The resistant\nbacterium’s genome contained a protein called an “efflux\npump”, a polypeptide that localizes to the cell membrane\nand expels certain small molecules from the cell.\nUsing fluorescent marking, researchers observed the DNA\nencoding one specific efflux pump in between a resistant\nbacterium and a sensitive bacterium. With live-cell\nmicroscopy, they tracked the fluorescence to see how the\nDNA migrated from one cell to another and how it was\nincorporated and expressed in the recipient bacterium.\n(Fonte: Sophie Nolivos e outros, Science, Washington, v. 364, n. 6442, p. 778-782, maio\n2019.)\nCom base no texto e em seus conhecimentos, assinale a\nalternativa correta.",
    "number": 10,
    "id": "UNICAMP_2020_10",
    "alternatives": [
        "a) A fusão transmembrana do genoma que confere\nresistência antibiótica é facilitada pela presença da\ntetraciclina.",
        "b) A proteína envolvida na resistência antibiótica à\ntetraciclina é transferida diretamente por conjugação\nbacteriana.",
        "c) O gene da proteína de resistência antibiótica é\ntransferido através da fusão transmembrana na\npresença de tetraciclina.",
        "d) O DNA codificador da proteína que confere resistência\nantibiótica à tetraciclina é transferido por conjugação\nbacteriana."
    ],
    "associated_images": [],
    "answer": "D",
    "has_associated_images": false,
    "alternatives_type": "string",
    "subject": [
        "biology",
        "english"
    ],
    "DS": true,
    "TU": true,
    "IU": false,
    "MR": false,
    "ML": true,
    "BK": false
}