{
    "question": "Em um estudo, foram avaliadas quatro amostras\nencontradas em diferentes locais, representados na figura\nabaixo.\n[IMAGE 0]\n(Adaptado de http://wiki.aapg.org/Temporal_and_environmental_distribution_of_microfossils.\nAcessado em 15/05/2019.)\nAmostra A: há foraminíferos, algas e dinoflagelados.\nAmostra B: há pólen e não existem seres marinhos.\nAmostra C: há grande concentração de plâncton.\nAmostra D: há grande concentração de bentos.\nAssinale a alternativa que associa corretamente o local de\ncoleta com a característica da amostra.",
    "number": 12,
    "id": "UNICAMP_2020_12",
    "alternatives": [
        "a) A amostra A contém seres típicos da plataforma\nabissal, onde há menor concentração de sal e não há\nluz solar.",
        "b) A amostra B foi encontrada em plataforma abissal,\nsendo que ventos teriam levado pólen até essa área,\nonde não há seres vivos.",
        "c) A amostra C foi retirada da plataforma continental, já\nque contém seres que se movimentam ativamente e\nvivem entre ambientes terrestre e marinho.",
        "d) A amostra D contém espécies encontradas no declive\ncontinental, que se fixam no substrato dos\necossistemas aquáticos."
    ],
    "associated_images": [
        "imgs/UNICAMP/2020/12/2.jpg"
    ],
    "answer": "D",
    "has_associated_images": true,
    "alternatives_type": "string",
    "subject": [
        "biology"
    ],
    "DS": true,
    "TU": false,
    "IU": true,
    "MR": false,
    "ML": false,
    "BK": false
}