{
    "question": "Um grande incêndio consumiu uma floresta inteira e deixou\napenas os troncos das árvores em pé. Algumas plantas\nconseguiram rebrotar e produzir uma folhagem exuberante\napós alguns meses. Considerando a relação entre\nestrutura e função dos tecidos vegetais, as plantas\nmencionadas tiveram um bom desempenho logo após a\nqueimada por serem dotadas de",
    "number": 13,
    "id": "UNICAMP_2020_13",
    "alternatives": [
        "a) tecido esclerenquimático desenvolvido, capaz de\npromover alta atividade fotossintética.",
        "b) periderme pluriestratificada, capaz de isolar\ntermicamente os feixes vasculares.",
        "c) aerênquimas, capazes de promover a difusão interna\nde gases e o metabolismo das raízes.",
        "d) epiderme foliar espessa, com cutícula rica em ceras\ncapazes de reduzir a temperatura da planta."
    ],
    "associated_images": [],
    "answer": "B",
    "has_associated_images": false,
    "alternatives_type": "string",
    "subject": [
        "biology"
    ],
    "DS": true,
    "TU": false,
    "IU": false,
    "MR": false,
    "ML": false,
    "BK": false
}