{
    "question": "Durante uma visita ao Museu de Zoologia do Instituto de\nBiologia da UNICAMP, alunos do ensino médio puderam\nobservar a diversidade de formas de vida e a classificação\ndos vertebrados.\n[IMAGE 0]\nAssinale a alternativa que indica corretamente as\ncaracterísticas (i), (ii), (iii) e (iv) apresentadas no\ncladograma acima.",
    "number": 14,
    "id": "UNICAMP_2020_14",
    "alternatives": [
        "a) (i) fase larval e adulta no meio terrestre; (ii) cório e\nalantoide; (iii) quatro câmaras cardíacas; (iv) presença\nde pelos.",
        "b) (i) respiração cutânea; (ii) quatro câmaras cardíacas;\n(iii) ausência de dentes; (iv) presença de glândulas\nmamárias.",
        "c) (i) fase larval e adulta no meio aquático; (ii) respiração\npulmonar; (iii) ausência de dentes; (iv) presença de\npelos.",
        "d) (i) respiração cutânea; (ii) cório e alantoide; (iii) três\ncâmaras cardíacas; (iv) presença de glândulas\nmamárias."
    ],
    "associated_images": [
        "imgs/UNICAMP/2020/14/0.jpg"
    ],
    "answer": "B",
    "has_associated_images": true,
    "alternatives_type": "string",
    "subject": [
        "biology"
    ],
    "DS": true,
    "TU": false,
    "IU": true,
    "MR": false,
    "ML": false,
    "BK": false
}