{
    "question": "A descoberta do processo celular de interferência por RNA\n(RNAi) rendeu aos cientistas Andrew Fire e Craig Mello o\nprêmio Nobel de Fisiologia ou Medicina em 2006. O RNAi\nintercepta e destrói as informações celulares conduzidas\npelo RNA dentro da célula antes que sejam processadas\nem proteínas. Com os avanços da biotecnologia, foram\ndesenvolvidas moléculas sintéticas de RNAi de aplicação\ntópica, que, pulverizadas nas lavouras, conferem proteção\nagrícola, reduzindo perdas.\nAssinale a alternativa que preenche corretamente as\nlacunas nas frases a seguir.\nO (i) __________ entra em contato com o RNAi\npulverizado, que atua em seu processo celular, impedindo\nque o (ii) __________ seja traduzido como proteína. Como\no (iii) __________ está associado a uma função essencial,\nao ser silenciado, ocasiona a morte do organismo.",
    "number": 15,
    "id": "UNICAMP_2020_15",
    "alternatives": [
        "a) (i) fungo; (ii) códon; (iii) RNAm.",
        "b) (i) inseto; (ii) RNAt; (iii) DNA.",
        "c) (i) inseto; (ii) RNAm; (iii) gene.",
        "d) (i) fungo; (ii) RNAr; (iii) código genético."
    ],
    "associated_images": [],
    "answer": "C",
    "has_associated_images": false,
    "alternatives_type": "string",
    "subject": [
        "biology"
    ],
    "DS": true,
    "TU": true,
    "IU": false,
    "MR": false,
    "ML": false,
    "BK": false
}