{
    "question": "O uso de cigarros eletrônicos é crescente entre jovens. Na\ncomposição desses cigarros encontramos propilenoglicol,\nglicerol, água, nicotina e flavorizantes, que são aquecidos e\nvaporizados para inalação.\nUm estudo foi desenvolvido com animais experimentais\nexpostos a três fatores distintos: ar ambiente, nicotina e\ncigarro eletrônico. Constatou-se que a exposição à nicotina\ne ao cigarro eletrônico causa aumento da área de espaço\naéreo alveolar e redução das paredes alveolares, em\ncomparação com o grupo exposto ao ar ambiente.\nAdicionalmente, o grupo exposto ao cigarro eletrônico\napresentou maior redução no número de capilares\nalveolares, mesmo quando comparado ao grupo exposto à\nnicotina. A conclusão indicou um prejuízo mais significativo\npara as trocas gasosas e perfusão de sangue pulmonar no\ngrupo exposto ao cigarro eletrônico.\nAs imagens a seguir são fotomicrografias que representam,\nem mesma escala, os alvéolos pulmonares dos animais\ndos grupos estudados, mostrando o espaço aéreo alveolar;\nas setas representam o número de capilares alveolares.\n[IMAGE 1]\n[IMAGE 0]\nO gráfico abaixo mostra dados quantitativos referentes à\nárea de espaço aéreo alveolar e à contagem de capilar.\n[IMAGE 2]\n(Fonte: Viktorija Reinikovaite e outros, European Respiratory Journal, Sheffield, v. 51, n. 4, p.\n1701661, abr. 2018.)\nConsiderando os resultados mencionados acima, assinale\na alternativa que relaciona corretamente o painel da\nfotomicrografia e os dados gráficos do grupo exposto ao\ncigarro eletrônico.",
    "number": 16,
    "id": "UNICAMP_2020_16",
    "alternatives": [
        "a) II-B.",
        "b) II-C.",
        "c) III-B.",
        "d) III-C."
    ],
    "associated_images": [
        "imgs/UNICAMP/2020/16/4.jpg",
        "imgs/UNICAMP/2020/16/3.jpg",
        "imgs/UNICAMP/2020/16/2.jpg"
    ],
    "answer": "B",
    "has_associated_images": true,
    "alternatives_type": "string",
    "subject": [
        "biology"
    ],
    "DS": true,
    "TU": true,
    "IU": true,
    "MR": true,
    "ML": false,
    "BK": false
}