{
    "question": "Na construção de tecidos biológicos, as células se\nancoram em uma rede de microfibras tridimensional (3D),\nem uma matriz extracelular. Interessados em recriar\ntecidos biológicos em laboratório utilizando técnicas de\nengenharia genética e de tecidos, cientistas confirmaram\ndivisões e ligações celulares nas construções 3D obtidas a\npartir de proteínas de seda recombinantes. Ao observarem\ncélulas interfásicas e em divisão, formação de actina\nfilamentosa e pontos de adesão focal, os cientistas\nverificaram que o conjunto de células e matriz extracelular\napresentou viabilidade e força biomecânica muito\nsemelhantes às da parede arterial humana.\n(Fonte: https://phys.org/news/2019-04-ecm-like-fibers-bioactive-silk-d.html. Acessado em\n20/05/ 2019.)\nConsiderando as informações referentes ao estudo\nmencionado, e as relações entre célula e seu ambiente, é\ncorreto afirmar que as condições experimentais permitiram",
    "number": 17,
    "id": "UNICAMP_2020_17",
    "alternatives": [
        "a) a respiração aeróbica e anaeróbica para conservar as\ntrocas gasosas e as fases do ciclo celular durante a\nformação da parede arterial humana.",
        "b) a síntese, o transporte e o armazenamento de\nmacromoléculas no citoplasma para fortalecer a\nestrutura celular, como na parede arterial humana.",
        "c) a presença de cromossomos alinhados na placa\nequatorial das células estacionadas na fase interfásica,\ntal como na parede arterial humana.",
        "d) a adesão e a proliferação celular para sustentar o\nmetabolismo e a funcionalidade semelhantes aos das\nartérias humanas."
    ],
    "associated_images": [],
    "answer": "D",
    "has_associated_images": false,
    "alternatives_type": "string",
    "subject": [
        "biology"
    ],
    "DS": true,
    "TU": true,
    "IU": false,
    "MR": false,
    "ML": false,
    "BK": false
}