{
    "question": "[IMAGE 0]\n(Disponível em https://licensing.andrewsmcmeel.com/features/ba?date=2004-08-03. Acessa-\ndo em 22/05/2019.)\nA tirinha apresentada",
    "number": 2,
    "id": "UNICAMP_2020_2",
    "alternatives": [
        "a) ironiza uma ideia de liberdade de expressão.",
        "b) critica políticas de imigração do governo dos EUA.",
        "c) defende uma visão de inglês como língua mundial.",
        "d) desaprova o uso da língua materna de imigrantes nos\nEUA."
    ],
    "associated_images": [
        "imgs/UNICAMP/2020/2/0.jpg"
    ],
    "answer": "A",
    "has_associated_images": true,
    "alternatives_type": "string",
    "subject": [
        "english"
    ],
    "DS": false,
    "TU": true,
    "IU": false,
    "MR": false,
    "ML": true,
    "BK": false
}