{
    "question": "No período da Guerra Fria, os conflitos geopolíticos\nimplicavam riscos nucleares e ataques físicos a\ninfraestruturas como estradas, redes elétricas ou\ngasodutos. Hoje, além dessas implicações, a Ciberguerra\nou Guerra Fria Digital",
    "number": 21,
    "id": "UNICAMP_2020_21",
    "alternatives": [
        "a) representa uma possibilidade real de interferência em\nsistemas informacionais nacionais, mas seu uso\nefetivo mantém-se apenas como uma ameaça.",
        "b) baseia-se na capacidade integrada de sistemas\ncomputacionais espionarem governos antagônicos,\ncom o objetivo de manipular informações de todo tipo.",
        "c) envolve o uso de softwares (malwares) e programas\nrobôs para invadir redes sociais e computadores, mas\nnunca interferiu em processos eleitorais.",
        "d) visa ao controle da informação como uma forma de\npoder político, mas inexistem, no mundo,\ncibercomandos, ou seja, a quarta força armada."
    ],
    "associated_images": [],
    "answer": "B",
    "has_associated_images": false,
    "alternatives_type": "string",
    "subject": [
        "geography",
        "history"
    ],
    "DS": true,
    "TU": true,
    "IU": false,
    "MR": false,
    "ML": false,
    "BK": false
}