{
    "question": "O chamado Triângulo Norte da América Central (TNAC) é\numa das regiões mais violentas do planeta, equiparando-se\nàs zonas de guerra. Grupos organizados praticam\ndiariamente extorsão, perseguição, sequestros,\nassassinatos, abuso sexual, entre outros crimes. Em 2018,\nsob condições extremas de pobreza e violência, sem\nescolha, milhares de pessoas do TNAC abandonaram suas\ncasas, deslocando-se por perigosas rotas em direção ao\nMéxico e aos EUA.\nConsiderando essa situação geográfica, indique os países\nque compõem a região do TNAC e a atual estratégia\nadotada pela população emigrante.",
    "number": 22,
    "id": "UNICAMP_2020_22",
    "alternatives": [
        "a) Venezuela, Costa Rica, Nicarágua; pequenos grupos\ndeslocam-se por trens para fugir da violência dos guias\nilegais (coyotes).",
        "b) El Salvador, Honduras, Guatemala; os emigrantes\ndeslocam-se a pé em grandes caravanas por ser mais\nseguro e para se beneficiarem de apoio mútuo.",
        "c) Cuba, Haiti, República Dominicana; pequenos grupos\ndeslocam-se em barcos, por ser mais seguro e para\ndiminuir os custos da travessia.",
        "d) Belize, Nicarágua, Guatemala; os emigrantes\ndeslocam-se a pé em grandes caravanas para diminuir\nos custos com os guias ilegais (coyotes)."
    ],
    "associated_images": [],
    "answer": "B",
    "has_associated_images": false,
    "alternatives_type": "string",
    "subject": [
        "geography",
        "history"
    ],
    "DS": true,
    "TU": true,
    "IU": false,
    "MR": false,
    "ML": false,
    "BK": false
}