{
    "question": "A origem da sociedade em rede decorre do\ndesenvolvimento dos meios de transporte, das\ncomunicações e da transmissão de energia, característica\nessencial da organização espacial da sociedade moderna\n– uma sociedade umbilicalmente ligada à evolução da\ntécnica, à aceleração das interligações e da movimentação\ndas pessoas, de objetos e de capitais sobre os territórios.\nNesse contexto, tem lugar a mudança, associada à rapidez\ndo aumento da densidade e da escala da circulação.\n(Adaptado de Ruy Moreira, Da região à rede e ao lugar: a nova realidade e o novo olhar\ngeográfico sobre o mundo. etc...,espaço, tempo e crítica. n. 1(3), p. 57,2007.)\nNo mundo contemporâneo, as redes configuram uma nova\nforma de organização geográfica das sociedades porque",
    "number": 24,
    "id": "UNICAMP_2020_24",
    "alternatives": [
        "a) colocam todos os lugares em conexão, garantem\nfluidez ao processo global de produção e\nhomogeneízam os espaços.",
        "b) anulam a importância dos territórios e fronteiras\nnacionais na articulação da geopolítica mundial,\nreconfigurando a geografia do poder.",
        "c) constituem sistemas usados livremente pelas\nsociedades em busca de projetos emancipatórios,\nampliando os conflitos e as disputas políticas.",
        "d) sobrepõem-se, na escala mundo, às configurações\nregionais do passado, impondo um novo\nfuncionamento reticular e hierárquico aos territórios."
    ],
    "associated_images": [],
    "answer": "D",
    "has_associated_images": false,
    "alternatives_type": "string",
    "subject": [
        "geography",
        "history"
    ],
    "DS": true,
    "TU": true,
    "IU": false,
    "MR": false,
    "ML": false,
    "BK": false
}