{
    "question": "A esculturação das diferentes formas de relevo é resultado\nda interação entre diferentes agentes exógenos na\npaisagem, tal como ocorre com as falésias.\nA partir do exposto e da ilustração abaixo, indique a\nalternativa que descreve os processos de recuo da falésia.\n[IMAGE 0]\nLegenda:\nA: deslizamento; B: queda; C: fluxo de lama; D: água\nsubterrânea; E: deriva litorânea (sentido das ondas).\n(Adaptado de Paul R. Pinet, Fundamentos de Oceanografia. São Paulo: LTC, 2017, p. 269.)",
    "number": 25,
    "id": "UNICAMP_2020_25",
    "alternatives": [
        "a) A evolução das falésias resulta de processos\ngeomorfológicos marinhos responsáveis pela erosão\nda base das escarpas e pelo transporte do material.",
        "b) A ação da erosão marinha não interfere na evolução\ndas escarpas das falésias, pois a variação dos níveis\nde água subterrânea é o principal agente dessa forma\nde relevo.",
        "c) As falésias são escarpas esculpidas em rochas\nmetamórficas, alteradas intempericamente por agentes\nexógenos pluviais e marinhos em áreas tropicais.",
        "d) As falésias são formas de relevo tipicamente costeiras\ne sua evolução se dá a partir da interação de\nprocessos geomorfológicos marinhos e continentais."
    ],
    "associated_images": [
        "imgs/UNICAMP/2020/25/1.jpg"
    ],
    "answer": "D",
    "has_associated_images": true,
    "alternatives_type": "string",
    "subject": [
        "geography"
    ],
    "DS": true,
    "TU": false,
    "IU": true,
    "MR": false,
    "ML": false,
    "BK": false
}