{
    "question": "O petróleo continua sendo a fonte de energia mais\nimportante do mundo. A posse de reservas, o transporte e\na capacidade de refino figuram como elementos de\nsoberania nacional e estratégicos em um mundo\nextremamente competitivo. Em relação ao petróleo no\nBrasil, é correto afirmar:",
    "number": 27,
    "id": "UNICAMP_2020_27",
    "alternatives": [
        "a) As descobertas das reservas nacionais ocorreram a\npartir dos anos 1980 e a Bacia de Campos (RJ) é hoje\na principal produtora do país.",
        "b) A extração nacional é cada dia maior, mas a\ninexistência de oleodutos exige que o transporte seja\nrealizado por meio rodoviário.",
        "c) A maior produção em terra provém do Estado do Rio\nGrande do Norte e, em mar, do pré-sal situado entre\nos Estados de São Paulo e Rio de Janeiro.",
        "d) Apesar de possuir grandes reservas, especialmente\ncom as descobertas do pré-sal, não há refino no país,\npor isso os derivados são importados."
    ],
    "associated_images": [],
    "answer": "C",
    "has_associated_images": false,
    "alternatives_type": "string",
    "subject": [
        "geography"
    ],
    "DS": true,
    "TU": false,
    "IU": false,
    "MR": false,
    "ML": false,
    "BK": true
}