{
    "question": "Região Integrada de Desenvolvimento Econômico (RIDE) -\nDistrito Federal.\n[IMAGE 0]\n(Fonte: SUDECO - Ministério do Desenvolvimento Regional.)\nObservando o mapa acima e considerando o conhecimento\nsobre o tema, é correto afirmar que a área representada é\numa região de planejamento composta por",
    "number": 28,
    "id": "UNICAMP_2020_28",
    "alternatives": [
        "a) três entes federativos, instituída nos anos 1990 para\npromover o desenvolvimento econômico e melhorias\nem políticas públicas; tem sua origem no processo de\nmetropolização de Brasília-DF.",
        "b) dois entes federativos, instituída nos anos 1970 para\nordenar a política de transportes face à elevada oferta\nde trabalho existente nos municípios do entorno do\nDistrito Federal.",
        "c) três entes federativos, instituída nos anos 1980 para\npromover o desenvolvimento sustentável com\npreservação do patrimônio histórico e natural face ao\nelevado crescimento demográfico regional.",
        "d) dois entes federativos, instituída nos anos 1960 para\npromover setores da agroindústria e dos serviços; tem\nsua origem nas estratégias de integração previstas no\nplanejamento regional."
    ],
    "associated_images": [
        "imgs/UNICAMP/2020/28/0.jpg"
    ],
    "answer": "A",
    "has_associated_images": true,
    "alternatives_type": "string",
    "subject": [
        "geography"
    ],
    "DS": true,
    "TU": false,
    "IU": true,
    "MR": false,
    "ML": false,
    "BK": true
}