{
    "question": "Em uma família, cada filha tem o mesmo número de irmãs\ne irmãos, e cada filho tem um número de irmãs igual ao\ndobro do número de irmãos. O número total de filhos e\nfilhas dessa família é igual a",
    "number": 32,
    "id": "UNICAMP_2020_32",
    "alternatives": [
        "a) 11.",
        "b) 9.",
        "c) 7.",
        "d) 5."
    ],
    "associated_images": [],
    "answer": "C",
    "has_associated_images": false,
    "alternatives_type": "string",
    "subject": [
        "mathematics"
    ],
    "DS": true,
    "TU": false,
    "IU": false,
    "MR": true,
    "ML": false,
    "BK": false
}