{
    "question": "Sabendo que 𝑎 é um número real, considere a equação\nquadrática 2𝑥^2 + 𝑎𝑥 + 10 = 0. Se as soluções dessa\nequação são números inteiros, o módulo da soma das\nsoluções é igual a",
    "number": 36,
    "id": "UNICAMP_2020_36",
    "alternatives": [
        "a) 3.",
        "b) 4.",
        "c) 5.",
        "d) 6."
    ],
    "associated_images": [],
    "answer": "D",
    "has_associated_images": false,
    "alternatives_type": "string",
    "subject": [
        "mathematics"
    ],
    "DS": true,
    "TU": false,
    "IU": false,
    "MR": true,
    "ML": false,
    "BK": false
}