{
    "question": "A figura abaixo exibe o triângulo retângulo 𝐴𝐵𝐶, em que\n𝐴𝐵 = 𝐴𝑀 = 𝑀𝐶. Então, tg𝜃 é igual a\n[IMAGE 0]",
    "number": 41,
    "id": "UNICAMP_2020_41",
    "alternatives": [
        "a) 1⁄2.",
        "b) 1⁄3.",
        "c) 1⁄4.",
        "d) 1⁄5."
    ],
    "associated_images": [
        "imgs/UNICAMP/2020/41/1.jpg"
    ],
    "answer": "B",
    "has_associated_images": true,
    "alternatives_type": "string",
    "subject": [
        "mathematics"
    ],
    "DS": true,
    "TU": false,
    "IU": true,
    "MR": true,
    "ML": false,
    "BK": false
}