{
    "question": "Sabendo que 𝑐 é um número real, considere, no plano\ncartesiano, a circunferência de equação 𝑥² + 𝑦² = 2𝑐𝑥. Se\no centro dessa circunferência pertence à reta de equação\n𝑥+2𝑦=3, então seu raio é igual a",
    "number": 43,
    "id": "UNICAMP_2020_43",
    "alternatives": [
        "a) √2.",
        "b) √3.",
        "c) 2.",
        "d) 3."
    ],
    "associated_images": [],
    "answer": "D",
    "has_associated_images": false,
    "alternatives_type": "string",
    "subject": [
        "mathematics"
    ],
    "DS": true,
    "TU": false,
    "IU": false,
    "MR": true,
    "ML": false,
    "BK": false
}