{
    "question": "Se um tetraedro regular e um cubo têm áreas de superfície\niguais, a razão entre o comprimento das arestas do\ntetraedro e o comprimento das arestas do cubo é igual a",
    "number": 44,
    "id": "UNICAMP_2020_44",
    "alternatives": [
        "a) √2√3.",
        "b) ∜2√3.",
        "c) √2∜3.",
        "d) ∜2∜3."
    ],
    "associated_images": [],
    "answer": "C",
    "has_associated_images": false,
    "alternatives_type": "string",
    "subject": [
        "mathematics"
    ],
    "DS": true,
    "TU": false,
    "IU": false,
    "MR": true,
    "ML": false,
    "BK": false
}