{
    "question": "Em 15 de abril de 2019, a Catedral de Notre-Dame de\nParis ardeu em chamas, atingindo temperaturas de 800°C.\nEstima-se que, na construção da catedral, foram\nempregadas pelo menos 300 toneladas de chumbo.\nMaterial usual à época, o chumbo é um metal pesado com\nelevado potencial de contaminação em altas temperaturas.\nSabendo que o ponto de fusão do chumbo é de 327,5°C e\nseu ponto de ebulição é de 1750°C, identifique a curva que\npode representar o histórico da temperatura de uma porção\nde chumbo presente na catedral ao longo do incêndio, bem\ncomo o fenômeno corretamente relacionado ao potencial\nde contaminação.",
    "number": 45,
    "id": "UNICAMP_2020_45",
    "alternatives": [
        "a)[IMAGE 0] \nO potencial de contaminação estaria associado à\nevaporação do chumbo em alta temperatura.",
        "b)[IMAGE 1]\nO potencial de contaminação estaria associado à ebulição\ndo chumbo em alta temperatura.",
        "c)[IMAGE 2]\nO potencial de contaminação estaria associado à ebulição\ndo chumbo em alta temperatura.",
        "d)[IMAGE 3]\nO potencial de contaminação estaria associado à\nevaporação do chumbo em alta temperatura."
    ],
    "associated_images": [
        "imgs/UNICAMP/2020/45/0.jpg",
        "imgs/UNICAMP/2020/45/1.jpg",
        "imgs/UNICAMP/2020/45/2.jpg",
        "imgs/UNICAMP/2020/45/3.jpg"
    ],
    "answer": "D",
    "has_associated_images": true,
    "alternatives_type": "images",
    "subject": [
        "mathematics",
        "chemistry"
    ],
    "DS": true,
    "TU": true,
    "IU": true,
    "MR": true,
    "ML": false,
    "BK": false
}