{
    "question": "O Termômetro de Galileu (Figura A) é uma forma criativa\nde se estimar a temperatura ambiente. Ele consiste em\numa coluna de vidro preenchida com um líquido. Em seu\ninterior, são colocadas várias bolas de vidro colorido\ncalibradas e marcadas para a leitura da temperatura. As\nbolas de vidro sobem ou descem em função da\ntemperatura. A sensibilidade do Termômetro de Galileu\nreside na sua capacidade de separar duas leituras de\ntemperaturas. A figura B é um gráfico de densidade em\nfunção da temperatura para água e etanol, dois líquidos\nque poderiam ser usados no termômetro.\nFigura A\n[IMAGE 0]\nFiguraB\n[IMAGE 1]\nDe acordo com essas informações e os conhecimentos de\nquímica, a leitura correta da temperatura do termômetro\nrepresentado na Figura A pode ser indicada pela bola de\nvidro que se situa",
    "number": 47,
    "id": "UNICAMP_2020_47",
    "alternatives": [
        "a) mais abaixo entre as que se encontram na parte de\ncima do tubo, sendo que a água proporcionaria um\ntermômetro mais sensível.",
        "b) mais acima entre as que se encontram na parte de\nbaixo do tubo, sendo que a água proporcionaria um\ntermômetro mais sensível.",
        "c) mais acima entre as que se encontram na parte de\ncima do tubo, sendo que o etanol proporcionaria um\ntermômetro mais sensível.",
        "d) mais abaixo entre as que se encontram na parte de\ncima do tubo, sendo que o etanol proporcionaria um\ntermômetro mais sensível."
    ],
    "associated_images": [
        "imgs/UNICAMP/2020/47/0.jpg",
        "imgs/UNICAMP/2020/47/1.jpg"
    ],
    "answer": "D",
    "has_associated_images": true,
    "alternatives_type": "string",
    "subject": [
        "mathematics",
        "physics"
    ],
    "DS": true,
    "TU": true,
    "IU": true,
    "MR": true,
    "ML": false,
    "BK": false
}