{
    "question": "As caldeiras são utilizadas para alimentar máquinas nos\nmais diversos processos industriais, para esterilização de\nequipamentos e instrumentos em hospitais, hotéis,\nlavanderias, entre outros usos. A temperatura elevada da\nágua da caldeira mantém compostos solubilizados na água\nde alimentação que tendem a se depositar na superfície de\ntroca térmica da caldeira. Esses depósitos, ou\nincrustações, diminuem a eficiência do equipamento e,\nalém de aumentar o consumo de combustível, podem\nainda resultar em explosões. A tabela e a figura a seguir\napresentam, respectivamente, informações sobre alguns\ntipos de incrustações em caldeiras, e a relação entre a\nespessura da incrustação e o consumo de combustível\npara uma eficiência constante.\n[IMAGE 1]\n[IMAGE 0]\nConsiderando as informações apresentadas, é correto\nafirmar que as curvas A e B podem representar,\nrespectivamente, informações sobre incrustações",
    "number": 48,
    "id": "UNICAMP_2020_48",
    "alternatives": [
        "a) de sulfato e de carbonato.",
        "b) de sulfato e de sílica.",
        "c) de sílica e de carbonato.",
        "d) de carbonato e de sílica."
    ],
    "associated_images": [
        "imgs/UNICAMP/2020/48/0.jpg",
        "imgs/UNICAMP/2020/48/1.jpg"
    ],
    "answer": "C",
    "has_associated_images": true,
    "alternatives_type": "string",
    "subject": [
        "mathematics",
        "physics"
    ],
    "DS": true,
    "TU": true,
    "IU": true,
    "MR": true,
    "ML": false,
    "BK": false
}