{
    "question": "A Associação Canadense de Saúde Mental é uma\norganização sem fins lucrativos que combate o estigma\nsobre a saúde mental, promovendo ações em favor de\npessoas que sofrem com doenças dessa natureza. O\ncartaz abaixo, direcionado à população em geral, foi\npublicado no site dessa associação.\n[IMAGE 0]\n(Disponível em https://ontario.cmha.ca/documents. Acessado em 22/08/2019.)\nO cartaz apresentado tem o intuito de",
    "number": 5,
    "id": "UNICAMP_2020_5",
    "alternatives": [
        "a) motivar a população a parar de reconhecer os\nestereótipos negativos associados à saúde mental.",
        "b) encorajar empresários a oferecer melhores condições\nde emprego a pessoas com doenças mentais.",
        "c) estimular o combate aos estereótipos que atingem\npessoas com doenças mentais.",
        "d) incentivar um tratamento diferenciado a pessoas com\ndoenças mentais."
    ],
    "associated_images": [
        "imgs/UNICAMP/2020/5/2.jpg"
    ],
    "answer": "C",
    "has_associated_images": true,
    "alternatives_type": "string",
    "subject": [
        "english"
    ],
    "DS": false,
    "TU": true,
    "IU": false,
    "MR": false,
    "ML": true,
    "BK": false
}