{
    "question": "Um dos pilares da nanotecnologia é o fato de as\npropriedades dos materiais dependerem do seu tamanho e\nda sua morfologia. Exemplo: a maior parte do H₂ produzido\nindustrialmente advém da reação de reforma de\nhidrocarbonetos: CH₄ (g) + H₂O(g)  ➞ 3H₂ (g) + CO(g). Uma\nforma de promover a descontaminação do hidrogênio é\nreagir o CO com largo excesso de água:\nCO(g) + H₂O(g)  ➞ CO₂(g) + H₂(g); ΔH = -41,6 kJ mol^(-1).\nA figura abaixo mostra resultados da velocidade (em\nunidade arbitrária, ua) dessa conversão em função da\ntemperatura, empregando-se um nanocatalisador com\nduas diferentes morfologias.\n[IMAGE 0]\nConsiderando essas informações, é correto afirmar que,\ncom essa tecnologia, a descontaminação do hidrogênio por\nCO é mais eficiente na presença do catalisador em forma\nde",
    "number": 52,
    "id": "UNICAMP_2020_52",
    "alternatives": [
        "a) nanobastão, pois a transformação do CO ocorreria em\ntemperaturas mais baixas, o que também favoreceria o\nequilíbrio da reação no sentido dos produtos, uma vez\nque a reação é exotérmica.",
        "b) nanobastão, pois a transformação do CO ocorreria em\ntemperaturas mais baixas, o que também favoreceria o\nequilíbrio da reação no sentido dos produtos, uma vez\nque a reação é endotérmica.",
        "c) nanocubo, pois a transformação do CO ocorreria em\ntemperaturas mais elevadas, o que também\nfavoreceria o equilíbrio da reação no sentido dos\nprodutos, uma vez que a reação é exotérmica.",
        "d) nanocubo, pois a transformação do CO ocorreria em\ntemperaturas mais elevadas, o que também\nfavoreceria o equilíbrio da reação no sentido dos\nprodutos, uma vez que a reação é endotérmica."
    ],
    "associated_images": [
        "imgs/UNICAMP/2020/52/0.jpg"
    ],
    "answer": "A",
    "has_associated_images": true,
    "alternatives_type": "string",
    "subject": [
        "chemistry"
    ],
    "DS": true,
    "TU": false,
    "IU": true,
    "MR": true,
    "ML": false,
    "BK": false
}