{
    "question": "Para ser usado em um implante dentário, um metal ou liga\nprecisa apresentar excelente compatibilidade com o\norganismo, alta resistência mecânica e boa flexibilidade,\nentre outros atributos. Imagine que dois metais, A e B,\ntenham sido testados quanto à sua aplicação em um\nimplante, e o metal A foi considerado a melhor opção.\n[IMAGE 0]\nEsse resultado é compatível com o fato de que o metal A\ntem",
    "number": 54,
    "id": "UNICAMP_2020_54",
    "alternatives": [
        "a) menor densidade, embora seja menos resistente à\ncorrosão.",
        "b) menor densidade e é mais resistente à corrosão.",
        "c) maior densidade, embora seja menos resistente à\ncorrosão.",
        "d) maior densidade e é mais resistente à corrosão."
    ],
    "associated_images": [
        "imgs/UNICAMP/2020/54/0.jpg"
    ],
    "answer": "A",
    "has_associated_images": true,
    "alternatives_type": "string",
    "subject": [
        "chemistry"
    ],
    "DS": true,
    "TU": false,
    "IU": true,
    "MR": false,
    "ML": false,
    "BK": false
}