{
    "question": "A catástrofe de Tchernóbil (1986) foi o mais grave desastre\ntecnológico do século XX. As explosões lançaram na\natmosfera diversos elementos radioativos. Hoje, uma em\ncada cinco pessoas nas fronteiras da Bielorússia vive em\nterritório contaminado. Em consequência da ação\nconstante de pequenas doses de radiação, a cada ano,\ncresce no país o número de doentes de câncer, de\ndeficientes mentais, de pessoas com disfunções\nneuropsicológicas e com mutações genéticas.\n(Adaptado de Svetlana Aleksiévitch, Vozes de Tchernóbil. São Paulo: Companhia das Letras,\n1997, p.10.)\nA partir do documento acima e de seus conhecimentos,\nassinale a alternativa correta.",
    "number": 55,
    "id": "UNICAMP_2020_55",
    "alternatives": [
        "a) A construção da Central Elétrica Atômica de Tchernóbil\nocorreu em um momento de embate da URSS com o\nmundo ocidental capitalista. Tendo em vista que os\nelementos lançados ao ambiente têm tempos de meia-\nvida curtos, novas tecnologias químicas conseguiram\nsanar os danos ambientais e humanos gerados pelo\nacidente.",
        "b) O acidente de Tchernóbil é um marco do\ndesmantelamento da URSS. O acidente gerou danos\nambientais e humanos que não foram solucionados até\nhoje, uma vez que os elementos lançados ao ambiente\ntêm tempos de meia-vida longos.",
        "c) O acidente de Tchernóbil é um marco do\nfortalecimento da URSS. Ele gerou danos ambientais e\nhumanos que não foram solucionados até hoje, uma\nvez que os elementos lançados ao ambiente têm\ntempos de meia-vida longos.",
        "d) A construção da Central Elétrica Atômica de Tchernóbil\nocorreu em um contexto de expansão das relações da\nURSS com a Coreia do Norte e a China. Tendo em\nvista que os elementos lançados ao ambiente têm\ntempos de meia-vida curtos, novas tecnologias\nquímicas conseguiram sanar os danos ambientais e\nhumanos gerados pelo acidente."
    ],
    "associated_images": [],
    "answer": "B",
    "has_associated_images": false,
    "alternatives_type": "string",
    "subject": [
        "chemistry",
        "history"
    ],
    "DS": true,
    "TU": true,
    "IU": false,
    "MR": false,
    "ML": false,
    "BK": false
}