{
    "question": "“O que é então o verossímil? Para encurtar: tudo aquilo em\nque a confiança é presumida. Por exemplo, os juízes nem\nsempre são independentes, os médicos nem sempre\ncapazes, os oradores nem sempre sinceros. Mas presume-\nse que o sejam; e, se alguém afirmar o contrário, cabe-lhe\no ônus da prova. Sem esse tipo de presunção, a vida seria\nimpossível; e é a própria vida que rejeita o ceticismo.”\n(Olivier Reboul, Introdução à retórica. São Paulo: Martins Fontes, 1998, p. 97-98.)\nConsiderando o segundo “Sermão da Quarta-feira de\nCinza” (1673), de Antonio Vieira, é correto afirmar que a\npresunção de confiança por parte do auditório cristão do\nséculo XVII decorre da",
    "number": 57,
    "id": "UNICAMP_2020_57",
    "alternatives": [
        "a) habilidade política do pregador.",
        "b) atenção disciplinada dos ouvintes.",
        "c) crença na salvação e na danação eternas.",
        "d) defesa institucional da Igreja Católica feita pelo clero."
    ],
    "associated_images": [],
    "answer": "C",
    "has_associated_images": false,
    "alternatives_type": "string",
    "subject": [
        "portuguese"
    ],
    "DS": false,
    "TU": true,
    "IU": false,
    "MR": false,
    "ML": false,
    "BK": false
}