{
    "question": "As palavras organizadas comunicam sempre alguma coisa,\nque nos toca porque obedece a certa ordem. Quando\nrecebemos o impacto de uma produção literária, oral ou\nescrita, ele é devido à fusão inextricável da mensagem com a\nsua organização. Em palavras usuais: o conteúdo de uma\nobra literária só atua por causa da forma.\n(Adaptado de Antonio Candido, “O direito à literatura”, em Vários escritos. São Paulo: Ouro\nsobre azul e Duas Cidades, 2004, p.178.)\n[IMAGE 0]\nA obra Sobrevivendo no inferno do grupo Racionais Mc’s é\ncomposta pelas canções e pelo projeto editorial da capa e\ncontracapa do CD. Nesse projeto editorial, encontram-se\nelementos visuais e verbais que estabelecem um jogo de\nformas e sentidos. Com base na afirmação de Antonio\nCandido, é correto afirmar que a organização desses\nelementos",
    "number": 59,
    "id": "UNICAMP_2020_59",
    "alternatives": [
        "a) produz uma simetria entre som e sentido, sendo que\ntal simetria indica que os símbolos religiosos são uma\nresposta à violência.",
        "b) configura um sistema de oposições, uma vez que\nimagens e palavras estabelecem tensões materiais e\nespirituais, constitutivas do sentido das canções.",
        "c) configura uma sintaxe poética de ordem espiritual.\nEssa sintaxe espelha o caos e as injustiças vividos na\nperiferia das grandes cidades.",
        "d) produz uma lógica poética racional. Essa lógica se\nexplicita na vitória do crime sobre a visão de mundo\npresente nos versículos bíblicos transcritos."
    ],
    "associated_images": [
        "imgs/UNICAMP/2020/59/0.jpg"
    ],
    "answer": "B",
    "has_associated_images": true,
    "alternatives_type": "string",
    "subject": [
        "portuguese"
    ],
    "DS": false,
    "TU": true,
    "IU": true,
    "MR": false,
    "ML": false,
    "BK": false
}