{
    "question": "[IMAGE 0]\nTo me, science is one way\nof connecting with the\nmystery of existence. And if\nyou think of it that way, the\nmystery of existence is\nsomething that we have\nwondered about ever since\npeople began asking\nquestions about who we are and where we come from. So\nwhile those questions are now part of scientific research,\nthey are much, much older than science. I’m talking about\nscience as part of a much grander and older sort of\nquestioning about who we are in the big picture of the\nuniverse. To me, as a theoretical physicist and also\nsomeone who spends time out in the mountains, this sort of\nquestioning offers a deeply spiritual connection with the\nworld, through my mind and through my body. Einstein\nwould have said the same thing, I think, with his cosmic\nreligious feeling.\nMarcelo Gleiser, March 20, 2019.\n(Adaptado de https://www.scientificamerican.com/article/atheism-is-inconsistent-with-the-scien\ntific-method-prizewinning-physicist-says/?redirect=1. Acessado em 15/05/2019.)\nQual das frases abaixo mais se aproxima das palavras de\nGleiser reproduzidas acima?",
    "number": 6,
    "id": "UNICAMP_2020_6",
    "alternatives": [
        "a) “O bom da ciência é que ela é verdadeira, quer se\nacredite nela ou não.” (Neil deGrasse Tyson)",
        "b) “Ciência é a única religião da humanidade.” (Arthur\nClarke)",
        "c) “Ciência é a chave do nosso futuro.” (Bill Nye)",
        "d) “Ciência não é apenas compatível com espiritualidade;\né uma profunda fonte de espiritualidade.” (Carl Sagan)"
    ],
    "associated_images": [
        "imgs/UNICAMP/2020/6/0.jpg"
    ],
    "answer": "D",
    "has_associated_images": true,
    "alternatives_type": "string",
    "subject": [
        "english"
    ],
    "DS": false,
    "TU": true,
    "IU": false,
    "MR": false,
    "ML": true,
    "BK": false
}