{
    "question": "O poema abaixo vem impresso na orelha do livro Psia, de\nArnaldo Antunes.\nPsia é feminino\nde psiu;\nque serve para chamar a atenção\nde alguém, ou para pedir\nsilêncio.\nEu berro as palavras\nno microfone\nda mesma maneira com que\nas desenho, com cuidado,\nna página.\nPara transformá-las em coisas,\nem vez de substituírem \nas coisas. Calos na língua; de calar.\nAlguma coisa entre a piscina e a pia.\nUm hiato a menos.\n(Arnaldo\nAntunes, Psia.\nSão Paulo:\nIluminuras,\n2012.)\nNa orelha do livro, Antunes apresenta ao leitor seu\nprocesso de criação poética. É correto dizer que o autor se\npropõe a",
    "number": 63,
    "id": "UNICAMP_2020_63",
    "alternatives": [
        "a) revelar a primazia da comunicação oral sobre a escrita\ndas palavras.",
        "b) discutir a flexão de gênero, que torna a palavra “psia”\num substantivo.",
        "c) defender a conversão das palavras em coisas,\nmudando seu estatuto.",
        "d) explorar o poder de representação da interjeição\nexclamativa “psiu!”."
    ],
    "associated_images": [],
    "answer": "C",
    "has_associated_images": false,
    "alternatives_type": "string",
    "subject": [
        "portuguese"
    ],
    "DS": false,
    "TU": true,
    "IU": false,
    "MR": false,
    "ML": false,
    "BK": false
}