{
    "question": "Texto I\nOs idiomas e suas regras são coisas vivas, que vão se\nmodificando de maneira dinâmica, de acordo com o\nmomento em que a sociedade vive. Um exemplo disso é a\nadoção do termo “maratonar”, quando os telespectadores\npodem assistir a vários ou a todos os episódios de uma\nsérie de uma só vez. Contudo, ao que parece, a plataforma\nNetflix não quer mais estar associada à “maratona” de\nséries. A maior razão seria a tendência atual que as\ngigantes da tecnologia têm seguido para evitar o consumo\nexcessivo e melhorar a saúde dos usuários.\n(Adaptado de Claudio Yuge, “Você notou? Netflix parece estar evitando o termo ‘maratonar’.”\nDisponível em https://www.tecmundo.com.br/ internet/133690-voce-notou-net flix-parece-\nevitando-termo-maratonar.htm. Acessado em 01/06/2019.)\nTexto II\n[IMAGE 0]\n(Disponível em http://www.willtirando.com.br/anesia-417/. Acessado em 01/06/ 2019.)\nEmbora os dois textos tratem do termo “maratonar” a partir\nde perspectivas distintas, é possível afirmar que o Texto II\nretoma aspectos apresentados no Texto I porque",
    "number": 64,
    "id": "UNICAMP_2020_64",
    "alternatives": [
        "a) esclarece o significado do neologismo “maratonar”\ncomo esforço físico exaustivo, derivado de “maratona”.",
        "b) deprecia a definição de “maratona” como ação\ncontínua de superação de dificuldades e melhoria da\nsaúde.",
        "c) reflete sobre o impacto que a falta de exercícios físicos\ne a permanência em casa provocam na saúde.",
        "d) menospreza o uso do termo “maratonar” relacionado a\num estilo de vida sedentário, antagônico a maratona."
    ],
    "associated_images": [
        "imgs/UNICAMP/2020/64/1.jpg"
    ],
    "answer": "D",
    "has_associated_images": true,
    "alternatives_type": "string",
    "subject": [
        "portuguese"
    ],
    "DS": false,
    "TU": true,
    "IU": true,
    "MR": false,
    "ML": false,
    "BK": false
}