{
    "question": "\nLeia o texto a seguir e responda às questões 65 e 66.\nO telejornalismo é um dos principais produtos televisivos.\nSejam as notícias boas ou ruins, ele precisa garantir uma\nexperiência esteticamente agradável para o espectador.\nEm suma, ser um “infotenimento”, para atrair prestígio,\nanunciante e rentabilidade. Porém, a atmosfera pesada do\ninício do ano baixou nos telejornais: Brumadinho, jovens\natletas mortos no incêndio do CT do Flamengo, notícias\ndiárias de feminicídios, de valentões armados matando em\nbrigas de trânsito e supermercados. Conjunções\nadversativas e adjuntos adverbiais já não dão mais conta\nde neutralizar o tsunami de tragédias e violência, e de\namenizar as más notícias para garantir o “infotenimento”.\nNo jornal, é apresentada matéria sobre uma mulher\nbrutalmente espancada, internada com diversas fraturas no\nrosto. Em frente ao hospital, uma repórter fala: “mas a boa\nnotícia é que ela saiu da UTI e não precisará mais de\ncirurgia reparadora na face...”. Agora, repórteres repetem a\nexpressão “a boa notícia é que...”, buscando alguma\nbrecha de esperança no “outro lado” das más notícias.\n(Adaptado de Wilson R. V. Ferreira, Globo adota “a boa notícia é que...” para tentar se salvar\ndo baixo astral nacional. Disponível em https://cinegnose. Blogs pot.com/2019/02/globo-adota-\nboa-noticia-e-que-para.html. Acessado em 01/03 /2019.)\nConsiderando a matéria apresentada no jornal, o uso da\nconjunção adversativa seguido da expressão “a boa notícia\né que” permite ao jornalista",
    "number": 65,
    "id": "UNICAMP_2020_65",
    "alternatives": [
        "a) apontar a gravidade da notícia e compensá-la.",
        "b) expor a neutralidade da notícia e reforçá-la.",
        "c) minimizar a relevância da notícia e acentuá-la.",
        "d) revelar a importância da notícia e enfatizá-la."
    ],
    "associated_images": [],
    "answer": "A",
    "has_associated_images": false,
    "alternatives_type": "string",
    "subject": [
        "portuguese"
    ],
    "DS": true,
    "TU": true,
    "IU": false,
    "MR": false,
    "ML": false,
    "BK": false
}