{
    "question": "Obs.: para as questões de 70 a 79, aproxime π = 3,0\nsempre que necessário. A volta da França é uma das maiores competições do\nciclismo mundial. Num treino, um ciclista entra num circuito\nreto e horizontal (movimento em uma dimensão) com\nvelocidade constante e positiva. No instante t1 , ele acelera\nsua bicicleta com uma aceleração constante e positiva até\no instante t2. Entre t2 e t3, ele varia sua velocidade com\numa aceleração também constante, porém negativa. Ao\nfinal do percurso, a partir do instante t3, ele se mantém em\nmovimento retilíneo uniforme. De acordo com essas\ninformações, o gráfico que melhor descreve a velocidade\ndo atleta em função do tempo é",
    "number": 70,
    "id": "UNICAMP_2020_70",
    "alternatives": [
        "a)[IMAGE 3]",
        "b)[IMAGE 2]",
        "c)[IMAGE 1]",
        "d)[IMAGE 0]"
    ],
    "associated_images": [
        "imgs/UNICAMP/2020/70/4.jpg",
        "imgs/UNICAMP/2020/70/3.jpg",
        "imgs/UNICAMP/2020/70/2.jpg",
        "imgs/UNICAMP/2020/70/1.jpg"
    ],
    "answer": "A",
    "has_associated_images": true,
    "alternatives_type": "images",
    "subject": [
        "physics"
    ],
    "DS": true,
    "TU": false,
    "IU": true,
    "MR": true,
    "ML": false,
    "BK": false
}