{
    "question": "Obs.: para as questões de 70 a 79, aproxime π = 3,0\nTexto comum às questões 71, 72 e 73.\nAs agências espaciais NASA (norte-americana) e ESA\n(europeia) desenvolvem um projeto para desviar a\ntrajetória de um asteroide através da colisão com uma\nsonda especialmente enviada para esse fim. A previsão é\nque a sonda DART (do inglês, “Teste de Redirecionamento\nde Asteroides Duplos”) será lançada com a finalidade de se\nchocar, em 2022, com Didymoon, um pequeno asteroide\nque orbita um asteroide maior chamado Didymos.\nA massa da sonda DART será de m sonda = 300 kg, e ela\ndeverá ter a velocidade v sonda = 6 km/s imediatamente\nantes de atingir Didymoon. Assim, a energia cinética da\nsonda antes da colisão será igual a",
    "number": 71,
    "id": "UNICAMP_2020_71",
    "alternatives": [
        "a) 1,8X10^3 J.",
        "b) 5,4X10^3 J.",
        "c) 1,8X10^6 J.",
        "d) 5,4X10^9 J."
    ],
    "associated_images": [],
    "answer": "D",
    "has_associated_images": false,
    "alternatives_type": "string",
    "subject": [
        "physics"
    ],
    "DS": true,
    "TU": false,
    "IU": false,
    "MR": true,
    "ML": false,
    "BK": false
}