{
    "question": "Obs.: para as questões de 70 a 79, aproxime π = 3,0\nTexto comum às questões 71, 72 e 73.\nAs agências espaciais NASA (norte-americana) e ESA\n(europeia) desenvolvem um projeto para desviar a\ntrajetória de um asteroide através da colisão com uma\nsonda especialmente enviada para esse fim. A previsão é\nque a sonda DART (do inglês, “Teste de Redirecionamento\nde Asteroides Duplos”) será lançada com a finalidade de se\nchocar, em 2022, com Didymoon, um pequeno asteroide\nque orbita um asteroide maior chamado Didymos.\nNuma colisão inelástica da sonda DART com o asteroide\nDidymoon,",
    "number": 72,
    "id": "UNICAMP_2020_72",
    "alternatives": [
        "a) a energia cinética do conjunto sonda + asteroide é\nconservada e o momento linear do conjunto também é\nconservado.",
        "b) a energia cinética do conjunto sonda + asteroide não é\nconservada; já o momento linear do conjunto é\nconservado.",
        "c) a energia cinética do conjunto sonda + asteroide é\nconservada; já o momento linear do conjunto não é\nconservado.",
        "d) a energia cinética do conjunto sonda + asteroide não é\nconservada e o momento linear do conjunto também\nnão é conservado."
    ],
    "associated_images": [],
    "answer": "B",
    "has_associated_images": false,
    "alternatives_type": "string",
    "subject": [
        "physics"
    ],
    "DS": true,
    "TU": false,
    "IU": false,
    "MR": false,
    "ML": false,
    "BK": false
}