{
    "question": "Obs.: para as questões de 70 a 79, aproxime π = 3,0\nTexto comum às questões 71, 72 e 73.\nAs agências espaciais NASA (norte-americana) e ESA\n(europeia) desenvolvem um projeto para desviar a\ntrajetória de um asteroide através da colisão com uma\nsonda especialmente enviada para esse fim. A previsão é\nque a sonda DART (do inglês, “Teste de Redirecionamento\nde Asteroides Duplos”) será lançada com a finalidade de se\nchocar, em 2022, com Didymoon, um pequeno asteroide\nque orbita um asteroide maior chamado Didymos.\nO asteroide satélite Didymoon descreve uma órbita circular\nem torno do asteroide principal Didymos. O raio da órbita é\nr=1,6 km e o período é T=12 h. A aceleração\ncentrípeta do satélite vale",
    "number": 73,
    "id": "UNICAMP_2020_73",
    "alternatives": [
        "a) 8,0x10^-1 km/h^2.",
        "b) 4,0x10^-1 km/h^2.",
        "c) 3,125x10^-1 km/h^2.",
        "d) 6,667x10^-2 km/h^2."
    ],
    "associated_images": [],
    "answer": "B",
    "has_associated_images": false,
    "alternatives_type": "string",
    "subject": [
        "physics"
    ],
    "DS": true,
    "TU": false,
    "IU": false,
    "MR": true,
    "ML": false,
    "BK": false
}