{
    "question": "Obs.: para as questões de 70 a 79, aproxime π = 3,0\nO CO₂ dissolvido em bebidas carbonatadas, como\nrefrigerantes e cervejas, é o responsável pela formação da\nespuma nessas bebidas e pelo aumento da pressão\ninterna das garrafas, tornando-a superior à pressão\natmosférica. O volume de gás no “pescoço” de uma garrafa\ncom uma bebida carbonatada a 7°C é igual a 24 ml, e a\npressão no interior da garrafa é de 2,8x10^5Pa. Trate o\ngás do “pescoço” da garrafa como um gás perfeito.\nConsidere que a constante universal dos gases é de\naproximadamente 8 J/mol.K e que as temperaturas nas\nescalas Kelvin e Celsius relacionam-se da forma\nT(K) = (0°C)+273. O número de moles de gás no\n“pescoço” da garrafa é igual a",
    "number": 75,
    "id": "UNICAMP_2020_75",
    "alternatives": [
        "a) 1,2x10^5.",
        "b) 3,0x10^3.",
        "c) 1,2x10^-1.",
        "d) 3,0x10^-3."
    ],
    "associated_images": [],
    "answer": "D",
    "has_associated_images": false,
    "alternatives_type": "string",
    "subject": [
        "physics"
    ],
    "DS": true,
    "TU": false,
    "IU": false,
    "MR": true,
    "ML": false,
    "BK": false
}