{
    "question": "A lupa é um instrumento óptico simples formado por uma\núnica lente convergente. Ela é usada desde a\nAntiguidade para observar pequenos objetos e detalhes de\nsuperfícies. A imagem formada pela lupa é direta e virtual.\nQual figura abaixo representa corretamente o traçado dos\nraios luminosos principais provenientes de um determinado\nponto de um objeto observado por uma lupa? Nessas\nfiguras, (f) e (f’) representam os pontos focais, (o) o\nobjeto e (i) a imagem.",
    "number": 78,
    "id": "UNICAMP_2020_78",
    "alternatives": [
        "a)[IMAGE 3]",
        "b)[IMAGE 2]",
        "c)[IMAGE 1]",
        "d)[IMAGE 0]"
    ],
    "associated_images": [
        "imgs/UNICAMP/2020/78/4.jpg",
        "imgs/UNICAMP/2020/78/3.jpg",
        "imgs/UNICAMP/2020/78/2.jpg",
        "imgs/UNICAMP/2020/78/1.jpg"
    ],
    "answer": "A",
    "has_associated_images": true,
    "alternatives_type": "images",
    "subject": [
        "physics"
    ],
    "DS": true,
    "TU": true,
    "IU": true,
    "MR": false,
    "ML": false,
    "BK": false
}