{
    "question": "Em analogia com um circuito elétrico, a transpiração foliar\né regulada pelo conjunto de resistências (medidas em\nsegundos/metro) existentes na rota do vapor d’água entre\nos sítios de evaporação próximos à parede celular no\ninterior da folha e a atmosfera. Simplificadamente, há as\nresistências dos espaços intercelulares de ar (r eia), as\ninduzidas pela presença dos estômatos (r est) e da cutícula\n(r cut) e a promovida pela massa de ar próxima à superfície\ndas folhas (r cl). O esquema abaixo representa as\nresistências mencionadas.\n[IMAGE 0]\nA tabela a seguir apresenta os valores das resistências de\nduas espécies de plantas (espécie 1 e espécie 2).\n[IMAGE 1]\nTendo em vista os dados apresentados e considerando\nque a condutância é o inverso da resistência, assinale a\nalternativa que indica a espécie com menor transpiração e\nsua respectiva condutância total à difusão do vapor d’água\nentre os sítios de evaporação e a atmosfera.",
    "number": 79,
    "id": "UNICAMP_2020_79",
    "alternatives": [
        "a) espécie 1; 48 x 10^-4 m/s.",
        "b) espécie 1; 125 x 10^-4 m/s.",
        "c) espécie 2; 30 x 10^-4 m/s.",
        "d) espécie 2; 200 x 10^-4 m/s."
    ],
    "associated_images": [
        "imgs/UNICAMP/2020/79/0.jpg",
        "imgs/UNICAMP/2020/79/1.jpg"
    ],
    "answer": "B",
    "has_associated_images": true,
    "alternatives_type": "string",
    "subject": [
        "physics"
    ],
    "DS": true,
    "TU": false,
    "IU": true,
    "MR": true,
    "ML": false,
    "BK": false
}