{
    "question": "[IMAGE 0](Disponível em https://www.bbc.com/portuguese/internacional-46502709. Acessado em 30/09/\n2019.)\nA peça publicitária",
    "number": 8,
    "id": "UNICAMP_2020_8",
    "alternatives": [
        "a) questiona se aquele seria o melhor momento para os\npais estarem cientes das ameaças fascistas\ncombatidas pelo Macarthismo. Essa política alterou a\nvida em instituições de ensino norte-americanas,\nproibindo a divulgação de temas ligados à Guerra Fria\ne às ameaças nucleares, de acordo com as diretrizes\ndo Comitê de Atividades Antiamericanas.",
        "b) defende a “injeção” vermelha e comunista nas escolas\ndurante o Macarthismo. Essa política, implementada\nnos Estados Unidos de 1950 a 1957, e inserida no\ncontexto da Guerra Fria, é caracterizada por uma\nacentuada repressão ao comunismo, com a\nparticipação direta do FBI.",
        "c) denuncia a ameaça da “injeção” vermelha e comunista\nnas escolas na Era McCarthy. Essa política foi\nmarcada pela instauração de investigações pelo\ngoverno e por indústrias privadas norte-americanas\ncontra funcionários públicos e da indústria do\nentretenimento acusados de serem liberais.",
        "d) defende que já passou da hora de os pais estarem\ncientes da ameaça comunista combatida pelo\nMacarthismo. Essa política, instaurada no contexto da\nGuerra Fria, foi marcada por violações dos direitos\nindividuais e instauração de inquéritos por parte do\nComitê de Atividades Antiamericanas."
    ],
    "associated_images": [
        "imgs/UNICAMP/2020/8/0.jpg"
    ],
    "answer": "D",
    "has_associated_images": true,
    "alternatives_type": "string",
    "subject": [
        "english"
    ],
    "DS": true,
    "TU": true,
    "IU": true,
    "MR": false,
    "ML": true,
    "BK": false
}