{
    "question": "“(...) as palavras tomam significados distintos daqueles\nutilizados no cotidiano. Por exemplo, utiliza-se, com\nfrequência, nas aulas sobre frações, a frase reduzir ao\nmesmo denominador.\"\n(Edi Jussara Candido Lorensatti, Linguagem matemática e Língua Portuguesa: diálogo\nnecessário na resolução de problemas matemáticos. Conjectura: Filosofia e Educação.\nCaxias do Sul, v. 14, n. 2, p. 91, maio/ago. 2009.)\nCada ciência usa uma linguagem própria e com um grau\nde precisão terminológica necessário para o seu exercício.\nTendo em vista os significados distintos que as palavras\nassumem nas situações concretas em que são\nempregadas, o verbo “reduzir”, no uso cotidiano, significa",
    "number": 80,
    "id": "UNICAMP_2020_80",
    "alternatives": [
        "a) limitar alguma coisa, ao passo que na linguagem\nmatemática é sinônimo de restringir.",
        "b) moderar alguma coisa, ao passo que na linguagem\nmatemática implica aumentar as relações entre os\nnúmeros.",
        "c) eliminar alguma coisa, ao passo que na linguagem\nmatemática implica reverter as relações entre os\nnúmeros.",
        "d) diminuir alguma coisa, ao passo que na linguagem\nmatemática é sinônimo de converter."
    ],
    "associated_images": [],
    "answer": "D",
    "has_associated_images": false,
    "alternatives_type": "string",
    "subject": [
        "portuguese",
        "mathematics"
    ],
    "DS": true,
    "TU": true,
    "IU": false,
    "MR": false,
    "ML": false,
    "BK": false
}