{
    "question": "Que dizer das personagens? Creio que têm a força e ao\nmesmo tempo a fraqueza da caricatura. Mas, pensando\nmelhor, não poderemos também alegar em defesa do\nromancista que a caricatura é uma tendência reconhecida\ne aceita da arte moderna, principalmente da pintura? Não\nhaverá muito de deformação na obra de grandes pintores\ncomo Portinari, Di Cavalcante e Segall – todos eles\ninconformados com a sociedade em que vivem?\n(Adaptado de Erico Verissimo, Prefácio, em Caminhos Cruzados. São Paulo: Companhia das\nLetras, 2016, p. 20-21.)\n[IMAGE 0]\nTarsila do Amaral, A negra, 1923.\nColeção Museu de Arte\nContemporânea da Universidade\nde São Paulo, São Paulo.\nA ideia de deformação aplica-\nse ao quadro de Tarsila e ao\nromance Caminhos cruzados,\nde Érico Veríssimo, porque tal\nprocedimento artístico acentua",
    "number": 81,
    "id": "UNICAMP_2020_81",
    "alternatives": [
        "a) a crítica do modernismo à violência da escravidão e às\ndesigualdades sociais, presentes no quadro e nas\npersonagens do romance, respectivamente.",
        "b) o imaginário da burguesia nacional, pois tanto as\nprotagonistas do romance quanto a imagem da mulher\nnegra retratam os traços característicos das reformas\nsociais do Estado Novo.",
        "c) os princípios estéticos do movimento modernista, pois\nas duas expressões artísticas apresentam-se como\nreflexo dos valores da elite cafeeira paulista.",
        "d) a moral implícita da modernidade, pois o narrador do\nlivro e a representação do corpo negro criticam o\ncomportamento social das personagens femininas no\nséculo XX."
    ],
    "associated_images": [
        "imgs/UNICAMP/2020/81/0.jpg"
    ],
    "answer": "A",
    "has_associated_images": true,
    "alternatives_type": "string",
    "subject": [
        "portuguese",
        "history"
    ],
    "DS": true,
    "TU": true,
    "IU": false,
    "MR": false,
    "ML": false,
    "BK": true
}