{
    "question": "Os imperadores romanos que reinaram no século II\nadministraram um vasto império. Eles se tornaram mais\nabertamente monárquicos e dinásticos, particularmente\nfora de Roma, onde não precisavam se preocupar com os\nhumores do Senado. Emergiu uma corte itinerante que\ncompetia por influência. Comunidades provinciais\nenviavam um embaixador atrás do outro para acompanhar\no imperador onde quer que ele pudesse estar. Poderiam\nencontrar Adriano às margens do Nilo ou supervisionando\na construção da grande muralha que cruzava o norte da\nBritânia; ajudando a projetar seu templo de Vênus diante\ndo Coliseu; fazendo um discurso para soldados na África.\nO império era governado de onde o imperador estivesse.\n(Adaptado de Greg Woolf, Roma. São Paulo: Cultrix, 2017, p. 204.)\nA partir da leitura do texto, assinale a alternativa correta.",
    "number": 82,
    "id": "UNICAMP_2020_82",
    "alternatives": [
        "a) O Senado, composto por notáveis, fazia oposição à\ncentralização do poder do Imperador e garantia a\ncentralidade do governo em Roma e a democratização\ndas decisões governamentais.",
        "b) O Império romano foi marcado pelas disputas de poder\nentre o Imperador e o Senado. Os conflitos entre eles\nacabaram por resultar na diminuição do poder do\nSenado no que diz respeito à administração pública.",
        "c) O Senado, composto por notáveis, apoiava a\ncentralização do poder nas mãos do Imperador. A nova\nestrutura política do Império permitia a mobilidade da\nadministração pública representada pelo Imperador.",
        "d) O Império, governado por militares, opunha-se às\ncomunidades provinciais. Isso levou ao\ndesaparecimento do Senado como instituição\nresponsável pela administração pública."
    ],
    "associated_images": [],
    "answer": "B",
    "has_associated_images": false,
    "alternatives_type": "string",
    "subject": [
        "history"
    ],
    "DS": true,
    "TU": true,
    "IU": false,
    "MR": false,
    "ML": false,
    "BK": false
}