{
    "question": "[IMAGE 0]\nJean-Baptiste Debret, Retrato de\nEl Rei Dom João VI,1817.\nMuseu Nacional de Belas Artes,\nRio de Janeiro.\n[IMAGE 1]\nHyacinthe Rigaud, Retrato de\nLuís XIV, 1701. Museu do\nLouvre, Paris.\nA partir das fontes visuais reproduzidas e de seus\nconhecimentos, assinale a alternativa correta.",
    "number": 86,
    "id": "UNICAMP_2020_86",
    "alternatives": [
        "a) A única monarquia americana precisou afirmar a figura\ndo governante e sua memória política, recorrendo à\nimagética da autoridade real francesa do Antigo\nRegime. Este mecanismo foi enaltecido pela imprensa\ndo liberalismo constitucional.",
        "b) Debret usou o quadro de Rigaud como referência\nvisual e preparou retratos em seu estúdio no Rio de\nJaneiro. Isto era importante, pois a autoridade\nmonárquica joanina assentou-se na liturgia política e\nno pouco uso da violência.",
        "c) O retrato de D. João não foi pintado para ser exposto,\nembora existisse no Rio de Janeiro da época um\ncircuito expositivo de salões de belas artes,\npinacotecas, museus, onde pudesse ser visto. Tais\nespaços foram renomeados na República.",
        "d) O projeto de europeização da corte do Rio de Janeiro\ne a necessidade de afirmar a autoridade de D. João VI\nlevaram a uma política de fomento à imagética do\npoder baseada, aqui, na da monarquia francesa."
    ],
    "associated_images": [
        "imgs/UNICAMP/2020/86/0.jpg",
        "imgs/UNICAMP/2020/86/1.jpg"
    ],
    "answer": "D",
    "has_associated_images": true,
    "alternatives_type": "string",
    "subject": [
        "history"
    ],
    "DS": true,
    "TU": true,
    "IU": true,
    "MR": false,
    "ML": false,
    "BK": true
}