{
    "question": "Os números indicam que antes da abolição de 1888\nrestavam pouco mais de setecentos mil escravos no Brasil.\nConforme estimativa do censo de 1872, elaborada pelo\nIBGE, a população total do país era de 9.930.478\nhabitantes. Isso indica que grande parte da população de\ncor (pretos e pardos) já havia adquirido a liberdade por\nseus próprios meios antes da Lei Áurea.\n(Adaptado de Wlamyra Albuquerque, A vala comum da ‘raça emancipada’: abolição e\nracialização no Brasil, breve comentário. História Social, Campinas, n. 19, p. 99, 2010.)\nCom base no excerto e nos conhecimentos sobre a história\nda liberdade no Brasil, assinale a alternativa correta.",
    "number": 87,
    "id": "UNICAMP_2020_87",
    "alternatives": [
        "a) A maioria da população negra já era liberta antes de\n1888, porque as províncias escravistas do Sudeste,\nalmejando abrirem-se para a imigração italiana,\nvinham adotando medidas abolicionistas desde o fim\ndo tráfico, em 1850.",
        "b) Em termos globais, o grande percentual da população\nlivre de cor reflete o peso demográfico da população\nliberta concentrada nas províncias pouco dependentes\nda escravidão, como Santa Catarina e Paraná.",
        "c) A maioria da população africana e seus descendentes\njá era livre quando a Lei Áurea foi aprovada, porque\nvinha obtendo alforrias através de uma multiplicidade\nde estratégias, desde o período colonial.",
        "d) O alto número de libertos antes de 1888 reflete o\nimpacto da abolição dos escravos por parte do\nImperador D. Pedro II, pois a família real era a maior\nproprietária de cativos durante o século XIX, na região\ndo Vale do Paraíba."
    ],
    "associated_images": [],
    "answer": "C",
    "has_associated_images": false,
    "alternatives_type": "string",
    "subject": [
        "history"
    ],
    "DS": true,
    "TU": true,
    "IU": false,
    "MR": false,
    "ML": false,
    "BK": true
}