{
    "question": "Nuclear fusion is a reaction in which atomic nuclei merge to\nform the nucleus of a new atom. The mass of the new\natom’s nucleus is lower than the sum of the merging\nnuclei’s masses, a difference that is released as energy.\nThis is, for instance, the reaction that occurs in the Sun.\nThe energy released during fusion can be calculated by the\nequation E = Δmc^2, where Δm is the difference between the\ninitial and final masses in the reaction, and c is the speed of\nlight. When calculating the aforementioned energy, nucleus\nmass can be conveniently quantified using the atomic mass\nunit (u), which is roughly equivalent to 900 MeV\n(1 u ➞ 900 MeV). Consider the hypothetical nuclear fusion\nreaction  ²²²X + ⁴Y  ➞  ²²¹Z. Note that the masses of ²²²X, ⁴Y,\nand ²²¹Z are 222 u, 4 u, and 221 u, respectively. The\namount of energy released in this reaction is",
    "number": 9,
    "id": "UNICAMP_2020_9",
    "alternatives": [
        "a) 5 MeV.",
        "b) 450 MeV.",
        "c) 900 MeV.",
        "d) 4500 MeV."
    ],
    "associated_images": [],
    "answer": "D",
    "has_associated_images": false,
    "alternatives_type": "string",
    "subject": [
        "english",
        "physics"
    ],
    "DS": true,
    "TU": true,
    "IU": false,
    "MR": true,
    "ML": true,
    "BK": false
}