{
    "question": "Nas últimas três décadas, vimos o fim de velhas unidades\npolíticas e a emergência de novas: as unificações da\nAlemanha e do Iêmen, a desintegração da\nChecoslováquia, da Iugoslávia e da União Soviética, a\nsecessão de países como Eritreia, Timor-Leste e Kosovo.\nVimos também a expansão de esforços de integração\npolítica e econômica, a absorção de antigos membros do\nPacto de Varsóvia na Otan, o envolvimento de exércitos\nnacionais em esforços da ONU pela manutenção da paz e\na mobilização de outros tantos exércitos na tentativa de\nconter e definir o terrorismo como fenômeno político.\n(Adaptado de Sebastião Nascimento, Vinte anos sem muro em Berlim: novas faces da\nviolência política. Revista Brasileira de Ciências Sociais, São Paulo, v.26, n. 77, out. 2011.)\nSobre esta nova condição histórica e geopolítica\ninternacional, é correto afirmar:",
    "number": 90,
    "id": "UNICAMP_2020_90",
    "alternatives": [
        "a) As décadas que nos separam da queda do Muro de\nBerlim e do fim da Guerra Fria representam um\nperíodo de continuidade das formas e demandas\npolíticas no plano internacional e de manutenção da\ncartografia mundial.",
        "b) A reunificação alemã foi decisiva nesse processo\nglobal. Ela fez desaparecer o maior símbolo da Guerra\nFria na Europa, a Alemanha dividida. A queda do Muro\nde Berlim em 1989 e o 11 de setembro de 2001 são\nmarcos desse processo.",
        "c) Após a descolonização nos anos de 1950 e 1960, a\ndessovietização do mundo nos anos de 1990 reforçou\no imperialismo, compreendido como um sistema de\nEstados nacionais iguais sob o direito internacional.",
        "d) Desde 1989, o Estado nacional democrático alcançou\ntodo o globo com eleições livres, não apenas no Leste\nEuropeu, mas também nos países orientais. Na\nretórica política comum, destaca-se o fenômeno do\nterrorismo atlântico."
    ],
    "associated_images": [],
    "answer": "B",
    "has_associated_images": false,
    "alternatives_type": "string",
    "subject": [
        "history"
    ],
    "DS": true,
    "TU": true,
    "IU": false,
    "MR": false,
    "ML": false,
    "BK": false
}